date,usdzar,gold,prime,repo,overnight_fx,gov_bond,vix,us_10y,cpi,crude_oil,us_inflation,target
1970-01-02,0.7152,NA,NA,NA,NA,NA,NA,7.86,NA,NA,5.83825533848251,0.7147
1970-01-09,0.7154,NA,NA,NA,NA,NA,NA,7.86,NA,NA,5.83825533848251,0.7144
1970-01-16,0.7152,NA,NA,NA,NA,NA,NA,7.75,NA,NA,5.83825533848251,0.7144
1970-01-23,0.7149,NA,NA,NA,NA,NA,NA,7.69,NA,NA,5.83825533848251,0.7134
1970-01-30,0.7147,NA,NA,NA,NA,NA,NA,7.75,NA,NA,5.83825533848251,0.7131
1970-02-06,0.7144,NA,NA,NA,NA,NA,NA,7.36,NA,NA,5.83825533848251,0.7134
1970-02-13,0.7144,NA,NA,NA,NA,NA,NA,7.15,NA,NA,5.83825533848251,0.7134
1970-02-20,0.7134,NA,NA,NA,NA,NA,NA,7.12,NA,NA,5.83825533848251,0.7136
1970-02-27,0.7131,NA,NA,NA,NA,NA,NA,6.9,NA,NA,5.83825533848251,0.7136
1970-03-06,0.7134,NA,NA,NA,NA,NA,NA,6.96,NA,NA,5.83825533848251,0.7131
1970-03-13,0.7134,NA,NA,NA,NA,NA,NA,7.23,NA,NA,5.83825533848251,0.7136
1970-03-20,0.7136,NA,NA,NA,NA,NA,NA,7.06,NA,NA,5.83825533848251,0.7134
1970-03-27,0.7136,NA,NA,NA,NA,NA,NA,6.98,NA,NA,5.83825533848251,0.7134
1970-04-03,0.7131,NA,NA,NA,NA,NA,NA,7.14,NA,NA,5.83825533848251,0.7134
1970-04-10,0.7136,NA,NA,NA,NA,NA,NA,7.17,NA,NA,5.83825533848251,0.7136
1970-04-17,0.7134,NA,NA,NA,NA,NA,NA,7.4,NA,NA,5.83825533848251,0.7134
1970-04-24,0.7134,NA,NA,NA,NA,NA,NA,7.72,NA,NA,5.83825533848251,0.7149
1970-05-01,0.7134,NA,NA,NA,NA,NA,NA,7.85,NA,NA,5.83825533848251,0.7147
1970-05-08,0.7136,NA,NA,NA,NA,NA,NA,7.78,NA,NA,5.83825533848251,0.7154
1970-05-15,0.7134,NA,NA,NA,NA,NA,NA,7.83,NA,NA,5.83825533848251,0.7157
1970-05-22,0.7149,NA,NA,NA,NA,NA,NA,7.99,NA,NA,5.83825533848251,0.7157
1970-05-29,0.7147,NA,NA,NA,NA,NA,NA,7.95,NA,NA,5.83825533848251,0.7165
1970-06-05,0.7154,NA,NA,NA,NA,NA,NA,7.88,NA,NA,5.83825533848251,0.7172
1970-06-12,0.7157,NA,NA,NA,NA,NA,NA,7.98,NA,NA,5.83825533848251,0.7177
1970-06-19,0.7157,NA,NA,NA,NA,NA,NA,7.9,NA,NA,5.83825533848251,0.7183
1970-06-26,0.7165,NA,NA,NA,NA,NA,NA,7.78,NA,NA,5.83825533848251,0.7188
1970-07-03,0.7172,NA,NA,NA,NA,NA,NA,7.55,NA,NA,5.83825533848251,0.718
1970-07-10,0.7177,NA,NA,NA,NA,NA,NA,7.54,NA,NA,5.83825533848251,0.718
1970-07-17,0.7183,NA,NA,NA,NA,NA,NA,7.45,NA,NA,5.83825533848251,0.7185
1970-07-24,0.7188,NA,NA,NA,NA,NA,NA,7.34,NA,NA,5.83825533848251,0.719
1970-07-31,0.718,NA,NA,NA,NA,NA,NA,7.38,NA,NA,5.83825533848251,0.7197
1970-08-07,0.718,NA,NA,NA,NA,NA,NA,7.45,NA,NA,5.83825533848251,0.7198
1970-08-14,0.7185,NA,NA,NA,NA,NA,NA,7.67,NA,NA,5.83825533848251,0.7194
1970-08-21,0.719,NA,NA,NA,NA,NA,NA,7.6,NA,NA,5.83825533848251,0.7194
1970-08-28,0.7197,NA,NA,NA,NA,NA,NA,7.49,NA,NA,5.83825533848251,0.7194
1970-09-04,0.7198,NA,NA,NA,NA,NA,NA,7.47,NA,NA,5.83825533848251,0.7193
1970-09-11,0.7194,NA,NA,NA,NA,NA,NA,7.5,NA,NA,5.83825533848251,0.7193
1970-09-18,0.7194,NA,NA,NA,NA,NA,NA,7.31,NA,NA,5.83825533848251,0.719
1970-09-25,0.7194,NA,NA,NA,NA,NA,NA,7.28,NA,NA,5.83825533848251,0.719
1970-10-02,0.7193,NA,NA,NA,NA,NA,NA,7.26,NA,NA,5.83825533848251,0.7183
1970-10-09,0.7193,NA,NA,NA,NA,NA,NA,7.25,NA,NA,5.83825533848251,0.7177
1970-10-16,0.719,NA,NA,NA,NA,NA,NA,7.31,NA,NA,5.83825533848251,0.7185
1970-10-23,0.719,NA,NA,NA,NA,NA,NA,7.44,NA,NA,5.83825533848251,0.7185
1970-10-30,0.7183,NA,NA,NA,NA,NA,NA,7.33,NA,NA,5.83825533848251,0.7183
1970-11-06,0.7177,NA,NA,NA,NA,NA,NA,7.15,NA,NA,5.83825533848251,0.7188
1970-11-13,0.7185,NA,NA,NA,NA,NA,NA,7,NA,NA,5.83825533848251,0.7185
1970-11-20,0.7185,NA,NA,NA,NA,NA,NA,6.48,NA,NA,5.83825533848251,0.7183
1970-11-27,0.7183,NA,NA,NA,NA,NA,NA,6.48,NA,NA,5.83825533848251,0.7175
1970-12-04,0.7188,NA,NA,NA,NA,NA,NA,6.21,NA,NA,5.83825533848251,0.7172
1970-12-11,0.7185,NA,NA,NA,NA,NA,NA,6.31,NA,NA,5.83825533848251,0.7162
1970-12-18,0.7183,NA,NA,NA,NA,NA,NA,6.33,NA,NA,5.83825533848251,0.7147
1970-12-25,0.7175,NA,NA,NA,NA,NA,NA,6.53,NA,NA,5.83825533848251,0.7126
1971-01-01,0.7172,NA,NA,NA,NA,NA,NA,6.5,NA,NA,4.29276668813051,0.7104
1971-01-08,0.7162,NA,NA,NA,NA,NA,NA,6.44,NA,NA,4.29276668813051,0.7101
1971-01-15,0.7147,NA,NA,NA,NA,NA,NA,6.22,NA,NA,4.29276668813051,0.7106
1971-01-22,0.7126,NA,NA,NA,NA,NA,NA,6.06,NA,NA,4.29276668813051,0.7096
1971-01-29,0.7104,NA,NA,NA,NA,NA,NA,6.09,NA,NA,4.29276668813051,0.7101
1971-02-05,0.7101,NA,NA,NA,NA,NA,NA,6.1,NA,NA,4.29276668813051,0.7101
1971-02-12,0.7106,NA,NA,NA,NA,NA,NA,6.08,NA,NA,4.29276668813051,0.7096
1971-02-19,0.7096,NA,NA,NA,NA,NA,NA,6.12,NA,NA,4.29276668813051,0.7096
1971-02-26,0.7101,NA,NA,NA,NA,NA,NA,6.14,NA,NA,4.29276668813051,0.7098
1971-03-05,0.7101,NA,NA,NA,NA,NA,NA,6.03,NA,NA,4.29276668813051,0.7106
1971-03-12,0.7096,NA,NA,NA,NA,NA,NA,5.72,NA,NA,4.29276668813051,0.7104
1971-03-19,0.7096,NA,NA,NA,NA,NA,NA,5.51,NA,NA,4.29276668813051,0.7096
1971-03-26,0.7098,NA,NA,NA,NA,NA,NA,5.48,NA,NA,4.29276668813051,0.7096
1971-04-02,0.7106,NA,NA,NA,NA,NA,NA,5.6,NA,NA,4.29276668813051,0.7096
1971-04-09,0.7104,NA,NA,NA,NA,NA,NA,5.62,NA,NA,4.29276668813051,0.7096
1971-04-16,0.7096,NA,NA,NA,NA,NA,NA,5.82,NA,NA,4.29276668813051,0.7098
1971-04-23,0.7096,NA,NA,NA,NA,NA,NA,6.01,NA,NA,4.29276668813051,0.7096
1971-04-30,0.7096,NA,NA,NA,NA,NA,NA,6.08,NA,NA,4.29276668813051,0.7096
1971-05-07,0.7096,NA,NA,NA,NA,NA,NA,6.25,NA,NA,4.29276668813051,0.7096
1971-05-14,0.7098,NA,NA,NA,NA,NA,NA,6.49,NA,NA,4.29276668813051,0.7096
1971-05-21,0.7096,NA,NA,NA,NA,NA,NA,6.53,NA,NA,4.29276668813051,0.7096
1971-05-28,0.7096,NA,NA,NA,NA,NA,NA,6.38,NA,NA,4.29276668813051,0.7096
1971-06-04,0.7096,NA,NA,NA,NA,NA,NA,6.26,NA,NA,4.29276668813051,0.7096
1971-06-11,0.7096,NA,NA,NA,NA,NA,NA,6.5,NA,NA,4.29276668813051,0.7098
1971-06-18,0.7096,NA,NA,NA,NA,NA,NA,6.58,NA,NA,4.29276668813051,0.7098
1971-06-25,0.7096,NA,NA,NA,NA,NA,NA,6.62,NA,NA,4.29276668813051,0.7096
1971-07-02,0.7096,NA,NA,NA,NA,NA,NA,6.69,NA,NA,4.29276668813051,0.7098
1971-07-09,0.7098,NA,NA,NA,NA,NA,NA,6.68,NA,NA,4.29276668813051,0.7098
1971-07-16,0.7098,NA,NA,NA,NA,NA,NA,6.66,NA,NA,4.29276668813051,0.7096
1971-07-23,0.7096,NA,NA,NA,NA,NA,NA,6.84,NA,NA,4.29276668813051,0.7096
1971-07-30,0.7098,NA,NA,NA,NA,NA,NA,6.85,NA,NA,4.29276668813051,0.7134
1971-08-06,0.7098,NA,NA,NA,NA,NA,NA,6.86,NA,NA,4.29276668813051,0.7134
1971-08-13,0.7096,NA,NA,NA,NA,NA,NA,6.68,NA,NA,4.29276668813051,0.7134
1971-08-20,0.7096,NA,NA,NA,NA,NA,NA,6.37,NA,NA,4.29276668813051,0.7134
1971-08-27,0.7134,NA,NA,NA,NA,NA,NA,6.33,NA,NA,4.29276668813051,0.7134
1971-09-03,0.7134,NA,NA,NA,NA,NA,NA,6.12,NA,NA,4.29276668813051,0.7134
1971-09-10,0.7134,NA,NA,NA,NA,NA,NA,6.12,NA,NA,4.29276668813051,0.7134
1971-09-17,0.7134,NA,NA,NA,NA,NA,NA,6.13,NA,NA,4.29276668813051,0.7134
1971-09-24,0.7134,NA,NA,NA,NA,NA,NA,6.16,NA,NA,4.29276668813051,0.7134
1971-10-01,0.7134,NA,NA,NA,NA,NA,NA,6,NA,NA,4.29276668813051,0.7134
1971-10-08,0.7134,NA,NA,NA,NA,NA,NA,5.94,NA,NA,4.29276668813051,0.7134
1971-10-15,0.7134,NA,NA,NA,NA,NA,NA,5.9,NA,NA,4.29276668813051,0.7134
1971-10-22,0.7134,NA,NA,NA,NA,NA,NA,5.9,NA,NA,4.29276668813051,0.7134
1971-10-29,0.7134,NA,NA,NA,NA,NA,NA,5.87,NA,NA,4.29276668813051,0.7134
1971-11-05,0.7134,NA,NA,NA,NA,NA,NA,5.72,NA,NA,4.29276668813051,0.7134
1971-11-12,0.7134,NA,NA,NA,NA,NA,NA,5.77,NA,NA,4.29276668813051,0.7134
1971-11-19,0.7134,NA,NA,NA,NA,NA,NA,5.79,NA,NA,4.29276668813051,0.7134
1971-11-26,0.7134,NA,NA,NA,NA,NA,NA,5.94,NA,NA,4.29276668813051,0.7653
1971-12-03,0.7134,NA,NA,NA,NA,NA,NA,5.88,NA,NA,4.29276668813051,0.7653
1971-12-10,0.7134,NA,NA,NA,NA,NA,NA,5.93,NA,NA,4.29276668813051,0.7661
1971-12-17,0.7134,NA,NA,NA,NA,NA,NA,5.93,NA,NA,4.29276668813051,0.7653
1971-12-24,0.7653,NA,NA,NA,NA,NA,NA,5.97,NA,NA,4.29276668813051,0.7574
1971-12-31,0.7653,NA,NA,NA,NA,NA,NA,5.89,NA,NA,4.29276668813051,0.7544
1972-01-07,0.7661,NA,NA,NA,NA,NA,NA,5.88,NA,NA,3.27227824655283,0.7503
1972-01-14,0.7653,NA,NA,NA,NA,NA,NA,5.85,NA,NA,3.27227824655283,0.75
1972-01-21,0.7574,NA,NA,NA,NA,NA,NA,5.99,NA,NA,3.27227824655283,0.75
1972-01-28,0.7544,NA,NA,NA,NA,NA,NA,6.08,NA,NA,3.27227824655283,0.7495
1972-02-04,0.7503,NA,NA,NA,NA,NA,NA,6.08,NA,NA,3.27227824655283,0.7496
1972-02-11,0.75,NA,NA,NA,NA,NA,NA,6.12,NA,NA,3.27227824655283,0.7392
1972-02-18,0.75,NA,NA,NA,NA,NA,NA,6.06,NA,NA,3.27227824655283,0.746
1972-02-25,0.7495,NA,NA,NA,NA,NA,NA,6.06,NA,NA,3.27227824655283,0.7489
1972-03-03,0.7496,NA,NA,NA,NA,NA,NA,6.02,NA,NA,3.27227824655283,0.7468
1972-03-10,0.7392,NA,NA,NA,NA,NA,NA,6.03,NA,NA,3.27227824655283,0.7492
1972-03-17,0.746,NA,NA,NA,NA,NA,NA,6.08,NA,NA,3.27227824655283,0.7486
1972-03-24,0.7489,NA,NA,NA,NA,NA,NA,6.12,NA,NA,3.27227824655283,0.7489
1972-03-31,0.7468,NA,NA,NA,NA,NA,NA,6.12,NA,NA,3.27227824655283,0.7484
1972-04-07,0.7492,NA,NA,NA,NA,NA,NA,6.18,NA,NA,3.27227824655283,0.7484
1972-04-14,0.7486,NA,NA,NA,NA,NA,NA,6.25,NA,NA,3.27227824655283,0.7479
1972-04-21,0.7489,NA,NA,NA,NA,NA,NA,6.2,NA,NA,3.27227824655283,0.7478
1972-04-28,0.7484,NA,NA,NA,NA,NA,NA,6.14,NA,NA,3.27227824655283,0.7482
1972-05-05,0.7484,NA,NA,NA,NA,NA,NA,6.17,NA,NA,3.27227824655283,0.7481
1972-05-12,0.7479,NA,NA,NA,NA,NA,NA,6.16,NA,NA,3.27227824655283,0.7484
1972-05-19,0.7478,NA,NA,NA,NA,NA,NA,6.1,NA,NA,3.27227824655283,0.7516
1972-05-26,0.7482,NA,NA,NA,NA,NA,NA,6.04,NA,NA,3.27227824655283,0.7584
1972-06-02,0.7481,NA,NA,NA,NA,NA,NA,6.09,NA,NA,3.27227824655283,0.7932
1972-06-09,0.7484,NA,NA,NA,NA,NA,NA,6.11,NA,NA,3.27227824655283,0.8016
1972-06-16,0.7516,NA,NA,NA,NA,NA,NA,6.1,NA,NA,3.27227824655283,0.7968
1972-06-23,0.7584,NA,NA,NA,NA,NA,NA,6.1,NA,NA,3.27227824655283,0.7987
1972-06-30,0.7932,NA,NA,NA,NA,NA,NA,6.15,NA,NA,3.27227824655283,0.7973
1972-07-07,0.8016,NA,NA,NA,NA,NA,NA,6.13,NA,NA,3.27227824655283,0.7978
1972-07-14,0.7968,NA,NA,NA,NA,NA,NA,6.1,NA,NA,3.27227824655283,0.7968
1972-07-21,0.7987,NA,NA,NA,NA,NA,NA,6.1,NA,NA,3.27227824655283,0.7968
1972-07-28,0.7973,NA,NA,NA,NA,NA,NA,6.12,NA,NA,3.27227824655283,0.7987
1972-08-04,0.7978,NA,NA,NA,NA,NA,NA,6.16,NA,NA,3.27227824655283,0.7981
1972-08-11,0.7968,NA,NA,NA,NA,NA,NA,6.14,NA,NA,3.27227824655283,0.7981
1972-08-18,0.7968,NA,NA,NA,NA,NA,NA,6.21,NA,NA,3.27227824655283,0.7984
1972-08-25,0.7987,NA,NA,NA,NA,NA,NA,6.26,NA,NA,3.27227824655283,0.7997
1972-09-01,0.7981,NA,NA,NA,NA,NA,NA,6.43,NA,NA,3.27227824655283,0.8068
1972-09-08,0.7981,NA,NA,NA,NA,NA,NA,6.56,NA,NA,3.27227824655283,0.8063
1972-09-15,0.7984,NA,NA,NA,NA,NA,NA,6.56,NA,NA,3.27227824655283,0.8079
1972-09-22,0.7997,NA,NA,NA,NA,NA,NA,6.62,NA,NA,3.27227824655283,0.8157
1972-09-29,0.8068,NA,NA,NA,NA,NA,NA,6.54,NA,NA,3.27227824655283,0.7828
1972-10-06,0.8063,NA,NA,NA,NA,NA,NA,6.52,NA,NA,3.27227824655283,0.7828
1972-10-13,0.8079,NA,NA,NA,NA,NA,NA,6.5,NA,NA,3.27227824655283,0.7828
1972-10-20,0.8157,NA,NA,NA,NA,NA,NA,6.47,NA,NA,3.27227824655283,0.7828
1972-10-27,0.7828,NA,NA,NA,NA,NA,NA,6.42,NA,NA,3.27227824655283,0.7828
1972-11-03,0.7828,NA,NA,NA,NA,NA,NA,6.3,NA,NA,3.27227824655283,0.7828
1972-11-10,0.7828,NA,NA,NA,NA,NA,NA,6.3,NA,NA,3.27227824655283,0.7828
1972-11-17,0.7828,NA,NA,NA,NA,NA,NA,6.24,NA,NA,3.27227824655283,0.7828
1972-11-24,0.7828,NA,NA,NA,NA,NA,NA,6.27,NA,NA,3.27227824655283,0.7828
1972-12-01,0.7828,NA,NA,NA,NA,NA,NA,6.29,NA,NA,3.27227824655283,0.7828
1972-12-08,0.7828,NA,NA,NA,NA,NA,NA,6.32,NA,NA,3.27227824655283,0.7828
1972-12-15,0.7828,NA,NA,NA,NA,NA,NA,6.35,NA,NA,3.27227824655283,0.7828
1972-12-22,0.7828,NA,NA,NA,NA,NA,NA,6.4,NA,NA,3.27227824655283,0.7828
1972-12-29,0.7828,NA,NA,NA,NA,NA,NA,6.41,NA,NA,3.27227824655283,0.7828
1973-01-05,0.7828,NA,NA,NA,NA,NA,NA,6.42,NA,NA,6.17776006377038,0.7828
1973-01-12,0.7828,NA,NA,NA,NA,NA,NA,6.44,NA,NA,6.17776006377038,0.7828
1973-01-19,0.7828,NA,NA,NA,NA,NA,NA,6.49,NA,NA,6.17776006377038,0.7046
1973-01-26,0.7828,NA,NA,NA,NA,NA,NA,6.53,NA,NA,6.17776006377038,0.7046
1973-02-02,0.7828,NA,NA,NA,NA,NA,NA,6.64,NA,NA,6.17776006377038,0.7046
1973-02-09,0.7828,NA,NA,NA,NA,NA,NA,6.63,NA,NA,6.17776006377038,0.7046
1973-02-16,0.7046,NA,NA,NA,NA,NA,NA,6.63,NA,NA,6.17776006377038,0.7046
1973-02-23,0.7046,NA,NA,NA,NA,NA,NA,6.61,NA,NA,6.17776006377038,0.7046
1973-03-02,0.7046,NA,NA,NA,NA,NA,NA,6.67,NA,NA,6.17776006377038,0.7046
1973-03-09,0.7046,NA,NA,NA,NA,NA,NA,6.68,NA,NA,6.17776006377038,0.7046
1973-03-16,0.7046,NA,NA,NA,NA,NA,NA,6.77,NA,NA,6.17776006377038,0.7046
1973-03-23,0.7046,NA,NA,NA,NA,NA,NA,6.76,NA,NA,6.17776006377038,0.7046
1973-03-30,0.7046,NA,NA,NA,NA,NA,NA,6.73,NA,NA,6.17776006377038,0.7046
1973-04-06,0.7046,NA,NA,NA,NA,NA,NA,6.64,NA,NA,6.17776006377038,0.7046
1973-04-13,0.7046,NA,NA,NA,NA,NA,NA,6.63,NA,NA,6.17776006377038,0.7046
1973-04-20,0.7046,NA,NA,NA,NA,NA,NA,6.66,NA,NA,6.17776006377038,0.7046
1973-04-27,0.7046,NA,NA,NA,NA,NA,NA,6.69,NA,NA,6.17776006377038,0.7046
1973-05-04,0.7046,NA,NA,NA,NA,NA,NA,6.79,NA,NA,6.17776006377038,0.7046
1973-05-11,0.7046,NA,NA,NA,NA,NA,NA,6.82,NA,NA,6.17776006377038,0.6712
1973-05-18,0.7046,NA,NA,NA,NA,NA,NA,6.86,NA,NA,6.17776006377038,0.6712
1973-05-25,0.7046,NA,NA,NA,NA,NA,NA,6.91,NA,NA,6.17776006377038,0.6712
1973-06-01,0.7046,NA,NA,NA,NA,NA,NA,6.96,NA,NA,6.17776006377038,0.6712
1973-06-08,0.6712,NA,NA,NA,NA,NA,NA,6.87,NA,NA,6.17776006377038,0.6712
1973-06-15,0.6712,NA,NA,NA,NA,NA,NA,6.86,NA,NA,6.17776006377038,0.6712
1973-06-22,0.6712,NA,NA,NA,NA,NA,NA,6.91,NA,NA,6.17776006377038,0.6712
1973-06-29,0.6712,NA,NA,NA,NA,NA,NA,6.94,NA,NA,6.17776006377038,0.6712
1973-07-06,0.6712,NA,NA,NA,NA,NA,NA,7.03,NA,NA,6.17776006377038,0.6712
1973-07-13,0.6712,NA,NA,NA,NA,NA,NA,7.05,NA,NA,6.17776006377038,0.6712
1973-07-20,0.6712,NA,NA,NA,NA,NA,NA,7.17,NA,NA,6.17776006377038,0.6712
1973-07-27,0.6712,NA,NA,NA,NA,NA,NA,7.35,NA,NA,6.17776006377038,0.6712
1973-08-03,0.6712,NA,NA,NA,NA,NA,NA,7.53,NA,NA,6.17776006377038,0.6712
1973-08-10,0.6712,NA,NA,NA,NA,NA,NA,7.52,NA,NA,6.17776006377038,0.6712
1973-08-17,0.6712,NA,NA,NA,NA,NA,NA,7.28,NA,NA,6.17776006377038,0.6712
1973-08-24,0.6712,NA,NA,NA,NA,NA,NA,7.23,NA,NA,6.17776006377038,0.6712
1973-08-31,0.6712,NA,NA,NA,NA,NA,NA,7.25,NA,NA,6.17776006377038,0.6712
1973-09-07,0.6712,NA,NA,NA,NA,NA,NA,7.11,NA,NA,6.17776006377038,0.6712
1973-09-14,0.6712,NA,NA,NA,NA,NA,NA,7.21,NA,NA,6.17776006377038,0.6712
1973-09-21,0.6712,NA,NA,NA,NA,NA,NA,7.02,NA,NA,6.17776006377038,0.6712
1973-09-28,0.6712,NA,NA,NA,NA,NA,NA,6.9,NA,NA,6.17776006377038,0.6712
1973-10-05,0.6712,NA,NA,NA,NA,NA,NA,6.86,NA,NA,6.17776006377038,0.6712
1973-10-12,0.6712,NA,NA,NA,NA,NA,NA,6.75,NA,NA,6.17776006377038,0.6712
1973-10-19,0.6712,NA,NA,NA,NA,NA,NA,6.8,NA,NA,6.17776006377038,0.6712
1973-10-26,0.6712,NA,NA,NA,NA,NA,NA,6.72,NA,NA,6.17776006377038,0.6712
1973-11-02,0.6712,NA,NA,NA,NA,NA,NA,6.72,NA,NA,6.17776006377038,0.6712
1973-11-09,0.6712,NA,NA,NA,NA,NA,NA,6.76,NA,NA,6.17776006377038,0.6712
1973-11-16,0.6712,NA,NA,NA,NA,NA,NA,6.72,NA,NA,6.17776006377038,0.6712
1973-11-23,0.6712,NA,NA,NA,NA,NA,NA,6.7,NA,NA,6.17776006377038,0.6712
1973-11-30,0.6712,NA,NA,NA,NA,NA,NA,6.69,NA,NA,6.17776006377038,0.6712
1973-12-07,0.6712,NA,NA,NA,NA,NA,NA,6.74,NA,NA,6.17776006377038,0.6712
1973-12-14,0.6712,NA,NA,NA,NA,NA,NA,6.68,NA,NA,6.17776006377038,0.6712
1973-12-21,0.6712,NA,NA,NA,NA,NA,NA,6.78,NA,NA,6.17776006377038,0.6712
1973-12-28,0.6712,NA,NA,NA,NA,NA,NA,6.91,NA,NA,6.17776006377038,0.6712
1974-01-04,0.6712,NA,NA,NA,NA,NA,NA,6.94,NA,NA,11.0548048048048,0.6712
1974-01-11,0.6712,NA,NA,NA,NA,NA,NA,7.01,NA,NA,11.0548048048048,0.6712
1974-01-18,0.6712,NA,NA,NA,NA,NA,NA,6.98,NA,NA,11.0548048048048,0.6712
1974-01-25,0.6712,NA,NA,NA,NA,NA,NA,7.02,NA,NA,11.0548048048048,0.6712
1974-02-01,0.6712,NA,NA,NA,NA,NA,NA,7,NA,NA,11.0548048048048,0.6712
1974-02-08,0.6712,NA,NA,NA,NA,NA,NA,6.93,NA,NA,11.0548048048048,0.6712
1974-02-15,0.6712,NA,NA,NA,NA,NA,NA,6.93,NA,NA,11.0548048048048,0.6712
1974-02-22,0.6712,NA,NA,NA,NA,NA,NA,6.97,NA,NA,11.0548048048048,0.6712
1974-03-01,0.6712,NA,NA,NA,NA,NA,NA,7.08,NA,NA,11.0548048048048,0.6712
1974-03-08,0.6712,NA,NA,NA,NA,NA,NA,7.06,NA,NA,11.0548048048048,0.6712
1974-03-15,0.6712,NA,NA,NA,NA,NA,NA,7.18,NA,NA,11.0548048048048,0.6712
1974-03-22,0.6712,NA,NA,NA,NA,NA,NA,7.35,NA,NA,11.0548048048048,0.6712
1974-03-29,0.6712,NA,NA,NA,NA,NA,NA,7.41,NA,NA,11.0548048048048,0.6712
1974-04-05,0.6712,NA,NA,NA,NA,NA,NA,7.54,NA,NA,11.0548048048048,0.6712
1974-04-12,0.6712,NA,NA,NA,NA,NA,NA,7.45,NA,NA,11.0548048048048,0.6712
1974-04-19,0.6712,NA,NA,NA,NA,NA,NA,7.51,NA,NA,11.0548048048048,0.6712
1974-04-26,0.6712,NA,NA,NA,NA,NA,NA,7.64,NA,NA,11.0548048048048,0.6712
1974-05-03,0.6712,NA,NA,NA,NA,NA,NA,7.65,NA,NA,11.0548048048048,0.6712
1974-05-10,0.6712,NA,NA,NA,NA,NA,NA,7.63,NA,NA,11.0548048048048,0.6712
1974-05-17,0.6712,NA,NA,NA,NA,NA,NA,7.57,NA,NA,11.0548048048048,0.6712
1974-05-24,0.6712,NA,NA,NA,NA,NA,NA,7.49,NA,NA,11.0548048048048,0.6712
1974-05-31,0.6712,NA,NA,NA,NA,NA,NA,7.52,NA,NA,11.0548048048048,0.6667
1974-06-07,0.6712,NA,NA,NA,NA,NA,NA,7.46,NA,NA,11.0548048048048,0.6667
1974-06-14,0.6712,NA,NA,NA,NA,NA,NA,7.5,NA,NA,11.0548048048048,0.6667
1974-06-21,0.6712,NA,NA,NA,NA,NA,NA,7.55,NA,NA,11.0548048048048,0.6667
1974-06-28,0.6667,NA,NA,NA,NA,NA,NA,7.64,NA,NA,11.0548048048048,0.6667
1974-07-05,0.6667,NA,NA,NA,NA,NA,NA,7.71,NA,NA,11.0548048048048,0.6667
1974-07-12,0.6667,NA,NA,NA,NA,NA,NA,7.85,NA,NA,11.0548048048048,0.6667
1974-07-19,0.6667,NA,NA,NA,NA,NA,NA,7.87,NA,NA,11.0548048048048,0.6803
1974-07-26,0.6667,NA,NA,NA,NA,NA,NA,7.79,NA,NA,11.0548048048048,0.6896
1974-08-02,0.6667,NA,NA,NA,NA,NA,NA,7.96,NA,NA,11.0548048048048,0.6896
1974-08-09,0.6667,NA,NA,NA,NA,NA,NA,8.03,NA,NA,11.0548048048048,0.7042
1974-08-16,0.6803,NA,NA,NA,NA,NA,NA,8,NA,NA,11.0548048048048,0.6993
1974-08-23,0.6896,NA,NA,NA,NA,NA,NA,8.15,NA,NA,11.0548048048048,0.6993
1974-08-30,0.6896,NA,NA,NA,NA,NA,NA,8.11,NA,NA,11.0548048048048,0.6993
1974-09-06,0.7042,NA,NA,NA,NA,NA,NA,8.09,NA,NA,11.0548048048048,0.6993
1974-09-13,0.6993,NA,NA,NA,NA,NA,NA,8.13,NA,NA,11.0548048048048,0.6993
1974-09-20,0.6993,NA,NA,NA,NA,NA,NA,8.02,NA,NA,11.0548048048048,0.6993
1974-09-27,0.6993,NA,NA,NA,NA,NA,NA,7.94,NA,NA,11.0548048048048,0.6993
1974-10-04,0.6993,NA,NA,NA,NA,NA,NA,8.02,NA,NA,11.0548048048048,0.6993
1974-10-11,0.6993,NA,NA,NA,NA,NA,NA,7.88,NA,NA,11.0548048048048,0.6993
1974-10-18,0.6993,NA,NA,NA,NA,NA,NA,7.86,NA,NA,11.0548048048048,0.6944
1974-10-25,0.6993,NA,NA,NA,NA,NA,NA,7.86,NA,NA,11.0548048048048,0.6896
1974-11-01,0.6993,NA,NA,NA,NA,NA,NA,7.8,NA,NA,11.0548048048048,0.6896
1974-11-08,0.6993,NA,NA,NA,NA,NA,NA,7.72,NA,NA,11.0548048048048,0.6896
1974-11-15,0.6944,NA,NA,NA,NA,NA,NA,7.61,NA,NA,11.0548048048048,0.6896
1974-11-22,0.6896,NA,NA,NA,NA,NA,NA,7.6,NA,NA,11.0548048048048,0.6896
1974-11-29,0.6896,NA,NA,NA,NA,NA,NA,7.64,NA,NA,11.0548048048048,0.6896
1974-12-06,0.6896,NA,NA,NA,NA,NA,NA,7.59,NA,NA,11.0548048048048,0.6896
1974-12-13,0.6896,NA,NA,NA,NA,NA,NA,7.38,NA,NA,11.0548048048048,0.6896
1974-12-20,0.6896,NA,NA,NA,NA,NA,NA,7.27,NA,NA,11.0548048048048,0.6896
1974-12-27,0.6896,NA,NA,NA,NA,NA,NA,7.39,NA,NA,11.0548048048048,0.6896
1975-01-03,0.6896,NA,NA,NA,NA,NA,NA,7.43,NA,NA,9.14314686496535,0.6803
1975-01-10,0.6896,NA,NA,NA,NA,NA,NA,7.37,NA,NA,9.14314686496535,0.6803
1975-01-17,0.6896,NA,NA,NA,NA,NA,NA,7.53,NA,NA,9.14314686496535,0.6803
1975-01-24,0.6896,NA,NA,NA,NA,NA,NA,7.64,NA,NA,9.14314686496535,0.678
1975-01-31,0.6803,NA,NA,NA,NA,NA,NA,7.53,NA,NA,9.14314686496535,0.6712
1975-02-07,0.6803,NA,NA,NA,NA,NA,NA,7.38,NA,NA,9.14314686496535,0.6712
1975-02-14,0.6803,NA,NA,NA,NA,NA,NA,7.35,NA,NA,9.14314686496535,0.6712
1975-02-21,0.678,NA,NA,NA,NA,NA,NA,7.22,NA,NA,9.14314686496535,0.6712
1975-02-28,0.6712,NA,NA,NA,NA,NA,NA,7.46,NA,NA,9.14314686496535,0.6712
1975-03-07,0.6712,NA,NA,NA,NA,NA,NA,7.52,NA,NA,9.14314686496535,0.6712
1975-03-14,0.6712,NA,NA,NA,NA,NA,NA,7.58,NA,NA,9.14314686496535,0.6803
1975-03-21,0.6712,NA,NA,NA,NA,NA,NA,7.84,NA,NA,9.14314686496535,0.6803
1975-03-28,0.6712,NA,NA,NA,NA,NA,NA,8.08,NA,NA,9.14314686496535,0.6803
1975-04-04,0.6712,NA,NA,NA,NA,NA,NA,8.15,NA,NA,9.14314686496535,0.6803
1975-04-11,0.6803,NA,NA,NA,NA,NA,NA,8.22,NA,NA,9.14314686496535,0.6803
1975-04-18,0.6803,NA,NA,NA,NA,NA,NA,8.27,NA,NA,9.14314686496535,0.6803
1975-04-25,0.6803,NA,NA,NA,NA,NA,NA,8.25,NA,NA,9.14314686496535,0.6803
1975-05-02,0.6803,NA,NA,NA,NA,NA,NA,8.11,NA,NA,9.14314686496535,0.6803
1975-05-09,0.6803,NA,NA,NA,NA,NA,NA,8.08,NA,NA,9.14314686496535,0.6803
1975-05-16,0.6803,NA,NA,NA,NA,NA,NA,8.01,NA,NA,9.14314686496535,0.6803
1975-05-23,0.6803,NA,NA,NA,NA,NA,NA,8.02,NA,NA,9.14314686496535,0.6803
1975-05-30,0.6803,NA,NA,NA,NA,NA,NA,8.04,NA,NA,9.14314686496535,0.7143
1975-06-06,0.6803,NA,NA,NA,NA,NA,NA,7.88,NA,NA,9.14314686496535,0.7143
1975-06-13,0.6803,NA,NA,NA,NA,NA,NA,7.69,NA,NA,9.14314686496535,0.7143
1975-06-20,0.6803,NA,NA,NA,NA,NA,NA,7.94,NA,NA,9.14314686496535,0.7143
1975-06-27,0.7143,NA,NA,NA,NA,NA,NA,7.95,NA,NA,9.14314686496535,0.7143
1975-07-04,0.7143,NA,NA,NA,NA,NA,NA,8.05,NA,NA,9.14314686496535,0.7143
1975-07-11,0.7143,NA,NA,NA,NA,NA,NA,7.99,NA,NA,9.14314686496535,0.7143
1975-07-18,0.7143,NA,NA,NA,NA,NA,NA,8.06,NA,NA,9.14314686496535,0.7143
1975-07-25,0.7143,NA,NA,NA,NA,NA,NA,8.12,NA,NA,9.14314686496535,0.7143
1975-08-01,0.7143,NA,NA,NA,NA,NA,NA,8.26,NA,NA,9.14314686496535,0.7143
1975-08-08,0.7143,NA,NA,NA,NA,NA,NA,8.4,NA,NA,9.14314686496535,0.7143
1975-08-15,0.7143,NA,NA,NA,NA,NA,NA,8.48,NA,NA,9.14314686496535,0.7143
1975-08-22,0.7143,NA,NA,NA,NA,NA,NA,8.46,NA,NA,9.14314686496535,0.7143
1975-08-29,0.7143,NA,NA,NA,NA,NA,NA,8.22,NA,NA,9.14314686496535,0.8696
1975-09-05,0.7143,NA,NA,NA,NA,NA,NA,8.35,NA,NA,9.14314686496535,0.8696
1975-09-12,0.7143,NA,NA,NA,NA,NA,NA,8.57,NA,NA,9.14314686496535,0.8696
1975-09-19,0.7143,NA,NA,NA,NA,NA,NA,8.42,NA,NA,9.14314686496535,0.8696
1975-09-26,0.8696,NA,NA,NA,NA,NA,NA,8.45,NA,NA,9.14314686496535,0.8696
1975-10-03,0.8696,NA,NA,NA,NA,NA,NA,8.33,NA,NA,9.14314686496535,0.8696
1975-10-10,0.8696,NA,NA,NA,NA,NA,NA,8.15,NA,NA,9.14314686496535,0.8696
1975-10-17,0.8696,NA,NA,NA,NA,NA,NA,8.07,NA,NA,9.14314686496535,0.8696
1975-10-24,0.8696,NA,NA,NA,NA,NA,NA,8,NA,NA,9.14314686496535,0.8696
1975-10-31,0.8696,NA,NA,NA,NA,NA,NA,7.91,NA,NA,9.14314686496535,0.8696
1975-11-07,0.8696,NA,NA,NA,NA,NA,NA,7.91,NA,NA,9.14314686496535,0.8696
1975-11-14,0.8696,NA,NA,NA,NA,NA,NA,8.06,NA,NA,9.14314686496535,0.8696
1975-11-21,0.8696,NA,NA,NA,NA,NA,NA,8.21,NA,NA,9.14314686496535,0.8696
1975-11-28,0.8696,NA,NA,NA,NA,NA,NA,8.14,NA,NA,9.14314686496535,0.8696
1975-12-05,0.8696,NA,NA,NA,NA,NA,NA,8.13,NA,NA,9.14314686496535,0.8696
1975-12-12,0.8696,NA,NA,NA,NA,NA,NA,8.12,NA,NA,9.14314686496535,0.8696
1975-12-19,0.8696,NA,NA,NA,NA,NA,NA,7.88,NA,NA,9.14314686496535,0.8696
1975-12-26,0.8696,NA,NA,NA,NA,NA,NA,7.75,NA,NA,9.14314686496535,0.8696
1976-01-02,0.8696,NA,NA,NA,NA,NA,NA,7.77,NA,NA,5.74481263549085,0.8696
1976-01-09,0.8696,NA,NA,NA,NA,NA,NA,7.64,NA,NA,5.74481263549085,0.8696
1976-01-16,0.8696,NA,NA,NA,NA,NA,NA,7.79,NA,NA,5.74481263549085,0.8696
1976-01-23,0.8696,NA,NA,NA,NA,NA,NA,7.78,NA,NA,5.74481263549085,0.8696
1976-01-30,0.8696,NA,NA,NA,NA,NA,NA,7.8,NA,NA,5.74481263549085,0.8696
1976-02-06,0.8696,NA,NA,NA,NA,NA,NA,7.88,NA,NA,5.74481263549085,0.8696
1976-02-13,0.8696,NA,NA,NA,NA,NA,NA,7.82,NA,NA,5.74481263549085,0.8696
1976-02-20,0.8696,NA,NA,NA,NA,NA,NA,7.77,NA,NA,5.74481263549085,0.8696
1976-02-27,0.8696,NA,NA,NA,NA,NA,NA,7.77,NA,NA,5.74481263549085,0.8696
1976-03-05,0.8696,NA,NA,NA,NA,NA,NA,7.8,NA,NA,5.74481263549085,0.8696
1976-03-12,0.8696,NA,NA,NA,NA,NA,NA,7.71,NA,NA,5.74481263549085,0.8696
1976-03-19,0.8696,NA,NA,NA,NA,NA,NA,7.74,NA,NA,5.74481263549085,0.8696
1976-03-26,0.8696,NA,NA,NA,NA,NA,NA,7.64,NA,NA,5.74481263549085,0.8696
1976-04-02,0.8696,NA,NA,NA,NA,NA,NA,7.67,NA,NA,5.74481263549085,0.8696
1976-04-09,0.8696,NA,NA,NA,NA,NA,NA,7.52,NA,NA,5.74481263549085,0.8696
1976-04-16,0.8696,NA,NA,NA,NA,NA,NA,7.47,NA,NA,5.74481263549085,0.8696
1976-04-23,0.8696,NA,NA,NA,NA,NA,NA,7.59,NA,NA,5.74481263549085,0.8696
1976-04-30,0.8696,NA,NA,NA,NA,NA,NA,7.67,NA,NA,5.74481263549085,0.8696
1976-05-07,0.8696,NA,NA,NA,NA,NA,NA,7.87,NA,NA,5.74481263549085,0.8696
1976-05-14,0.8696,NA,NA,NA,NA,NA,NA,7.93,NA,NA,5.74481263549085,0.8696
1976-05-21,0.8696,NA,NA,NA,NA,NA,NA,8,NA,NA,5.74481263549085,0.8696
1976-05-28,0.8696,NA,NA,NA,NA,NA,NA,7.96,NA,NA,5.74481263549085,0.8696
1976-06-04,0.8696,NA,NA,NA,NA,NA,NA,7.89,NA,NA,5.74481263549085,0.8696
1976-06-11,0.8696,NA,NA,NA,NA,NA,NA,7.86,NA,NA,5.74481263549085,0.8696
1976-06-18,0.8696,NA,NA,NA,NA,NA,NA,7.81,NA,NA,5.74481263549085,0.8696
1976-06-25,0.8696,NA,NA,NA,NA,NA,NA,7.83,NA,NA,5.74481263549085,0.8696
1976-07-02,0.8696,NA,NA,NA,NA,NA,NA,7.84,NA,NA,5.74481263549085,0.8696
1976-07-09,0.8696,NA,NA,NA,NA,NA,NA,7.78,NA,NA,5.74481263549085,0.8696
1976-07-16,0.8696,NA,NA,NA,NA,NA,NA,7.83,NA,NA,5.74481263549085,0.8696
1976-07-23,0.8696,NA,NA,NA,NA,NA,NA,7.84,NA,NA,5.74481263549085,0.8696
1976-07-30,0.8696,NA,NA,NA,NA,NA,NA,7.86,NA,NA,5.74481263549085,0.8696
1976-08-06,0.8696,NA,NA,NA,NA,NA,NA,7.84,NA,NA,5.74481263549085,0.8696
1976-08-13,0.8696,NA,NA,NA,NA,NA,NA,7.78,NA,NA,5.74481263549085,0.8696
1976-08-20,0.8696,NA,NA,NA,NA,NA,NA,7.76,NA,NA,5.74481263549085,0.8696
1976-08-27,0.8696,NA,NA,NA,NA,NA,NA,7.72,NA,NA,5.74481263549085,0.8696
1976-09-03,0.8696,NA,NA,NA,NA,NA,NA,7.65,NA,NA,5.74481263549085,0.8696
1976-09-10,0.8696,NA,NA,NA,NA,NA,NA,7.64,NA,NA,5.74481263549085,0.8696
1976-09-17,0.8696,NA,NA,NA,NA,NA,NA,7.49,NA,NA,5.74481263549085,0.8696
1976-09-24,0.8696,NA,NA,NA,NA,NA,NA,7.58,NA,NA,5.74481263549085,0.8696
1976-10-01,0.8696,NA,NA,NA,NA,NA,NA,7.49,NA,NA,5.74481263549085,0.8696
1976-10-08,0.8696,NA,NA,NA,NA,NA,NA,7.38,NA,NA,5.74481263549085,0.8696
1976-10-15,0.8696,NA,NA,NA,NA,NA,NA,7.31,NA,NA,5.74481263549085,0.8696
1976-10-22,0.8696,NA,NA,NA,NA,NA,NA,7.48,NA,NA,5.74481263549085,0.8696
1976-10-29,0.8696,NA,NA,NA,NA,NA,NA,7.42,NA,NA,5.74481263549085,0.8696
1976-11-05,0.8696,NA,NA,NA,NA,NA,NA,7.41,NA,NA,5.74481263549085,0.8696
1976-11-12,0.8696,NA,NA,NA,NA,NA,NA,7.43,NA,NA,5.74481263549085,0.8696
1976-11-19,0.8696,NA,NA,NA,NA,NA,NA,7.24,NA,NA,5.74481263549085,0.8696
1976-11-26,0.8696,NA,NA,NA,NA,NA,NA,6.99,NA,NA,5.74481263549085,0.8696
1976-12-03,0.8696,NA,NA,NA,NA,NA,NA,6.86,NA,NA,5.74481263549085,0.8696
1976-12-10,0.8696,NA,NA,NA,NA,NA,NA,6.82,NA,NA,5.74481263549085,0.8696
1976-12-17,0.8696,NA,NA,NA,NA,NA,NA,6.88,NA,NA,5.74481263549085,0.8696
1976-12-24,0.8696,NA,NA,NA,NA,NA,NA,6.84,NA,NA,5.74481263549085,0.8696
1976-12-31,0.8696,NA,NA,NA,NA,NA,NA,6.81,NA,NA,5.74481263549085,0.8696
1977-01-07,0.8696,NA,NA,NA,NA,NA,NA,7.07,NA,NA,6.5016839947284,0.8696
1977-01-14,0.8696,NA,NA,NA,NA,NA,NA,7.28,NA,NA,6.5016839947284,0.8696
1977-01-21,0.8696,NA,NA,NA,NA,NA,NA,7.28,NA,NA,6.5016839947284,0.8696
1977-01-28,0.8696,NA,NA,NA,NA,NA,NA,7.4,NA,NA,6.5016839947284,0.8696
1977-02-04,0.8696,NA,NA,NA,NA,NA,NA,7.28,NA,NA,6.5016839947284,0.8696
1977-02-11,0.8696,NA,NA,NA,NA,NA,NA,7.36,NA,NA,6.5016839947284,0.8696
1977-02-18,0.8696,NA,NA,NA,NA,NA,NA,7.41,NA,NA,6.5016839947284,0.8696
1977-02-25,0.8696,NA,NA,NA,NA,NA,NA,7.48,NA,NA,6.5016839947284,0.8696
1977-03-04,0.8696,NA,NA,NA,NA,NA,NA,7.48,NA,NA,6.5016839947284,0.8696
1977-03-11,0.8696,NA,NA,NA,NA,NA,NA,7.44,NA,NA,6.5016839947284,0.8696
1977-03-18,0.8696,NA,NA,NA,NA,NA,NA,7.44,NA,NA,6.5016839947284,0.8696
1977-03-25,0.8696,NA,NA,NA,NA,NA,NA,7.48,NA,NA,6.5016839947284,0.8696
1977-04-01,0.8696,NA,NA,NA,NA,NA,NA,7.43,NA,NA,6.5016839947284,0.8696
1977-04-08,0.8696,NA,NA,NA,NA,NA,NA,7.43,NA,NA,6.5016839947284,0.8696
1977-04-15,0.8696,NA,NA,NA,NA,NA,NA,7.25,NA,NA,6.5016839947284,0.8696
1977-04-22,0.8696,NA,NA,NA,NA,NA,NA,7.36,NA,NA,6.5016839947284,0.8696
1977-04-29,0.8696,NA,NA,NA,NA,NA,NA,7.45,NA,NA,6.5016839947284,0.8696
1977-05-06,0.8696,NA,NA,NA,NA,NA,NA,7.5,NA,NA,6.5016839947284,0.8696
1977-05-13,0.8696,NA,NA,NA,NA,NA,NA,7.48,NA,NA,6.5016839947284,0.8696
1977-05-20,0.8696,NA,NA,NA,NA,NA,NA,7.49,NA,NA,6.5016839947284,0.8696
1977-05-27,0.8696,NA,NA,NA,NA,NA,NA,7.38,NA,NA,6.5016839947284,0.8696
1977-06-03,0.8696,NA,NA,NA,NA,NA,NA,7.36,NA,NA,6.5016839947284,0.8696
1977-06-10,0.8696,NA,NA,NA,NA,NA,NA,7.3,NA,NA,6.5016839947284,0.8696
1977-06-17,0.8696,NA,NA,NA,NA,NA,NA,7.24,NA,NA,6.5016839947284,0.8696
1977-06-24,0.8696,NA,NA,NA,NA,NA,NA,7.2,NA,NA,6.5016839947284,0.8696
1977-07-01,0.8696,NA,NA,NA,NA,NA,NA,7.34,NA,NA,6.5016839947284,0.8696
1977-07-08,0.8696,NA,NA,NA,NA,NA,NA,7.31,NA,NA,6.5016839947284,0.8696
1977-07-15,0.8696,NA,NA,NA,NA,NA,NA,7.31,NA,NA,6.5016839947284,0.8696
1977-07-22,0.8696,NA,NA,NA,NA,NA,NA,7.31,NA,NA,6.5016839947284,0.8696
1977-07-29,0.8696,NA,NA,NA,NA,NA,NA,7.42,NA,NA,6.5016839947284,0.8696
1977-08-05,0.8696,NA,NA,NA,NA,NA,NA,7.42,NA,NA,6.5016839947284,0.8696
1977-08-12,0.8696,NA,NA,NA,NA,NA,NA,7.48,NA,NA,6.5016839947284,0.8696
1977-08-19,0.8696,NA,NA,NA,NA,NA,NA,7.4,NA,NA,6.5016839947284,0.8696
1977-08-26,0.8696,NA,NA,NA,NA,NA,NA,7.27,NA,NA,6.5016839947284,0.8696
1977-09-02,0.8696,NA,NA,NA,NA,NA,NA,7.24,NA,NA,6.5016839947284,0.8696
1977-09-09,0.8696,NA,NA,NA,NA,NA,NA,7.36,NA,NA,6.5016839947284,0.8696
1977-09-16,0.8696,NA,NA,NA,NA,NA,NA,7.32,NA,NA,6.5016839947284,0.8696
1977-09-23,0.8696,NA,NA,NA,NA,NA,NA,7.39,NA,NA,6.5016839947284,0.8696
1977-09-30,0.8696,NA,NA,NA,NA,NA,NA,7.41,NA,NA,6.5016839947284,0.8696
1977-10-07,0.8696,NA,NA,NA,NA,NA,NA,7.48,NA,NA,6.5016839947284,0.8696
1977-10-14,0.8696,NA,NA,NA,NA,NA,NA,7.54,NA,NA,6.5016839947284,0.8696
1977-10-21,0.8696,NA,NA,NA,NA,NA,NA,7.55,NA,NA,6.5016839947284,0.8696
1977-10-28,0.8696,NA,NA,NA,NA,NA,NA,7.56,NA,NA,6.5016839947284,0.8696
1977-11-04,0.8696,NA,NA,NA,NA,NA,NA,7.64,NA,NA,6.5016839947284,0.8696
1977-11-11,0.8696,NA,NA,NA,NA,NA,NA,7.59,NA,NA,6.5016839947284,0.8696
1977-11-18,0.8696,NA,NA,NA,NA,NA,NA,7.54,NA,NA,6.5016839947284,0.8696
1977-11-25,0.8696,NA,NA,NA,NA,NA,NA,7.52,NA,NA,6.5016839947284,0.8696
1977-12-02,0.8696,NA,NA,NA,NA,NA,NA,7.59,NA,NA,6.5016839947284,0.8696
1977-12-09,0.8696,NA,NA,NA,NA,NA,NA,7.63,NA,NA,6.5016839947284,0.8696
1977-12-16,0.8696,NA,NA,NA,NA,NA,NA,7.67,NA,NA,6.5016839947284,0.8696
1977-12-23,0.8696,NA,NA,NA,NA,NA,NA,7.75,NA,NA,6.5016839947284,0.8696
1977-12-30,0.8696,NA,NA,NA,NA,NA,NA,7.78,NA,NA,6.5016839947284,0.8696
1978-01-06,0.8696,NA,NA,NA,NA,NA,NA,7.85,NA,NA,7.63096383885606,0.8696
1978-01-13,0.8696,NA,NA,NA,NA,NA,NA,7.98,NA,NA,7.63096383885606,0.8696
1978-01-20,0.8696,NA,NA,NA,NA,NA,NA,7.97,NA,NA,7.63096383885606,0.8696
1978-01-27,0.8696,NA,NA,NA,NA,NA,NA,7.97,NA,NA,7.63096383885606,0.8696
1978-02-03,0.8696,NA,NA,NA,NA,NA,NA,7.97,NA,NA,7.63096383885606,0.8696
1978-02-10,0.8696,NA,NA,NA,NA,NA,NA,8.02,NA,NA,7.63096383885606,0.8696
1978-02-17,0.8696,NA,NA,NA,NA,NA,NA,8.09,NA,NA,7.63096383885606,0.8696
1978-02-24,0.8696,NA,NA,NA,NA,NA,NA,8.04,NA,NA,7.63096383885606,0.8696
1978-03-03,0.8696,NA,NA,NA,NA,NA,NA,8.04,NA,NA,7.63096383885606,0.8696
1978-03-10,0.8696,NA,NA,NA,NA,NA,NA,8,NA,NA,7.63096383885606,0.8696
1978-03-17,0.8696,NA,NA,NA,NA,NA,NA,8,NA,NA,7.63096383885606,0.8696
1978-03-24,0.8696,NA,NA,NA,NA,NA,NA,8.01,NA,NA,7.63096383885606,0.8696
1978-03-31,0.8696,NA,NA,NA,NA,NA,NA,8.15,NA,NA,7.63096383885606,0.8696
1978-04-07,0.8696,NA,NA,NA,NA,NA,NA,8.14,NA,NA,7.63096383885606,0.8696
1978-04-14,0.8696,NA,NA,NA,NA,NA,NA,8.12,NA,NA,7.63096383885606,0.8696
1978-04-21,0.8696,NA,NA,NA,NA,NA,NA,8.16,NA,NA,7.63096383885606,0.8696
1978-04-28,0.8696,NA,NA,NA,NA,NA,NA,8.24,NA,NA,7.63096383885606,0.8696
1978-05-05,0.8696,NA,NA,NA,NA,NA,NA,8.34,NA,NA,7.63096383885606,0.8696
1978-05-12,0.8696,NA,NA,NA,NA,NA,NA,8.36,NA,NA,7.63096383885606,0.8696
1978-05-19,0.8696,NA,NA,NA,NA,NA,NA,8.38,NA,NA,7.63096383885606,0.8696
1978-05-26,0.8696,NA,NA,NA,NA,NA,NA,8.42,NA,NA,7.63096383885606,0.8696
1978-06-02,0.8696,NA,NA,NA,NA,NA,NA,8.39,NA,NA,7.63096383885606,0.8696
1978-06-09,0.8696,NA,NA,NA,NA,NA,NA,8.41,NA,NA,7.63096383885606,0.8696
1978-06-16,0.8696,NA,NA,NA,NA,NA,NA,8.43,NA,NA,7.63096383885606,0.8696
1978-06-23,0.8696,NA,NA,NA,NA,NA,NA,8.55,NA,NA,7.63096383885606,0.8696
1978-06-30,0.8696,NA,NA,NA,NA,NA,NA,8.62,NA,NA,7.63096383885606,0.8696
1978-07-07,0.8696,NA,NA,NA,NA,NA,NA,8.66,NA,NA,7.63096383885606,0.8696
1978-07-14,0.8696,NA,NA,NA,NA,NA,NA,8.68,NA,NA,7.63096383885606,0.8696
1978-07-21,0.8696,NA,NA,NA,NA,NA,NA,8.67,NA,NA,7.63096383885606,0.8696
1978-07-28,0.8696,NA,NA,NA,NA,NA,NA,8.55,NA,NA,7.63096383885606,0.8696
1978-08-04,0.8696,NA,NA,NA,NA,NA,NA,8.38,NA,NA,7.63096383885606,0.8696
1978-08-11,0.8696,NA,NA,NA,NA,NA,NA,8.44,NA,NA,7.63096383885606,0.8696
1978-08-18,0.8696,NA,NA,NA,NA,NA,NA,8.46,NA,NA,7.63096383885606,0.8696
1978-08-25,0.8696,NA,NA,NA,NA,NA,NA,8.34,NA,NA,7.63096383885606,0.8696
1978-09-01,0.8696,NA,NA,NA,NA,NA,NA,8.38,NA,NA,7.63096383885606,0.8696
1978-09-08,0.8696,NA,NA,NA,NA,NA,NA,8.34,NA,NA,7.63096383885606,0.8696
1978-09-15,0.8696,NA,NA,NA,NA,NA,NA,8.35,NA,NA,7.63096383885606,0.8696
1978-09-22,0.8696,NA,NA,NA,NA,NA,NA,8.56,NA,NA,7.63096383885606,0.8696
1978-09-29,0.8696,NA,NA,NA,NA,NA,NA,8.56,NA,NA,7.63096383885606,0.8696
1978-10-06,0.8696,NA,NA,NA,NA,NA,NA,8.58,NA,NA,7.63096383885606,0.8696
1978-10-13,0.8696,NA,NA,NA,NA,NA,NA,8.52,NA,NA,7.63096383885606,0.8696
1978-10-20,0.8696,NA,NA,NA,NA,NA,NA,8.66,NA,NA,7.63096383885606,0.8696
1978-10-27,0.8696,NA,NA,NA,NA,NA,NA,8.78,NA,NA,7.63096383885606,0.8696
1978-11-03,0.8696,NA,NA,NA,NA,NA,NA,8.86,NA,NA,7.63096383885606,0.8696
1978-11-10,0.8696,NA,NA,NA,NA,NA,NA,8.86,NA,NA,7.63096383885606,0.8696
1978-11-17,0.8696,NA,NA,NA,NA,NA,NA,8.72,NA,NA,7.63096383885606,0.8696
1978-11-24,0.8696,NA,NA,NA,NA,NA,NA,8.86,NA,NA,7.63096383885606,0.8696
1978-12-01,0.8696,NA,NA,NA,NA,NA,NA,8.8,NA,NA,7.63096383885606,0.8696
1978-12-08,0.8696,NA,NA,NA,NA,NA,NA,8.9,NA,NA,7.63096383885606,0.8696
1978-12-15,0.8696,NA,NA,NA,NA,NA,NA,9,NA,NA,7.63096383885606,0.8696
1978-12-22,0.8696,NA,NA,NA,NA,NA,NA,9.11,NA,NA,7.63096383885606,0.8696
1978-12-29,0.8696,NA,NA,NA,NA,NA,NA,9.15,NA,NA,7.63096383885606,0.8696
1979-01-05,0.8696,NA,NA,NA,NA,NA,NA,9.1,NA,NA,11.2544711292795,0.8696
1979-01-12,0.8696,NA,NA,NA,NA,NA,NA,9.14,NA,NA,11.2544711292795,0.8547
1979-01-19,0.8696,NA,NA,NA,NA,NA,NA,9.15,NA,NA,11.2544711292795,0.8547
1979-01-26,0.8696,NA,NA,NA,NA,NA,NA,8.93,NA,NA,11.2544711292795,0.8475
1979-02-02,0.8696,NA,NA,NA,NA,NA,NA,8.89,NA,NA,11.2544711292795,0.8452
1979-02-09,0.8547,NA,NA,NA,NA,NA,NA,9.11,NA,NA,11.2544711292795,0.8435
1979-02-16,0.8547,NA,NA,NA,NA,NA,NA,9.11,NA,NA,11.2544711292795,0.8416
1979-02-23,0.8475,NA,NA,NA,NA,NA,NA,9.21,NA,NA,11.2544711292795,0.844
1979-03-02,0.8452,NA,NA,NA,NA,NA,NA,9.16,NA,NA,11.2544711292795,0.8458
1979-03-09,0.8435,NA,NA,NA,NA,NA,NA,9.11,NA,NA,11.2544711292795,0.8469
1979-03-16,0.8416,NA,NA,NA,NA,NA,NA,9.12,NA,NA,11.2544711292795,0.8467
1979-03-23,0.844,NA,NA,NA,NA,NA,NA,9.12,NA,NA,11.2544711292795,0.847
1979-03-30,0.8458,NA,NA,NA,NA,NA,NA,9.11,NA,NA,11.2544711292795,0.8478
1979-04-06,0.8469,NA,NA,NA,NA,NA,NA,9.1,NA,NA,11.2544711292795,0.849
1979-04-13,0.8467,NA,NA,NA,NA,NA,NA,9.2,NA,NA,11.2544711292795,0.8457
1979-04-20,0.847,NA,NA,NA,NA,NA,NA,9.19,NA,NA,11.2544711292795,0.8437
1979-04-27,0.8478,NA,NA,NA,NA,NA,NA,9.32,NA,NA,11.2544711292795,0.8435
1979-05-04,0.849,NA,NA,NA,NA,NA,NA,9.39,NA,NA,11.2544711292795,0.8447
1979-05-11,0.8457,NA,NA,NA,NA,NA,NA,9.34,NA,NA,11.2544711292795,0.845
1979-05-18,0.8437,NA,NA,NA,NA,NA,NA,9.23,NA,NA,11.2544711292795,0.8435
1979-05-25,0.8435,NA,NA,NA,NA,NA,NA,9.01,NA,NA,11.2544711292795,0.8453
1979-06-01,0.8447,NA,NA,NA,NA,NA,NA,9.05,NA,NA,11.2544711292795,0.8477
1979-06-08,0.845,NA,NA,NA,NA,NA,NA,8.9,NA,NA,11.2544711292795,0.847
1979-06-15,0.8435,NA,NA,NA,NA,NA,NA,8.96,NA,NA,11.2544711292795,0.8453
1979-06-22,0.8453,NA,NA,NA,NA,NA,NA,8.98,NA,NA,11.2544711292795,0.8424
1979-06-29,0.8477,NA,NA,NA,NA,NA,NA,8.81,NA,NA,11.2544711292795,0.8376
1979-07-06,0.847,NA,NA,NA,NA,NA,NA,8.82,NA,NA,11.2544711292795,0.8385
1979-07-13,0.8453,NA,NA,NA,NA,NA,NA,8.94,NA,NA,11.2544711292795,0.8381
1979-07-20,0.8424,NA,NA,NA,NA,NA,NA,8.98,NA,NA,11.2544711292795,0.8368
1979-07-27,0.8376,NA,NA,NA,NA,NA,NA,9.02,NA,NA,11.2544711292795,0.8359
1979-08-03,0.8385,NA,NA,NA,NA,NA,NA,8.92,NA,NA,11.2544711292795,0.8368
1979-08-10,0.8381,NA,NA,NA,NA,NA,NA,9,NA,NA,11.2544711292795,0.8332
1979-08-17,0.8368,NA,NA,NA,NA,NA,NA,9.01,NA,NA,11.2544711292795,0.8338
1979-08-24,0.8359,NA,NA,NA,NA,NA,NA,9.14,NA,NA,11.2544711292795,0.8319
1979-08-31,0.8368,NA,NA,NA,NA,NA,NA,9.24,NA,NA,11.2544711292795,0.8284
1979-09-07,0.8332,NA,NA,NA,NA,NA,NA,9.34,NA,NA,11.2544711292795,0.8256
1979-09-14,0.8338,NA,NA,NA,NA,NA,NA,9.29,NA,NA,11.2544711292795,0.828
1979-09-21,0.8319,NA,NA,NA,NA,NA,NA,9.26,NA,NA,11.2544711292795,0.8274
1979-09-28,0.8284,NA,NA,NA,NA,NA,NA,9.44,NA,NA,11.2544711292795,0.8286
1979-10-05,0.8256,NA,NA,NA,NA,NA,NA,9.6,NA,NA,11.2544711292795,0.8294
1979-10-12,0.828,NA,NA,NA,NA,NA,NA,10.15,NA,NA,11.2544711292795,0.8289
1979-10-19,0.8274,NA,NA,NA,NA,NA,NA,10.68,NA,NA,11.2544711292795,0.8301
1979-10-26,0.8286,NA,NA,NA,NA,NA,NA,10.67,NA,NA,11.2544711292795,0.8294
1979-11-02,0.8294,NA,NA,NA,NA,NA,NA,10.84,NA,NA,11.2544711292795,0.8296
1979-11-09,0.8289,NA,NA,NA,NA,NA,NA,10.68,NA,NA,11.2544711292795,0.8274
1979-11-16,0.8301,NA,NA,NA,NA,NA,NA,10.77,NA,NA,11.2544711292795,0.8276
1979-11-23,0.8294,NA,NA,NA,NA,NA,NA,10.51,NA,NA,11.2544711292795,0.827
1979-11-30,0.8296,NA,NA,NA,NA,NA,NA,10.38,NA,NA,11.2544711292795,0.8269
1979-12-07,0.8274,NA,NA,NA,NA,NA,NA,10.3,NA,NA,11.2544711292795,0.8267
1979-12-14,0.8276,NA,NA,NA,NA,NA,NA,10.45,NA,NA,11.2544711292795,0.8231
1979-12-21,0.827,NA,NA,NA,NA,NA,NA,10.39,NA,NA,11.2544711292795,0.8192
1979-12-28,0.8269,NA,NA,NA,NA,NA,NA,10.41,NA,NA,11.2544711292795,0.8177
1980-01-04,0.8267,NA,NA,NA,NA,NA,NA,10.66,NA,35.19,13.5492019749684,0.8183
1980-01-11,0.8231,NA,NA,NA,NA,NA,NA,10.68,NA,35.19,13.5492019749684,0.8173
1980-01-18,0.8192,NA,NA,NA,NA,NA,NA,10.82,NA,35.19,13.5492019749684,0.8144
1980-01-25,0.8177,NA,NA,NA,NA,NA,NA,11.1,NA,35.19,13.5492019749684,0.8102
1980-02-01,0.8183,NA,NA,NA,NA,NA,NA,11.29,NA,35.19,13.5492019749684,0.8075
1980-02-08,0.8173,NA,NA,NA,NA,NA,NA,11.8,NA,35.19,13.5492019749684,0.8085
1980-02-15,0.8144,NA,NA,NA,NA,NA,NA,12.2,NA,35.19,13.5492019749684,0.8095
1980-02-22,0.8102,NA,NA,NA,NA,NA,NA,13.06,NA,35.19,13.5492019749684,0.8096
1980-02-29,0.8075,NA,NA,NA,NA,NA,NA,12.72,NA,35.19,13.5492019749684,0.8098
1980-03-07,0.8085,NA,NA,NA,NA,NA,NA,12.86,NA,35.19,13.5492019749684,0.8099
1980-03-14,0.8095,NA,NA,NA,NA,NA,NA,12.52,NA,35.19,13.5492019749684,0.8081
1980-03-21,0.8096,NA,NA,NA,NA,NA,NA,12.75,NA,35.19,13.5492019749684,0.8065
1980-03-28,0.8098,NA,NA,NA,NA,NA,NA,12.72,NA,35.19,13.5492019749684,0.8031
1980-04-04,0.8099,NA,NA,NA,NA,NA,NA,12.52,NA,35.19,13.5492019749684,0.7995
1980-04-11,0.8081,NA,NA,NA,NA,NA,NA,11.79,NA,35.19,13.5492019749684,0.7932
1980-04-18,0.8065,NA,NA,NA,NA,NA,NA,11.05,NA,35.19,13.5492019749684,0.7902
1980-04-25,0.8031,NA,NA,NA,NA,NA,NA,10.95,NA,35.19,13.5492019749684,0.7852
1980-05-02,0.7995,NA,NA,NA,NA,NA,NA,10.24,NA,35.19,13.5492019749684,0.7828
1980-05-09,0.7932,NA,NA,NA,NA,NA,NA,10.3,NA,35.19,13.5492019749684,0.7788
1980-05-16,0.7902,NA,NA,NA,NA,NA,NA,10.37,NA,35.19,13.5492019749684,0.7745
1980-05-23,0.7852,NA,NA,NA,NA,NA,NA,9.85,NA,35.19,13.5492019749684,0.7732
1980-05-30,0.7828,NA,NA,NA,NA,NA,NA,10.25,NA,35.19,13.5492019749684,0.7707
1980-06-06,0.7788,NA,NA,NA,NA,NA,NA,9.81,NA,35.19,13.5492019749684,0.7688
1980-06-13,0.7745,NA,NA,NA,NA,NA,NA,9.51,NA,35.19,13.5492019749684,0.7645
1980-06-20,0.7732,NA,NA,NA,NA,NA,NA,9.49,NA,35.19,13.5492019749684,0.7637
1980-06-27,0.7707,NA,NA,NA,NA,NA,NA,10.04,NA,35.19,13.5492019749684,0.7605
1980-07-04,0.7688,NA,NA,NA,NA,NA,NA,10.01,NA,35.19,13.5492019749684,0.7639
1980-07-11,0.7645,NA,NA,NA,NA,NA,NA,10.28,NA,35.19,13.5492019749684,0.761
1980-07-18,0.7637,NA,NA,NA,NA,NA,NA,10.2,NA,35.19,13.5492019749684,0.7588
1980-07-25,0.7605,NA,NA,NA,NA,NA,NA,10.35,NA,35.19,13.5492019749684,0.7606
1980-08-01,0.7639,NA,NA,NA,NA,NA,NA,10.76,NA,35.19,13.5492019749684,0.7571
1980-08-08,0.761,NA,NA,NA,NA,NA,NA,10.87,NA,35.19,13.5492019749684,0.7534
1980-08-15,0.7588,NA,NA,NA,NA,NA,NA,10.86,NA,35.19,13.5492019749684,0.7519
1980-08-22,0.7606,NA,NA,NA,NA,NA,NA,11.13,NA,35.19,13.5492019749684,0.7533
1980-08-29,0.7571,NA,NA,NA,NA,NA,NA,11.55,NA,35.19,13.5492019749684,0.7527
1980-09-05,0.7534,NA,NA,NA,NA,NA,NA,11.21,NA,35.19,13.5492019749684,0.7529
1980-09-12,0.7519,NA,NA,NA,NA,NA,NA,11.37,NA,35.19,13.5492019749684,0.7509
1980-09-19,0.7533,NA,NA,NA,NA,NA,NA,11.33,NA,35.19,13.5492019749684,0.7506
1980-09-26,0.7527,NA,NA,NA,NA,NA,NA,11.99,NA,35.19,13.5492019749684,0.7487
1980-10-03,0.7529,NA,NA,NA,NA,NA,NA,11.4,NA,35.19,13.5492019749684,0.7497
1980-10-10,0.7509,NA,NA,NA,NA,NA,NA,11.44,NA,35.19,13.5492019749684,0.7513
1980-10-17,0.7506,NA,NA,NA,NA,NA,NA,11.62,NA,35.19,13.5492019749684,0.7487
1980-10-24,0.7487,NA,NA,NA,NA,NA,NA,11.74,NA,35.19,13.5492019749684,0.7491
1980-10-31,0.7497,NA,NA,NA,NA,NA,NA,12.46,NA,35.19,13.5492019749684,0.7505
1980-11-07,0.7513,NA,NA,NA,NA,NA,NA,12.66,NA,35.19,13.5492019749684,0.7539
1980-11-14,0.7487,NA,NA,NA,NA,NA,NA,12.79,NA,35.19,13.5492019749684,0.7586
1980-11-21,0.7491,NA,NA,NA,NA,NA,NA,12.8,NA,35.19,13.5492019749684,0.7552
1980-11-28,0.7505,NA,NA,NA,NA,NA,NA,12.72,NA,35.19,13.5492019749684,0.7477
1980-12-05,0.7539,NA,NA,NA,NA,NA,NA,12.85,NA,35.19,13.5492019749684,0.7457
1980-12-12,0.7586,NA,NA,NA,NA,NA,NA,13.21,NA,35.19,13.5492019749684,0.745
1980-12-19,0.7552,NA,NA,NA,NA,NA,NA,12.64,NA,35.19,13.5492019749684,0.7507
1980-12-26,0.7477,NA,NA,NA,NA,NA,NA,12.25,NA,35.19,13.5492019749684,0.7492
1981-01-02,0.7457,NA,NA,NA,NA,NA,NA,12.42,NA,34.02,10.3347153402771,0.7582
1981-01-09,0.745,NA,NA,NA,NA,NA,NA,12.57,NA,34.02,10.3347153402771,0.7676
1981-01-16,0.7507,NA,NA,NA,NA,NA,NA,12.53,NA,34.02,10.3347153402771,0.7743
1981-01-23,0.7492,NA,NA,NA,NA,NA,NA,12.84,NA,34.02,10.3347153402771,0.7716
1981-01-30,0.7582,NA,NA,NA,NA,NA,NA,12.68,NA,34.02,10.3347153402771,0.7808
1981-02-06,0.7676,NA,NA,NA,NA,NA,NA,13.09,NA,34.02,10.3347153402771,0.7896
1981-02-13,0.7743,NA,NA,NA,NA,NA,NA,13.65,NA,34.02,10.3347153402771,0.7911
1981-02-20,0.7716,NA,NA,NA,NA,NA,NA,12.9,NA,34.02,10.3347153402771,0.7877
1981-02-27,0.7808,NA,NA,NA,NA,NA,NA,13.43,NA,34.02,10.3347153402771,0.8008
1981-03-06,0.7896,NA,NA,NA,NA,NA,NA,13.2,NA,34.02,10.3347153402771,0.8052
1981-03-13,0.7911,NA,NA,NA,NA,NA,NA,12.86,NA,34.02,10.3347153402771,0.8071
1981-03-20,0.7877,NA,NA,NA,NA,NA,NA,12.77,NA,34.02,10.3347153402771,0.8155
1981-03-27,0.8008,NA,NA,NA,NA,NA,NA,13.36,NA,34.02,10.3347153402771,0.8132
1981-04-03,0.8052,NA,NA,NA,NA,NA,NA,13.4,NA,34.02,10.3347153402771,0.8205
1981-04-10,0.8071,NA,NA,NA,NA,NA,NA,13.59,NA,34.02,10.3347153402771,0.8319
1981-04-17,0.8155,NA,NA,NA,NA,NA,NA,13.79,NA,34.02,10.3347153402771,0.8403
1981-04-24,0.8132,NA,NA,NA,NA,NA,NA,13.88,NA,34.02,10.3347153402771,0.8446
1981-05-01,0.8205,NA,NA,NA,NA,NA,NA,14.05,NA,34.02,10.3347153402771,0.8475
1981-05-08,0.8319,NA,NA,NA,NA,NA,NA,14.23,NA,34.02,10.3347153402771,0.872
1981-05-15,0.8403,NA,NA,NA,NA,NA,NA,14.07,NA,34.02,10.3347153402771,0.8712
1981-05-22,0.8446,NA,NA,NA,NA,NA,NA,13.82,NA,34.02,10.3347153402771,0.8713
1981-05-29,0.8475,NA,NA,NA,NA,NA,NA,13.5,NA,34.02,10.3347153402771,0.8822
1981-06-05,0.872,NA,NA,NA,NA,NA,NA,13.56,NA,34.02,10.3347153402771,0.897
1981-06-12,0.8712,NA,NA,NA,NA,NA,NA,13.35,NA,34.02,10.3347153402771,0.9093
1981-06-19,0.8713,NA,NA,NA,NA,NA,NA,13.46,NA,34.02,10.3347153402771,0.9204
1981-06-26,0.8822,NA,NA,NA,NA,NA,NA,13.69,NA,34.02,10.3347153402771,0.9395
1981-07-03,0.897,NA,NA,NA,NA,NA,NA,13.95,NA,34.02,10.3347153402771,0.9517
1981-07-10,0.9093,NA,NA,NA,NA,NA,NA,13.94,NA,34.02,10.3347153402771,0.9574
1981-07-17,0.9204,NA,NA,NA,NA,NA,NA,14.09,NA,34.02,10.3347153402771,0.9527
1981-07-24,0.9395,NA,NA,NA,NA,NA,NA,14.41,NA,34.02,10.3347153402771,0.9416
1981-07-31,0.9517,NA,NA,NA,NA,NA,NA,14.67,NA,34.02,10.3347153402771,0.9453
1981-08-07,0.9574,NA,NA,NA,NA,NA,NA,14.83,NA,34.02,10.3347153402771,0.9451
1981-08-14,0.9527,NA,NA,NA,NA,NA,NA,14.74,NA,34.02,10.3347153402771,0.9525
1981-08-21,0.9416,NA,NA,NA,NA,NA,NA,14.97,NA,34.02,10.3347153402771,0.9402
1981-08-28,0.9453,NA,NA,NA,NA,NA,NA,15.25,NA,34.02,10.3347153402771,0.9476
1981-09-04,0.9451,NA,NA,NA,NA,NA,NA,15.51,NA,34.02,10.3347153402771,0.9513
1981-09-11,0.9525,NA,NA,NA,NA,NA,NA,15.05,NA,34.02,10.3347153402771,0.9366
1981-09-18,0.9402,NA,NA,NA,NA,NA,NA,14.91,NA,34.02,10.3347153402771,0.9546
1981-09-25,0.9476,NA,NA,NA,NA,NA,NA,15.68,NA,34.02,10.3347153402771,0.9645
1981-10-02,0.9513,NA,NA,NA,NA,NA,NA,15.41,NA,34.02,10.3347153402771,0.9635
1981-10-09,0.9366,NA,NA,NA,NA,NA,NA,14.73,NA,34.02,10.3347153402771,0.9604
1981-10-16,0.9546,NA,NA,NA,NA,NA,NA,14.94,NA,34.02,10.3347153402771,0.9602
1981-10-23,0.9645,NA,NA,NA,NA,NA,NA,15.3,NA,34.02,10.3347153402771,0.9665
1981-10-30,0.9635,NA,NA,NA,NA,NA,NA,14.63,NA,34.02,10.3347153402771,0.9647
1981-11-06,0.9604,NA,NA,NA,NA,NA,NA,13.94,NA,34.02,10.3347153402771,0.9688
1981-11-13,0.9602,NA,NA,NA,NA,NA,NA,13.18,NA,34.02,10.3347153402771,0.98
1981-11-20,0.9665,NA,NA,NA,NA,NA,NA,13.14,NA,34.02,10.3347153402771,0.9688
1981-11-27,0.9647,NA,NA,NA,NA,NA,NA,12.92,NA,34.02,10.3347153402771,0.9627
1981-12-04,0.9688,NA,NA,NA,NA,NA,NA,13.15,NA,34.02,10.3347153402771,0.9572
1981-12-11,0.98,NA,NA,NA,NA,NA,NA,13.84,NA,34.02,10.3347153402771,0.9585
1981-12-18,0.9688,NA,NA,NA,NA,NA,NA,13.51,NA,34.02,10.3347153402771,0.97
1981-12-25,0.9627,NA,NA,NA,NA,NA,NA,14.01,NA,34.02,10.3347153402771,0.9703
1982-01-01,0.9572,NA,NA,NA,NA,NA,NA,13.98,NA,31.59,6.13142700027493,0.9718
1982-01-08,0.9585,NA,NA,NA,NA,NA,NA,14.48,NA,31.59,6.13142700027493,0.9747
1982-01-15,0.97,NA,NA,NA,NA,NA,NA,14.82,NA,31.59,6.13142700027493,0.9837
1982-01-22,0.9703,NA,NA,NA,NA,NA,NA,14.69,NA,31.59,6.13142700027493,0.9758
1982-01-29,0.9718,NA,NA,NA,NA,NA,NA,14.14,NA,31.59,6.13142700027493,0.9799
1982-02-05,0.9747,NA,NA,NA,NA,NA,NA,14.65,NA,31.59,6.13142700027493,0.9785
1982-02-12,0.9837,NA,NA,NA,NA,NA,NA,14.71,NA,31.59,6.13142700027493,1.0176
1982-02-19,0.9758,NA,NA,NA,NA,NA,NA,14.24,NA,31.59,6.13142700027493,1.038
1982-02-26,0.9799,NA,NA,NA,NA,NA,NA,14.03,NA,31.59,6.13142700027493,1.0444
1982-03-05,0.9785,NA,NA,NA,NA,NA,NA,13.59,NA,31.59,6.13142700027493,1.0515
1982-03-12,1.0176,NA,NA,NA,NA,NA,NA,13.97,NA,31.59,6.13142700027493,1.0588
1982-03-19,1.038,NA,NA,NA,NA,NA,NA,13.89,NA,31.59,6.13142700027493,1.0576
1982-03-26,1.0444,NA,NA,NA,NA,NA,NA,14.01,NA,31.59,6.13142700027493,1.0505
1982-04-02,1.0515,NA,NA,NA,NA,NA,NA,14.1,NA,31.59,6.13142700027493,1.0466
1982-04-09,1.0588,NA,NA,NA,NA,NA,NA,13.98,NA,31.59,6.13142700027493,1.0508
1982-04-16,1.0576,NA,NA,NA,NA,NA,NA,13.71,NA,31.59,6.13142700027493,1.0641
1982-04-23,1.0505,NA,NA,NA,NA,NA,NA,13.69,NA,31.59,6.13142700027493,1.0726
1982-04-30,1.0466,NA,NA,NA,NA,NA,NA,13.87,NA,31.59,6.13142700027493,1.0795
1982-05-07,1.0508,NA,NA,NA,NA,NA,NA,13.48,NA,31.59,6.13142700027493,1.0867
1982-05-14,1.0641,NA,NA,NA,NA,NA,NA,13.48,NA,31.59,6.13142700027493,1.0997
1982-05-21,1.0726,NA,NA,NA,NA,NA,NA,13.52,NA,31.59,6.13142700027493,1.1257
1982-05-28,1.0795,NA,NA,NA,NA,NA,NA,13.71,NA,31.59,6.13142700027493,1.1476
1982-06-04,1.0867,NA,NA,NA,NA,NA,NA,13.98,NA,31.59,6.13142700027493,1.145
1982-06-11,1.0997,NA,NA,NA,NA,NA,NA,13.93,NA,31.59,6.13142700027493,1.1575
1982-06-18,1.1257,NA,NA,NA,NA,NA,NA,14.62,NA,31.59,6.13142700027493,1.1549
1982-06-25,1.1476,NA,NA,NA,NA,NA,NA,14.76,NA,31.59,6.13142700027493,1.1371
1982-07-02,1.145,NA,NA,NA,NA,NA,NA,14.5,NA,31.59,6.13142700027493,1.1484
1982-07-09,1.1575,NA,NA,NA,NA,NA,NA,14.03,NA,31.59,6.13142700027493,1.1601
1982-07-16,1.1549,NA,NA,NA,NA,NA,NA,13.7,NA,31.59,6.13142700027493,1.1583
1982-07-23,1.1371,NA,NA,NA,NA,NA,NA,13.56,NA,31.59,6.13142700027493,1.143
1982-07-30,1.1484,NA,NA,NA,NA,NA,NA,13.68,NA,31.59,6.13142700027493,1.1399
1982-08-06,1.1601,NA,NA,NA,NA,NA,NA,13.85,NA,31.59,6.13142700027493,1.1417
1982-08-13,1.1583,NA,NA,NA,NA,NA,NA,13.2,NA,31.59,6.13142700027493,1.1511
1982-08-20,1.143,NA,NA,NA,NA,NA,NA,12.24,NA,31.59,6.13142700027493,1.1507
1982-08-27,1.1399,NA,NA,NA,NA,NA,NA,12.77,NA,31.59,6.13142700027493,1.1523
1982-09-03,1.1417,NA,NA,NA,NA,NA,NA,12.47,NA,31.59,6.13142700027493,1.1557
1982-09-10,1.1511,NA,NA,NA,NA,NA,NA,12.73,NA,31.59,6.13142700027493,1.1547
1982-09-17,1.1507,NA,NA,NA,NA,NA,NA,12.51,NA,31.59,6.13142700027493,1.1575
1982-09-24,1.1523,NA,NA,NA,NA,NA,NA,12.09,NA,31.59,6.13142700027493,1.1586
1982-10-01,1.1557,NA,NA,NA,NA,NA,NA,11.51,NA,31.59,6.13142700027493,1.1678
1982-10-08,1.1547,NA,NA,NA,NA,NA,NA,10.83,NA,31.59,6.13142700027493,1.1582
1982-10-15,1.1575,NA,NA,NA,NA,NA,NA,10.75,NA,31.59,6.13142700027493,1.1444
1982-10-22,1.1586,NA,NA,NA,NA,NA,NA,10.81,NA,31.59,6.13142700027493,1.1307
1982-10-29,1.1678,NA,NA,NA,NA,NA,NA,10.71,NA,31.59,6.13142700027493,1.1201
1982-11-05,1.1582,NA,NA,NA,NA,NA,NA,10.48,NA,31.59,6.13142700027493,1.0909
1982-11-12,1.1444,NA,NA,NA,NA,NA,NA,10.58,NA,31.59,6.13142700027493,1.0896
1982-11-19,1.1307,NA,NA,NA,NA,NA,NA,10.42,NA,31.59,6.13142700027493,1.0854
1982-11-26,1.1201,NA,NA,NA,NA,NA,NA,10.51,NA,31.59,6.13142700027493,1.0823
1982-12-03,1.0909,NA,NA,NA,NA,NA,NA,10.47,NA,31.59,6.13142700027493,1.0743
1982-12-10,1.0896,NA,NA,NA,NA,NA,NA,10.66,NA,31.59,6.13142700027493,1.0708
1982-12-17,1.0854,NA,NA,NA,NA,NA,NA,10.64,NA,31.59,6.13142700027493,1.0617
1982-12-24,1.0823,NA,NA,NA,NA,NA,NA,10.47,NA,31.59,6.13142700027493,1.0588
1982-12-31,1.0743,NA,NA,NA,NA,NA,NA,10.36,NA,31.59,6.13142700027493,1.0671
1983-01-07,1.0708,NA,NA,NA,NA,NA,NA,10.36,NA,28.29,3.21243523316065,1.0729
1983-01-14,1.0617,NA,NA,NA,NA,NA,NA,10.28,NA,28.29,3.21243523316065,1.1209
1983-01-21,1.0588,NA,NA,NA,NA,NA,NA,10.61,NA,28.29,3.21243523316065,1.0926
1983-01-28,1.0671,NA,NA,NA,NA,NA,NA,10.71,NA,28.29,3.21243523316065,1.0796
1983-02-04,1.0729,NA,NA,NA,NA,NA,NA,10.99,NA,28.29,3.21243523316065,1.0905
1983-02-11,1.1209,NA,NA,NA,NA,NA,NA,10.8,NA,28.29,3.21243523316065,1.0879
1983-02-18,1.0926,NA,NA,NA,NA,NA,NA,10.6,NA,28.29,3.21243523316065,1.0857
1983-02-25,1.0796,NA,NA,NA,NA,NA,NA,10.26,NA,28.29,3.21243523316065,1.0902
1983-03-04,1.0905,NA,NA,NA,NA,NA,NA,10.27,NA,28.29,3.21243523316065,1.096
1983-03-11,1.0879,NA,NA,NA,NA,NA,NA,10.59,NA,28.29,3.21243523316065,1.0993
1983-03-18,1.0857,NA,NA,NA,NA,NA,NA,10.58,NA,28.29,3.21243523316065,1.0931
1983-03-25,1.0902,NA,NA,NA,NA,NA,NA,10.64,NA,28.29,3.21243523316065,1.0933
1983-04-01,1.096,NA,NA,NA,NA,NA,NA,10.62,NA,28.29,3.21243523316065,1.0908
1983-04-08,1.0993,NA,NA,NA,NA,NA,NA,10.51,NA,28.29,3.21243523316065,1.0855
1983-04-15,1.0931,NA,NA,NA,NA,NA,NA,10.33,NA,28.29,3.21243523316065,1.0866
1983-04-22,1.0933,NA,NA,NA,NA,NA,NA,10.42,NA,28.29,3.21243523316065,1.0824
1983-04-29,1.0908,NA,NA,NA,NA,NA,NA,10.27,NA,28.29,3.21243523316065,1.0756
1983-05-06,1.0855,NA,NA,NA,NA,NA,NA,10.13,NA,28.29,3.21243523316065,1.0828
1983-05-13,1.0866,NA,NA,NA,NA,NA,NA,10.22,NA,28.29,3.21243523316065,1.087
1983-05-20,1.0824,NA,NA,NA,NA,NA,NA,10.54,NA,28.29,3.21243523316065,1.0965
1983-05-27,1.0756,NA,NA,NA,NA,NA,NA,10.62,NA,28.29,3.21243523316065,1.0921
1983-06-03,1.0828,NA,NA,NA,NA,NA,NA,10.79,NA,28.29,3.21243523316065,1.0926
1983-06-10,1.087,NA,NA,NA,NA,NA,NA,10.89,NA,28.29,3.21243523316065,1.0949
1983-06-17,1.0965,NA,NA,NA,NA,NA,NA,10.68,NA,28.29,3.21243523316065,1.0986
1983-06-24,1.0921,NA,NA,NA,NA,NA,NA,11.02,NA,28.29,3.21243523316065,1.0951
1983-07-01,1.0926,NA,NA,NA,NA,NA,NA,10.93,NA,28.29,3.21243523316065,1.0987
1983-07-08,1.0949,NA,NA,NA,NA,NA,NA,11.33,NA,28.29,3.21243523316065,1.109
1983-07-15,1.0986,NA,NA,NA,NA,NA,NA,11.51,NA,28.29,3.21243523316065,1.1254
1983-07-22,1.0951,NA,NA,NA,NA,NA,NA,11.43,NA,28.29,3.21243523316065,1.1174
1983-07-29,1.0987,NA,NA,NA,NA,NA,NA,11.76,NA,28.29,3.21243523316065,1.1245
1983-08-05,1.109,NA,NA,NA,NA,NA,NA,12.1,NA,28.29,3.21243523316065,1.1272
1983-08-12,1.1254,NA,NA,NA,NA,NA,NA,11.96,NA,28.29,3.21243523316065,1.121
1983-08-19,1.1174,NA,NA,NA,NA,NA,NA,11.72,NA,28.29,3.21243523316065,1.1122
1983-08-26,1.1245,NA,NA,NA,NA,NA,NA,11.65,NA,28.29,3.21243523316065,1.1071
1983-09-02,1.1272,NA,NA,NA,NA,NA,NA,12.01,NA,28.29,3.21243523316065,1.1026
1983-09-09,1.121,NA,NA,NA,NA,NA,NA,11.73,NA,28.29,3.21243523316065,1.1145
1983-09-16,1.1122,NA,NA,NA,NA,NA,NA,11.68,NA,28.29,3.21243523316065,1.1199
1983-09-23,1.1071,NA,NA,NA,NA,NA,NA,11.49,NA,28.29,3.21243523316065,1.1261
1983-09-30,1.1026,NA,NA,NA,NA,NA,NA,11.44,NA,28.29,3.21243523316065,1.1419
1983-10-07,1.1145,NA,NA,NA,NA,NA,NA,11.33,NA,28.29,3.21243523316065,1.1574
1983-10-14,1.1199,NA,NA,NA,NA,NA,NA,11.58,NA,28.29,3.21243523316065,1.1686
1983-10-21,1.1261,NA,NA,NA,NA,NA,NA,11.43,NA,28.29,3.21243523316065,1.1945
1983-10-28,1.1419,NA,NA,NA,NA,NA,NA,11.68,NA,28.29,3.21243523316065,1.2188
1983-11-04,1.1574,NA,NA,NA,NA,NA,NA,11.85,NA,28.29,3.21243523316065,1.1972
1983-11-11,1.1686,NA,NA,NA,NA,NA,NA,11.71,NA,28.29,3.21243523316065,1.2168
1983-11-18,1.1945,NA,NA,NA,NA,NA,NA,11.72,NA,28.29,3.21243523316065,1.2173
1983-11-25,1.2188,NA,NA,NA,NA,NA,NA,11.55,NA,28.29,3.21243523316065,1.2222
1983-12-02,1.1972,NA,NA,NA,NA,NA,NA,11.75,NA,28.29,3.21243523316065,1.2156
1983-12-09,1.2168,NA,NA,NA,NA,NA,NA,11.9,NA,28.29,3.21243523316065,1.2443
1983-12-16,1.2173,NA,NA,NA,NA,NA,NA,11.88,NA,28.29,3.21243523316065,1.2643
1983-12-23,1.2222,NA,NA,NA,NA,NA,NA,11.79,NA,28.29,3.21243523316065,1.246
1983-12-30,1.2156,NA,NA,NA,NA,NA,NA,11.82,NA,28.29,3.21243523316065,1.2662
1984-01-06,1.2443,NA,NA,NA,NA,NA,NA,11.73,NA,27.68,4.30053547523429,1.2346
1984-01-13,1.2643,NA,NA,NA,NA,NA,NA,11.59,NA,27.68,4.30053547523429,1.2487
1984-01-20,1.246,NA,NA,NA,NA,NA,NA,11.64,NA,27.68,4.30053547523429,1.2256
1984-01-27,1.2662,NA,NA,NA,NA,NA,NA,11.63,NA,27.68,4.30053547523429,1.2009
1984-02-03,1.2346,NA,NA,NA,NA,NA,NA,11.6,NA,27.68,4.30053547523429,1.1979
1984-02-10,1.2487,NA,NA,NA,NA,NA,NA,11.83,NA,27.68,4.30053547523429,1.1913
1984-02-17,1.2256,NA,NA,NA,NA,NA,NA,11.92,NA,27.68,4.30053547523429,1.2142
1984-02-24,1.2009,NA,NA,NA,NA,NA,NA,11.99,NA,27.68,4.30053547523429,1.246
1984-03-02,1.1979,NA,NA,NA,NA,NA,NA,11.99,NA,27.68,4.30053547523429,1.2476
1984-03-09,1.1913,NA,NA,NA,NA,NA,NA,12.28,NA,27.68,4.30053547523429,1.2429
1984-03-16,1.2142,NA,NA,NA,NA,NA,NA,12.34,NA,27.68,4.30053547523429,1.2405
1984-03-23,1.246,NA,NA,NA,NA,NA,NA,12.48,NA,27.68,4.30053547523429,1.2457
1984-03-30,1.2476,NA,NA,NA,NA,NA,NA,12.53,NA,27.68,4.30053547523429,1.2524
1984-04-06,1.2429,NA,NA,NA,NA,NA,NA,12.51,NA,27.68,4.30053547523429,1.2535
1984-04-13,1.2405,NA,NA,NA,NA,NA,NA,12.57,NA,27.68,4.30053547523429,1.2886
1984-04-20,1.2457,NA,NA,NA,NA,NA,NA,12.77,NA,27.68,4.30053547523429,1.2866
1984-04-27,1.2524,NA,NA,NA,NA,NA,NA,12.79,NA,27.68,4.30053547523429,1.2798
1984-05-04,1.2535,NA,NA,NA,NA,NA,NA,13.07,NA,27.68,4.30053547523429,1.2868
1984-05-11,1.2886,NA,NA,NA,NA,NA,NA,13.46,NA,27.68,4.30053547523429,1.2866
1984-05-18,1.2866,NA,NA,NA,NA,NA,NA,13.45,NA,27.68,4.30053547523429,1.2979
1984-05-25,1.2798,NA,NA,NA,NA,NA,NA,13.75,NA,27.68,4.30053547523429,1.3207
1984-06-01,1.2868,NA,NA,NA,NA,NA,NA,13.63,NA,27.68,4.30053547523429,1.355
1984-06-08,1.2866,NA,NA,NA,NA,NA,NA,13.46,NA,27.68,4.30053547523429,1.4028
1984-06-15,1.2979,NA,NA,NA,NA,NA,NA,13.21,NA,27.68,4.30053547523429,1.4635
1984-06-22,1.3207,NA,NA,NA,NA,NA,NA,13.74,NA,27.68,4.30053547523429,1.4842
1984-06-29,1.355,NA,NA,NA,NA,NA,NA,13.84,NA,27.68,4.30053547523429,1.5818
1984-07-06,1.4028,NA,NA,NA,NA,NA,NA,13.75,NA,27.68,4.30053547523429,1.5809
1984-07-13,1.4635,NA,NA,NA,NA,NA,NA,13.3,NA,27.68,4.30053547523429,1.5711
1984-07-20,1.4842,NA,NA,NA,NA,NA,NA,13.36,NA,27.68,4.30053547523429,1.5411
1984-07-27,1.5818,NA,NA,NA,NA,NA,NA,12.95,NA,27.68,4.30053547523429,1.5584
1984-08-03,1.5809,NA,NA,NA,NA,NA,NA,12.61,NA,27.68,4.30053547523429,1.5718
1984-08-10,1.5711,NA,NA,NA,NA,NA,NA,12.68,NA,27.68,4.30053547523429,1.6498
1984-08-17,1.5411,NA,NA,NA,NA,NA,NA,12.7,NA,27.68,4.30053547523429,1.6596
1984-08-24,1.5584,NA,NA,NA,NA,NA,NA,12.66,NA,27.68,4.30053547523429,1.7139
1984-08-31,1.5718,NA,NA,NA,NA,NA,NA,12.79,NA,27.68,4.30053547523429,1.6676
1984-09-07,1.6498,NA,NA,NA,NA,NA,NA,12.7,NA,27.68,4.30053547523429,1.6821
1984-09-14,1.6596,NA,NA,NA,NA,NA,NA,12.42,NA,27.68,4.30053547523429,1.7372
1984-09-21,1.7139,NA,NA,NA,NA,NA,NA,12.45,NA,27.68,4.30053547523429,1.7802
1984-09-28,1.6676,NA,NA,NA,NA,NA,NA,12.47,NA,27.68,4.30053547523429,1.8065
1984-10-05,1.6821,NA,NA,NA,NA,NA,NA,12.39,NA,27.68,4.30053547523429,1.8818
1984-10-12,1.7372,NA,NA,NA,NA,NA,NA,12.28,NA,27.68,4.30053547523429,1.7623
1984-10-19,1.7802,NA,NA,NA,NA,NA,NA,11.93,NA,27.68,4.30053547523429,1.7644
1984-10-26,1.8065,NA,NA,NA,NA,NA,NA,11.99,NA,27.68,4.30053547523429,1.7981
1984-11-02,1.8818,NA,NA,NA,NA,NA,NA,11.66,NA,27.68,4.30053547523429,1.8548
1984-11-09,1.7623,NA,NA,NA,NA,NA,NA,11.71,NA,27.68,4.30053547523429,1.8237
1984-11-16,1.7644,NA,NA,NA,NA,NA,NA,11.69,NA,27.68,4.30053547523429,1.8455
1984-11-23,1.7981,NA,NA,NA,NA,NA,NA,11.24,NA,27.68,4.30053547523429,1.948
1984-11-30,1.8548,NA,NA,NA,NA,NA,NA,11.58,NA,27.68,4.30053547523429,1.9829
1984-12-07,1.8237,NA,NA,NA,NA,NA,NA,11.7,NA,27.68,4.30053547523429,2.046
1984-12-14,1.8455,NA,NA,NA,NA,NA,NA,11.56,NA,27.68,4.30053547523429,2.1791
1984-12-21,1.948,NA,NA,NA,NA,NA,NA,11.34,NA,27.68,4.30053547523429,2.2975
1984-12-28,1.9829,NA,NA,NA,NA,NA,NA,11.46,NA,27.68,4.30053547523429,2.2753
1985-01-04,2.046,NA,NA,NA,NA,NA,NA,11.67,NA,27.8,3.54564415209365,1.9777
1985-01-11,2.1791,NA,NA,NA,NA,NA,NA,11.59,NA,27.8,3.54564415209365,1.8416
1985-01-18,2.2975,NA,NA,NA,NA,NA,NA,11.39,NA,27.8,3.54564415209365,1.8975
1985-01-25,2.2753,NA,NA,NA,NA,NA,NA,11.11,NA,27.8,3.54564415209365,2.0619
1985-02-01,1.9777,NA,NA,NA,NA,NA,NA,11.29,NA,27.8,3.54564415209365,2.0538
1985-02-08,1.8416,NA,NA,NA,NA,NA,NA,11.37,NA,27.8,3.54564415209365,2.0619
1985-02-15,1.8975,NA,NA,NA,NA,NA,NA,11.38,NA,27.8,3.54564415209365,2.0576
1985-02-22,2.0619,NA,NA,NA,NA,NA,NA,11.76,NA,27.8,3.54564415209365,1.952
1985-03-01,2.0538,NA,NA,NA,NA,NA,NA,11.86,NA,27.8,3.54564415209365,1.873
1985-03-08,2.0619,NA,NA,NA,NA,NA,NA,11.71,NA,27.8,3.54564415209365,1.9794
1985-03-15,2.0576,NA,NA,NA,NA,NA,NA,11.93,NA,27.8,3.54564415209365,1.879
1985-03-22,1.952,NA,NA,NA,NA,NA,NA,11.88,NA,27.8,3.54564415209365,1.9029
1985-03-29,1.873,NA,NA,NA,NA,NA,NA,11.65,NA,27.8,3.54564415209365,1.9474
1985-04-05,1.9794,NA,NA,NA,NA,NA,NA,11.75,NA,27.8,3.54564415209365,1.9841
1985-04-12,1.879,NA,NA,NA,NA,NA,NA,11.43,NA,27.8,3.54564415209365,1.998
1985-04-19,1.9029,NA,NA,NA,NA,NA,NA,11.16,NA,27.8,3.54564415209365,2.002
1985-04-26,1.9474,NA,NA,NA,NA,NA,NA,11.35,NA,27.8,3.54564415209365,1.9822
1985-05-03,1.9841,NA,NA,NA,NA,NA,NA,11.21,NA,27.8,3.54564415209365,1.9908
1985-05-10,1.998,NA,NA,NA,NA,NA,NA,11.04,NA,27.8,3.54564415209365,1.9912
1985-05-17,2.002,NA,NA,NA,NA,NA,NA,10.84,NA,27.8,3.54564415209365,1.9765
1985-05-24,1.9822,NA,NA,NA,NA,NA,NA,10.57,NA,27.8,3.54564415209365,1.9712
1985-05-31,1.9908,NA,NA,NA,NA,NA,NA,10.28,NA,27.8,3.54564415209365,1.9701
1985-06-07,1.9912,NA,NA,NA,NA,NA,NA,10.19,NA,27.8,3.54564415209365,1.9788
1985-06-14,1.9765,NA,NA,NA,NA,NA,NA,9.98,NA,27.8,3.54564415209365,1.9141
1985-06-21,1.9712,NA,NA,NA,NA,NA,NA,10.34,NA,27.8,3.54564415209365,1.8992
1985-06-28,1.9701,NA,NA,NA,NA,NA,NA,10.25,NA,27.8,3.54564415209365,2.0367
1985-07-05,1.9788,NA,NA,NA,NA,NA,NA,9.93,NA,27.8,3.54564415209365,2.2002
1985-07-12,1.9141,NA,NA,NA,NA,NA,NA,10.23,NA,27.8,3.54564415209365,2.1231
1985-07-19,1.8992,NA,NA,NA,NA,NA,NA,10.34,NA,27.8,3.54564415209365,2.3121
1985-07-26,2.0367,NA,NA,NA,NA,NA,NA,10.59,NA,27.8,3.54564415209365,2.5126
1985-08-02,2.2002,NA,NA,NA,NA,NA,NA,10.66,NA,27.8,3.54564415209365,2.7739
1985-08-09,2.1231,NA,NA,NA,NA,NA,NA,10.37,NA,27.8,3.54564415209365,2.5873
1985-08-16,2.3121,NA,NA,NA,NA,NA,NA,10.26,NA,27.8,3.54564415209365,2.457
1985-08-23,2.5126,NA,NA,NA,NA,NA,NA,10.14,NA,27.8,3.54564415209365,2.635
1985-08-30,2.7739,NA,NA,NA,NA,NA,NA,10.28,NA,27.8,3.54564415209365,2.5063
1985-09-06,2.5873,NA,NA,NA,NA,NA,NA,10.5,NA,27.8,3.54564415209365,2.5316
1985-09-13,2.457,NA,NA,NA,NA,NA,NA,10.4,NA,27.8,3.54564415209365,2.6357
1985-09-20,2.635,NA,NA,NA,NA,NA,NA,10.36,NA,27.8,3.54564415209365,2.5575
1985-09-27,2.5063,NA,NA,NA,NA,NA,NA,10.22,NA,27.8,3.54564415209365,2.59
1985-10-04,2.5316,NA,NA,NA,NA,NA,NA,10.36,NA,27.8,3.54564415209365,2.584
1985-10-11,2.6357,NA,NA,NA,NA,NA,NA,10.34,NA,27.8,3.54564415209365,2.6738
1985-10-18,2.5575,NA,NA,NA,NA,NA,NA,10.17,NA,27.8,3.54564415209365,2.6824
1985-10-25,2.59,NA,NA,NA,NA,NA,NA,10.21,NA,27.8,3.54564415209365,2.6774
1985-11-01,2.584,NA,NA,NA,NA,NA,NA,9.98,NA,27.8,3.54564415209365,2.6896
1985-11-08,2.6738,NA,NA,NA,NA,NA,NA,9.84,NA,27.8,3.54564415209365,2.7663
1985-11-15,2.6824,NA,NA,NA,NA,NA,NA,9.92,NA,27.8,3.54564415209365,2.6212
1985-11-22,2.6774,NA,NA,NA,NA,NA,NA,9.66,NA,27.8,3.54564415209365,2.6788
1985-11-29,2.6896,NA,NA,NA,NA,NA,NA,9.59,NA,27.8,3.54564415209365,2.6638
1985-12-06,2.7663,NA,NA,NA,NA,NA,NA,9.65,NA,27.8,3.54564415209365,2.54
1985-12-13,2.6212,NA,NA,NA,NA,NA,NA,9.21,NA,27.8,3.54564415209365,2.3889
1985-12-20,2.6788,NA,NA,NA,NA,NA,NA,9.04,NA,27.8,3.54564415209365,2.2936
1985-12-27,2.6638,NA,NA,NA,NA,NA,NA,8.99,NA,27.8,3.54564415209365,2.2619
1986-01-03,2.54,NA,NA,NA,NA,NA,NA,9.05,NA,17.84,1.89804772234276,2.2831
1986-01-10,2.3889,NA,NA,NA,NA,NA,NA,9.39,NA,17.84,1.89804772234276,2.1482
1986-01-17,2.2936,NA,NA,NA,NA,NA,NA,9.24,NA,17.84,1.89804772234276,2.0986
1986-01-24,2.2619,NA,NA,NA,NA,NA,NA,9.23,NA,17.84,1.89804772234276,2.0182
1986-01-31,2.2831,NA,NA,NA,NA,NA,NA,9.08,NA,17.84,1.89804772234276,1.9841
1986-02-07,2.1482,NA,NA,NA,NA,NA,NA,9.11,NA,17.84,1.89804772234276,1.9932
1986-02-14,2.0986,NA,NA,NA,NA,NA,NA,8.68,NA,17.84,1.89804772234276,1.9845
1986-02-21,2.0182,NA,NA,NA,NA,NA,NA,8.48,NA,17.84,1.89804772234276,2.0825
1986-02-28,1.9841,NA,NA,NA,NA,NA,NA,8.13,NA,17.84,1.89804772234276,2.103
1986-03-07,1.9932,NA,NA,NA,NA,NA,NA,7.96,NA,17.84,1.89804772234276,2.1119
1986-03-14,1.9845,NA,NA,NA,NA,NA,NA,7.72,NA,17.84,1.89804772234276,2.0346
1986-03-21,2.0825,NA,NA,NA,NA,NA,NA,7.8,NA,17.84,1.89804772234276,1.9948
1986-03-28,2.103,NA,NA,NA,NA,NA,NA,7.49,NA,17.84,1.89804772234276,2.0421
1986-04-04,2.1119,NA,NA,NA,NA,NA,NA,7.45,NA,17.84,1.89804772234276,2.0747
1986-04-11,2.0346,NA,NA,NA,NA,NA,NA,7.29,NA,17.84,1.89804772234276,2.1039
1986-04-18,1.9948,NA,NA,NA,NA,NA,NA,7.09,NA,17.84,1.89804772234276,2.1668
1986-04-25,2.0421,NA,NA,NA,NA,NA,NA,7.58,NA,17.84,1.89804772234276,2.2406
1986-05-02,2.0747,NA,NA,NA,NA,NA,NA,7.51,NA,17.84,1.89804772234276,2.3447
1986-05-09,2.1039,NA,NA,NA,NA,NA,NA,7.48,NA,17.84,1.89804772234276,2.5031
1986-05-16,2.1668,NA,NA,NA,NA,NA,NA,7.99,NA,17.84,1.89804772234276,2.764
1986-05-23,2.2406,NA,NA,NA,NA,NA,NA,7.84,NA,17.84,1.89804772234276,2.457
1986-05-30,2.3447,NA,NA,NA,NA,NA,NA,8.05,NA,17.84,1.89804772234276,2.5013
1986-06-06,2.5031,NA,NA,NA,NA,NA,NA,7.95,NA,17.84,1.89804772234276,2.5126
1986-06-13,2.764,NA,NA,NA,NA,NA,NA,7.73,NA,17.84,1.89804772234276,2.578
1986-06-20,2.457,NA,NA,NA,NA,NA,NA,7.6,NA,17.84,1.89804772234276,2.5853
1986-06-27,2.5013,NA,NA,NA,NA,NA,NA,7.38,NA,17.84,1.89804772234276,2.5543
1986-07-04,2.5126,NA,NA,NA,NA,NA,NA,7.31,NA,17.84,1.89804772234276,2.5265
1986-07-11,2.578,NA,NA,NA,NA,NA,NA,7.3,NA,17.84,1.89804772234276,2.6212
1986-07-18,2.5853,NA,NA,NA,NA,NA,NA,7.16,NA,17.84,1.89804772234276,2.5806
1986-07-25,2.5543,NA,NA,NA,NA,NA,NA,7.33,NA,17.84,1.89804772234276,2.5913
1986-08-01,2.5265,NA,NA,NA,NA,NA,NA,7.34,NA,17.84,1.89804772234276,2.5826
1986-08-08,2.6212,NA,NA,NA,NA,NA,NA,7.3,NA,17.84,1.89804772234276,2.3585
1986-08-15,2.5806,NA,NA,NA,NA,NA,NA,7.14,NA,17.84,1.89804772234276,2.3674
1986-08-22,2.5913,NA,NA,NA,NA,NA,NA,7.07,NA,17.84,1.89804772234276,2.2198
1986-08-29,2.5826,NA,NA,NA,NA,NA,NA,6.95,NA,17.84,1.89804772234276,2.2422
1986-09-05,2.3585,NA,NA,NA,NA,NA,NA,7.32,NA,17.84,1.89804772234276,2.2143
1986-09-12,2.3674,NA,NA,NA,NA,NA,NA,7.63,NA,17.84,1.89804772234276,2.2336
1986-09-19,2.2198,NA,NA,NA,NA,NA,NA,7.67,NA,17.84,1.89804772234276,2.2497
1986-09-26,2.2422,NA,NA,NA,NA,NA,NA,7.47,NA,17.84,1.89804772234276,2.2722
1986-10-03,2.2143,NA,NA,NA,NA,NA,NA,7.31,NA,17.84,1.89804772234276,2.2831
1986-10-10,2.2336,NA,NA,NA,NA,NA,NA,7.36,NA,17.84,1.89804772234276,2.2655
1986-10-17,2.2497,NA,NA,NA,NA,NA,NA,7.57,NA,17.84,1.89804772234276,2.2297
1986-10-24,2.2722,NA,NA,NA,NA,NA,NA,7.47,NA,17.84,1.89804772234276,2.2346
1986-10-31,2.2831,NA,NA,NA,NA,NA,NA,7.34,NA,17.84,1.89804772234276,2.2247
1986-11-07,2.2655,NA,NA,NA,NA,NA,NA,7.4,NA,17.84,1.89804772234276,2.2178
1986-11-14,2.2297,NA,NA,NA,NA,NA,NA,7.29,NA,17.84,1.89804772234276,2.2364
1986-11-21,2.2346,NA,NA,NA,NA,NA,NA,7.17,NA,17.84,1.89804772234276,2.2309
1986-11-28,2.2247,NA,NA,NA,NA,NA,NA,7.15,NA,17.84,1.89804772234276,2.22
1986-12-05,2.2178,NA,NA,NA,NA,NA,NA,7.12,NA,17.84,1.89804772234276,2.1601
1986-12-12,2.2364,NA,NA,NA,NA,NA,NA,7.13,NA,17.84,1.89804772234276,2.1406
1986-12-19,2.2309,NA,NA,NA,NA,NA,NA,7.1,NA,17.84,1.89804772234276,2.0582
1986-12-26,2.22,NA,NA,NA,NA,NA,NA,7.08,NA,17.84,1.89804772234276,2.074
1987-01-02,2.1601,NA,NA,NA,NA,NA,NA,7.18,NA,19.65,3.6645632175169,2.0431
1987-01-09,2.1406,NA,NA,NA,NA,NA,NA,7.01,NA,19.65,3.6645632175169,2.0942
1987-01-16,2.0582,NA,NA,NA,NA,NA,NA,7.03,NA,19.65,3.6645632175169,2.0931
1987-01-23,2.074,NA,NA,NA,NA,NA,NA,7.06,NA,19.65,3.6645632175169,2.0805
1987-01-30,2.0431,NA,NA,NA,NA,NA,NA,7.18,NA,19.65,3.6645632175169,2.0749
1987-02-06,2.0942,NA,NA,NA,NA,NA,NA,7.19,NA,19.65,3.6645632175169,2.0762
1987-02-13,2.0931,NA,NA,NA,NA,NA,NA,7.28,NA,19.65,3.6645632175169,2.0914
1987-02-20,2.0805,NA,NA,NA,NA,NA,NA,7.24,NA,19.65,3.6645632175169,2.0775
1987-02-27,2.0749,NA,NA,NA,NA,NA,NA,7.19,NA,19.65,3.6645632175169,2.0477
1987-03-06,2.0762,NA,NA,NA,NA,NA,NA,7.23,NA,19.65,3.6645632175169,2.0348
1987-03-13,2.0914,NA,NA,NA,NA,NA,NA,7.19,NA,19.65,3.6645632175169,2.0208
1987-03-20,2.0775,NA,NA,NA,NA,NA,NA,7.22,NA,19.65,3.6645632175169,2.0107
1987-03-27,2.0477,NA,NA,NA,NA,NA,NA,7.33,NA,19.65,3.6645632175169,2.0034
1987-04-03,2.0348,NA,NA,NA,NA,NA,NA,7.59,NA,19.65,3.6645632175169,1.9974
1987-04-10,2.0208,NA,NA,NA,NA,NA,NA,7.98,NA,19.65,3.6645632175169,2.0054
1987-04-17,2.0107,NA,NA,NA,NA,NA,NA,8.03,NA,19.65,3.6645632175169,1.9994
1987-04-24,2.0034,NA,NA,NA,NA,NA,NA,8.47,NA,19.65,3.6645632175169,1.9914
1987-05-01,1.9974,NA,NA,NA,NA,NA,NA,8.39,NA,19.65,3.6645632175169,2.0249
1987-05-08,2.0054,NA,NA,NA,NA,NA,NA,8.43,NA,19.65,3.6645632175169,2.0082
1987-05-15,1.9994,NA,NA,NA,NA,NA,NA,8.8,NA,19.65,3.6645632175169,2.001
1987-05-22,1.9914,NA,NA,NA,NA,NA,NA,8.78,NA,19.65,3.6645632175169,2.0159
1987-05-29,2.0249,NA,NA,NA,NA,NA,NA,8.49,NA,19.65,3.6645632175169,2.0502
1987-06-05,2.0082,NA,NA,NA,NA,NA,NA,8.5,NA,19.65,3.6645632175169,2.0536
1987-06-12,2.001,NA,NA,NA,NA,NA,NA,8.32,NA,19.65,3.6645632175169,2.0519
1987-06-19,2.0159,NA,NA,NA,NA,NA,NA,8.3,NA,19.65,3.6645632175169,2.0633
1987-06-26,2.0502,NA,NA,NA,NA,NA,NA,8.37,NA,19.65,3.6645632175169,2.0706
1987-07-03,2.0536,NA,NA,NA,NA,NA,NA,8.3,NA,19.65,3.6645632175169,2.0663
1987-07-10,2.0519,NA,NA,NA,NA,NA,NA,8.32,NA,19.65,3.6645632175169,2.0745
1987-07-17,2.0633,NA,NA,NA,NA,NA,NA,8.36,NA,19.65,3.6645632175169,2.1162
1987-07-24,2.0706,NA,NA,NA,NA,NA,NA,8.58,NA,19.65,3.6645632175169,2.0646
1987-07-31,2.0663,NA,NA,NA,NA,NA,NA,8.66,NA,19.65,3.6645632175169,2.0448
1987-08-07,2.0745,NA,NA,NA,NA,NA,NA,8.7,NA,19.65,3.6645632175169,2.0208
1987-08-14,2.1162,NA,NA,NA,NA,NA,NA,8.58,NA,19.65,3.6645632175169,2.0373
1987-08-21,2.0646,NA,NA,NA,NA,NA,NA,8.77,NA,19.65,3.6645632175169,2.0435
1987-08-28,2.0448,NA,NA,NA,NA,NA,NA,9.02,NA,19.65,3.6645632175169,2.054
1987-09-04,2.0208,NA,NA,NA,NA,NA,NA,9.3,NA,19.65,3.6645632175169,2.0762
1987-09-11,2.0373,NA,NA,NA,NA,NA,NA,9.33,NA,19.65,3.6645632175169,2.0549
1987-09-18,2.0435,NA,NA,NA,NA,NA,NA,9.38,NA,19.65,3.6645632175169,2.0414
1987-09-25,2.054,NA,NA,NA,NA,NA,NA,9.53,NA,19.65,3.6645632175169,2.0494
1987-10-02,2.0762,NA,NA,NA,NA,NA,NA,9.6,NA,19.65,3.6645632175169,2.0143
1987-10-09,2.0549,NA,NA,NA,NA,NA,NA,9.94,NA,19.65,3.6645632175169,1.9564
1987-10-16,2.0414,NA,NA,NA,NA,NA,NA,10.23,NA,19.65,3.6645632175169,1.9847
1987-10-23,2.0494,NA,NA,NA,NA,NA,NA,8.98,NA,19.65,3.6645632175169,1.973
1987-10-30,2.0143,NA,NA,NA,NA,NA,NA,8.88,NA,19.65,3.6645632175169,1.9545
1987-11-06,1.9564,NA,NA,NA,NA,NA,NA,8.76,NA,19.65,3.6645632175169,1.9788
1987-11-13,1.9847,NA,NA,NA,NA,NA,NA,8.84,NA,19.65,3.6645632175169,1.9417
1987-11-20,1.973,NA,NA,NA,NA,NA,NA,8.79,NA,19.65,3.6645632175169,1.9311
1987-11-27,1.9545,NA,NA,NA,NA,NA,NA,9.11,NA,19.65,3.6645632175169,1.9583
1987-12-04,1.9788,NA,NA,NA,NA,NA,NA,8.94,NA,19.65,3.6645632175169,1.9273
1987-12-11,1.9417,NA,NA,NA,NA,NA,NA,9.28,NA,19.65,3.6645632175169,1.9788
1987-12-18,1.9311,NA,NA,NA,NA,NA,NA,8.89,NA,19.65,3.6645632175169,1.9556
1987-12-25,1.9583,NA,NA,NA,NA,NA,NA,8.82,NA,19.65,3.6645632175169,1.9816
1988-01-01,1.9273,NA,NA,NA,NA,NA,NA,8.83,NA,15,4.07774110744413,1.9887
1988-01-08,1.9788,NA,NA,NA,NA,NA,NA,8.97,NA,15,4.07774110744413,2.0026
1988-01-15,1.9556,NA,NA,NA,NA,NA,NA,8.6,NA,15,4.07774110744413,2.0465
1988-01-22,1.9816,NA,NA,NA,NA,NA,NA,8.49,NA,15,4.07774110744413,2.0914
1988-01-29,1.9887,NA,NA,NA,NA,NA,NA,8.26,NA,15,4.07774110744413,2.0971
1988-02-05,2.0026,NA,NA,NA,NA,NA,NA,8.12,NA,15,4.07774110744413,2.1448
1988-02-12,2.0465,NA,NA,NA,NA,NA,NA,8.28,NA,15,4.07774110744413,2.1099
1988-02-19,2.0914,NA,NA,NA,NA,NA,NA,8.26,NA,15,4.07774110744413,2.151
1988-02-26,2.0971,NA,NA,NA,NA,NA,NA,8.18,NA,15,4.07774110744413,2.1331
1988-03-04,2.1448,NA,NA,NA,NA,NA,NA,8.28,NA,15,4.07774110744413,2.12
1988-03-11,2.1099,NA,NA,NA,NA,NA,NA,8.29,NA,15,4.07774110744413,2.1429
1988-03-18,2.151,NA,NA,NA,NA,NA,NA,8.41,NA,15,4.07774110744413,2.1274
1988-03-25,2.1331,NA,NA,NA,NA,NA,NA,8.47,NA,15,4.07774110744413,2.1429
1988-04-01,2.12,NA,NA,NA,NA,NA,NA,8.57,NA,15,4.07774110744413,2.1489
1988-04-08,2.1429,NA,NA,NA,NA,NA,NA,8.52,NA,15,4.07774110744413,2.2097
1988-04-15,2.1274,NA,NA,NA,NA,NA,NA,8.74,NA,15,4.07774110744413,2.2036
1988-04-22,2.1429,NA,NA,NA,NA,NA,NA,8.78,NA,15,4.07774110744413,2.2195
1988-04-29,2.1489,NA,NA,NA,NA,NA,NA,8.87,NA,15,4.07774110744413,2.2249
1988-05-06,2.2097,NA,NA,NA,NA,NA,NA,9.01,NA,15,4.07774110744413,2.2424
1988-05-13,2.2036,NA,NA,NA,NA,NA,NA,9,NA,15,4.07774110744413,2.2316
1988-05-20,2.2195,NA,NA,NA,NA,NA,NA,9.22,NA,15,4.07774110744413,2.2787
1988-05-27,2.2249,NA,NA,NA,NA,NA,NA,9.24,NA,15,4.07774110744413,2.2996
1988-06-03,2.2424,NA,NA,NA,NA,NA,NA,8.97,NA,15,4.07774110744413,2.3267
1988-06-10,2.2316,NA,NA,NA,NA,NA,NA,8.92,NA,15,4.07774110744413,2.3458
1988-06-17,2.2787,NA,NA,NA,NA,NA,NA,9.02,NA,15,4.07774110744413,2.4251
1988-06-24,2.2996,NA,NA,NA,NA,NA,NA,8.85,NA,15,4.07774110744413,2.3846
1988-07-01,2.3267,NA,NA,NA,NA,NA,NA,8.77,NA,15,4.07774110744413,2.4507
1988-07-08,2.3458,NA,NA,NA,NA,NA,NA,9.04,NA,15,4.07774110744413,2.4688
1988-07-15,2.4251,NA,NA,NA,NA,NA,NA,9.08,NA,15,4.07774110744413,2.4272
1988-07-22,2.3846,NA,NA,NA,NA,NA,NA,9.11,NA,15,4.07774110744413,2.4522
1988-07-29,2.4507,NA,NA,NA,NA,NA,NA,9.12,NA,15,4.07774110744413,2.4128
1988-08-05,2.4688,NA,NA,NA,NA,NA,NA,9.12,NA,15,4.07774110744413,2.4453
1988-08-12,2.4272,NA,NA,NA,NA,NA,NA,9.36,NA,15,4.07774110744413,2.4059
1988-08-19,2.4522,NA,NA,NA,NA,NA,NA,9.35,NA,15,4.07774110744413,2.4567
1988-08-26,2.4128,NA,NA,NA,NA,NA,NA,9.38,NA,15,4.07774110744413,2.4826
1988-09-02,2.4453,NA,NA,NA,NA,NA,NA,9,NA,15,4.07774110744413,2.4882
1988-09-09,2.4059,NA,NA,NA,NA,NA,NA,8.93,NA,15,4.07774110744413,2.4947
1988-09-16,2.4567,NA,NA,NA,NA,NA,NA,8.93,NA,15,4.07774110744413,2.4483
1988-09-23,2.4826,NA,NA,NA,NA,NA,NA,8.97,NA,15,4.07774110744413,2.4378
1988-09-30,2.4882,NA,NA,NA,NA,NA,NA,8.87,NA,15,4.07774110744413,2.4777
1988-10-07,2.4947,NA,NA,NA,NA,NA,NA,8.7,NA,15,4.07774110744413,2.4528
1988-10-14,2.4483,NA,NA,NA,NA,NA,NA,8.81,NA,15,4.07774110744413,2.3739
1988-10-21,2.4378,NA,NA,NA,NA,NA,NA,8.83,NA,15,4.07774110744413,2.3747
1988-10-28,2.4777,NA,NA,NA,NA,NA,NA,8.69,NA,15,4.07774110744413,2.3307
1988-11-04,2.4528,NA,NA,NA,NA,NA,NA,8.85,NA,15,4.07774110744413,2.2808
1988-11-11,2.3739,NA,NA,NA,NA,NA,NA,8.9,NA,15,4.07774110744413,2.3337
1988-11-18,2.3747,NA,NA,NA,NA,NA,NA,9.05,NA,15,4.07774110744413,2.3527
1988-11-25,2.3307,NA,NA,NA,NA,NA,NA,9.17,NA,15,4.07774110744413,2.3671
1988-12-02,2.2808,NA,NA,NA,NA,NA,NA,9.18,NA,15,4.07774110744413,2.3784
1988-12-09,2.3337,NA,NA,NA,NA,NA,NA,9.07,NA,15,4.07774110744413,2.3733
1988-12-16,2.3527,NA,NA,NA,NA,NA,NA,9.17,NA,15,4.07774110744413,2.3883
1988-12-23,2.3671,NA,NA,NA,NA,NA,NA,9.05,NA,15,4.07774110744413,2.3815
1988-12-30,2.3784,NA,NA,NA,NA,NA,NA,9.14,NA,15,4.07774110744413,2.3987
1989-01-06,2.3733,NA,NA,NA,NA,NA,NA,9.25,NA,18.03,4.82700303008944,2.434
1989-01-13,2.3883,NA,NA,NA,NA,NA,NA,9.06,NA,18.03,4.82700303008944,2.4228
1989-01-20,2.3815,NA,NA,NA,NA,NA,NA,9.03,NA,18.03,4.82700303008944,2.4857
1989-01-27,2.3987,NA,NA,NA,NA,NA,NA,8.95,NA,18.03,4.82700303008944,2.4922
1989-02-03,2.434,NA,NA,NA,NA,NA,NA,9.01,NA,18.03,4.82700303008944,2.4981
1989-02-10,2.4228,NA,NA,NA,NA,NA,NA,9.19,NA,18.03,4.82700303008944,2.5291
1989-02-17,2.4857,NA,NA,NA,NA,NA,NA,9.2,NA,18.03,4.82700303008944,2.5491
1989-02-24,2.4922,NA,NA,NA,NA,NA,NA,9.38,NA,18.03,4.82700303008944,2.55
1989-03-03,2.4981,NA,NA,NA,NA,NA,NA,9.31,NA,18.03,4.82700303008944,2.5602
1989-03-10,2.5291,NA,NA,NA,NA,NA,NA,9.34,NA,18.03,4.82700303008944,2.5458
1989-03-17,2.5491,NA,NA,NA,NA,NA,NA,9.49,NA,18.03,4.82700303008944,2.551
1989-03-24,2.55,NA,NA,NA,NA,NA,NA,9.43,NA,18.03,4.82700303008944,2.53
1989-03-31,2.5602,NA,NA,NA,NA,NA,NA,9.3,NA,18.03,4.82700303008944,2.5569
1989-04-07,2.5458,NA,NA,NA,NA,NA,NA,9.27,NA,18.03,4.82700303008944,2.5826
1989-04-14,2.551,NA,NA,NA,NA,NA,NA,9.18,NA,18.03,4.82700303008944,2.6168
1989-04-21,2.53,NA,NA,NA,NA,NA,NA,9.15,NA,18.03,4.82700303008944,2.7086
1989-04-28,2.5569,NA,NA,NA,NA,NA,NA,9.02,NA,18.03,4.82700303008944,2.7405
1989-05-05,2.5826,NA,NA,NA,NA,NA,NA,8.99,NA,18.03,4.82700303008944,2.7563
1989-05-12,2.6168,NA,NA,NA,NA,NA,NA,8.81,NA,18.03,4.82700303008944,2.7663
1989-05-19,2.7086,NA,NA,NA,NA,NA,NA,8.71,NA,18.03,4.82700303008944,2.7956
1989-05-26,2.7405,NA,NA,NA,NA,NA,NA,8.66,NA,18.03,4.82700303008944,2.7701
1989-06-02,2.7563,NA,NA,NA,NA,NA,NA,8.43,NA,18.03,4.82700303008944,2.7824
1989-06-09,2.7663,NA,NA,NA,NA,NA,NA,8.15,NA,18.03,4.82700303008944,2.6961
1989-06-16,2.7956,NA,NA,NA,NA,NA,NA,8.35,NA,18.03,4.82700303008944,2.686
1989-06-23,2.7701,NA,NA,NA,NA,NA,NA,8.25,NA,18.03,4.82700303008944,2.7071
1989-06-30,2.7824,NA,NA,NA,NA,NA,NA,8.1,NA,18.03,4.82700303008944,2.6585
1989-07-07,2.6961,NA,NA,NA,NA,NA,NA,8.02,NA,18.03,4.82700303008944,2.6681
1989-07-14,2.686,NA,NA,NA,NA,NA,NA,8.04,NA,18.03,4.82700303008944,2.7056
1989-07-21,2.7071,NA,NA,NA,NA,NA,NA,8.07,NA,18.03,4.82700303008944,2.767
1989-07-28,2.6585,NA,NA,NA,NA,NA,NA,7.87,NA,18.03,4.82700303008944,2.764
1989-08-04,2.6681,NA,NA,NA,NA,NA,NA,8,NA,18.03,4.82700303008944,2.7816
1989-08-11,2.7056,NA,NA,NA,NA,NA,NA,8.09,NA,18.03,4.82700303008944,2.8027
1989-08-18,2.767,NA,NA,NA,NA,NA,NA,8.15,NA,18.03,4.82700303008944,2.8265
1989-08-25,2.764,NA,NA,NA,NA,NA,NA,8.21,NA,18.03,4.82700303008944,2.791
1989-09-01,2.7816,NA,NA,NA,NA,NA,NA,8.19,NA,18.03,4.82700303008944,2.6874
1989-09-08,2.8027,NA,NA,NA,NA,NA,NA,8.14,NA,18.03,4.82700303008944,2.702
1989-09-15,2.8265,NA,NA,NA,NA,NA,NA,8.09,NA,18.03,4.82700303008944,2.7167
1989-09-22,2.791,NA,NA,NA,NA,NA,NA,8.22,NA,18.03,4.82700303008944,2.6455
1989-09-29,2.6874,NA,NA,NA,NA,NA,NA,8.31,NA,18.03,4.82700303008944,2.6596
1989-10-06,2.702,NA,NA,NA,NA,NA,NA,8.03,NA,18.03,4.82700303008944,2.633
1989-10-13,2.7167,NA,NA,NA,NA,NA,NA,7.87,NA,18.03,4.82700303008944,2.6382
1989-10-20,2.6455,NA,NA,NA,NA,NA,NA,7.98,NA,18.03,4.82700303008944,2.6364
1989-10-27,2.6596,NA,NA,NA,NA,NA,NA,7.94,NA,18.03,4.82700303008944,2.6096
1989-11-03,2.633,NA,NA,NA,NA,NA,NA,7.96,NA,18.03,4.82700303008944,2.6008
1989-11-10,2.6382,NA,NA,NA,NA,NA,NA,7.92,NA,18.03,4.82700303008944,2.5954
1989-11-17,2.6364,NA,NA,NA,NA,NA,NA,7.88,NA,18.03,4.82700303008944,2.5727
1989-11-24,2.6096,NA,NA,NA,NA,NA,NA,7.8,NA,18.03,4.82700303008944,2.5654
1989-12-01,2.6008,NA,NA,NA,NA,NA,NA,7.81,NA,18.03,4.82700303008944,2.5484
1989-12-08,2.5954,NA,NA,NA,NA,NA,NA,7.82,NA,18.03,4.82700303008944,2.5368
1989-12-15,2.5727,NA,NA,NA,NA,NA,NA,7.8,NA,18.03,4.82700303008944,2.5445
1989-12-22,2.5654,NA,NA,NA,NA,NA,NA,7.82,NA,18.03,4.82700303008944,2.5681
1989-12-29,2.5484,NA,NA,NA,NA,NA,NA,7.93,NA,18.03,4.82700303008944,2.5638
1990-01-05,2.5368,NA,NA,NA,NA,NA,20.11,7.99,NA,23.43,5.39795643990325,2.5517
1990-01-12,2.5445,NA,NA,NA,NA,NA,24.64,8.1,NA,23.43,5.39795643990325,2.5381
1990-01-19,2.5681,NA,NA,NA,NA,NA,22.5,8.26,NA,23.43,5.39795643990325,2.5569
1990-01-26,2.5638,NA,NA,NA,NA,NA,26.28,8.49,NA,23.43,5.39795643990325,2.5455
1990-02-02,2.5517,NA,NA,NA,NA,NA,24.32,8.5,NA,23.43,5.39795643990325,2.5853
1990-02-09,2.5381,NA,NA,NA,NA,NA,23.69,8.31,NA,23.43,5.39795643990325,2.5873
1990-02-16,2.5569,NA,NA,NA,NA,NA,20.78,8.42,NA,23.43,5.39795643990325,2.6035
1990-02-23,2.5455,NA,NA,NA,NA,NA,23.69,8.53,NA,23.43,5.39795643990325,2.6292
1990-03-02,2.5853,NA,NA,NA,NA,NA,21.34,8.54,NA,23.43,5.39795643990325,2.6473
1990-03-09,2.5873,NA,NA,NA,NA,NA,20.3,8.65,NA,23.43,5.39795643990325,2.6582
1990-03-16,2.6035,NA,NA,NA,NA,NA,17.62,8.59,NA,23.43,5.39795643990325,2.6469
1990-03-23,2.6292,NA,NA,NA,NA,NA,20.46,8.52,NA,23.43,5.39795643990325,2.6522
1990-03-30,2.6473,NA,NA,NA,NA,NA,19.73,8.65,NA,23.43,5.39795643990325,2.6596
1990-04-06,2.6582,NA,NA,NA,NA,NA,21.76,8.56,NA,23.43,5.39795643990325,2.6582
1990-04-13,2.6469,NA,NA,NA,NA,NA,19.8,8.64,NA,23.43,5.39795643990325,2.6337
1990-04-20,2.6522,NA,NA,NA,NA,NA,23.33,8.95,NA,23.43,5.39795643990325,2.6403
1990-04-27,2.6596,NA,NA,NA,NA,NA,22.19,9.06,NA,23.43,5.39795643990325,2.6504
1990-05-04,2.6582,NA,NA,NA,NA,NA,17.28,8.84,NA,23.43,5.39795643990325,2.6631
1990-05-11,2.6337,NA,NA,NA,NA,NA,19.81,8.64,NA,23.43,5.39795643990325,2.6674
1990-05-18,2.6403,NA,NA,NA,NA,NA,17.2,8.75,NA,23.43,5.39795643990325,2.6674
1990-05-25,2.6504,NA,NA,NA,NA,NA,17.32,8.69,NA,23.43,5.39795643990325,2.6652
1990-06-01,2.6631,NA,NA,NA,NA,NA,17.09,8.44,NA,23.43,5.39795643990325,2.6589
1990-06-08,2.6674,NA,NA,NA,NA,NA,17.58,8.46,NA,23.43,5.39795643990325,2.6455
1990-06-15,2.6674,NA,NA,NA,NA,NA,15.9,8.46,NA,23.43,5.39795643990325,2.635
1990-06-22,2.6652,NA,NA,NA,NA,NA,19.36,8.51,NA,23.43,5.39795643990325,2.6223
1990-06-29,2.6589,NA,NA,NA,NA,NA,15.5,8.43,NA,23.43,5.39795643990325,2.6164
1990-07-06,2.6455,NA,NA,NA,NA,NA,16.41,8.51,NA,23.43,5.39795643990325,2.5988
1990-07-13,2.635,NA,NA,NA,NA,NA,17.09,8.45,NA,23.43,5.39795643990325,2.5974
1990-07-20,2.6223,NA,NA,NA,NA,NA,15.63,8.48,NA,23.43,5.39795643990325,2.5657
1990-07-27,2.6164,NA,NA,NA,NA,NA,21.12,8.42,NA,23.43,5.39795643990325,2.551
1990-08-03,2.5988,NA,NA,NA,NA,NA,28.74,8.43,NA,23.43,5.39795643990325,2.5608
1990-08-10,2.5974,NA,NA,NA,NA,NA,25.75,8.68,NA,23.43,5.39795643990325,2.5638
1990-08-17,2.5657,NA,NA,NA,NA,NA,27.53,8.8,NA,23.43,5.39795643990325,2.5727
1990-08-24,2.551,NA,NA,NA,NA,NA,33.93,9.05,NA,23.43,5.39795643990325,2.5767
1990-08-31,2.5608,NA,NA,NA,NA,NA,29.9,8.86,NA,23.43,5.39795643990325,2.5654
1990-09-07,2.5638,NA,NA,NA,NA,NA,28.73,8.81,NA,23.43,5.39795643990325,2.5592
1990-09-14,2.5727,NA,NA,NA,NA,NA,30.56,8.87,NA,23.43,5.39795643990325,2.5278
1990-09-21,2.5767,NA,NA,NA,NA,NA,30.04,8.99,NA,23.43,5.39795643990325,2.5358
1990-09-28,2.5654,NA,NA,NA,NA,NA,29.11,8.82,NA,23.43,5.39795643990325,2.5439
1990-10-05,2.5592,NA,NA,NA,NA,NA,27.85,8.65,NA,23.43,5.39795643990325,2.5397
1990-10-12,2.5278,NA,NA,NA,NA,NA,31.94,8.84,NA,23.43,5.39795643990325,2.5352
1990-10-19,2.5358,NA,NA,NA,NA,NA,27.86,8.62,NA,23.43,5.39795643990325,2.5304
1990-10-26,2.5439,NA,NA,NA,NA,NA,30.75,8.63,NA,23.43,5.39795643990325,2.5122
1990-11-02,2.5397,NA,NA,NA,NA,NA,30.03,8.57,NA,23.43,5.39795643990325,2.5183
1990-11-09,2.5352,NA,NA,NA,NA,NA,26.96,8.49,NA,23.43,5.39795643990325,2.5126
1990-11-16,2.5304,NA,NA,NA,NA,NA,21.34,8.3,NA,23.43,5.39795643990325,2.5183
1990-11-23,2.5122,NA,NA,NA,NA,NA,20.98,8.28,NA,23.43,5.39795643990325,2.5553
1990-11-30,2.5183,NA,NA,NA,NA,NA,22.16,8.26,NA,23.43,5.39795643990325,2.5687
1990-12-07,2.5126,NA,NA,NA,NA,NA,22.59,8.03,NA,23.43,5.39795643990325,2.5458
1990-12-14,2.5183,NA,NA,NA,NA,NA,23.85,8.05,NA,23.43,5.39795643990325,2.5816
1990-12-21,2.5553,NA,NA,NA,NA,NA,22.66,8.11,NA,23.43,5.39795643990325,2.5618
1990-12-28,2.5687,NA,NA,NA,NA,NA,25.05,8.14,NA,23.43,5.39795643990325,2.5494
1991-01-04,2.5458,NA,NA,NA,NA,NA,27.19,8.02,NA,19.89,4.2349639645384904,2.5377
1991-01-11,2.5816,NA,NA,NA,NA,NA,32.63,8.2,NA,19.89,4.2349639645384904,2.5265
1991-01-18,2.5618,NA,NA,NA,NA,NA,25.39,8.03,NA,19.89,4.2349639645384904,2.5355
1991-01-25,2.5494,NA,NA,NA,NA,NA,22.2,8.06,NA,19.89,4.2349639645384904,2.5377
1991-02-01,2.5377,NA,NA,NA,NA,NA,21.04,7.91,NA,19.89,4.2349639645384904,2.5793
1991-02-08,2.5265,NA,NA,NA,NA,NA,23.38,7.77,NA,19.89,4.2349639645384904,2.6028
1991-02-15,2.5355,NA,NA,NA,NA,NA,19.57,7.78,NA,19.89,4.2349639645384904,2.6364
1991-02-22,2.5377,NA,NA,NA,NA,NA,21.01,7.91,NA,19.89,4.2349639645384904,2.6842
1991-03-01,2.5793,NA,NA,NA,NA,NA,21.23,8.12,NA,19.89,4.2349639645384904,2.7337
1991-03-08,2.6028,NA,NA,NA,NA,NA,20.81,8.13,NA,19.89,4.2349639645384904,2.6976
1991-03-15,2.6364,NA,NA,NA,NA,NA,14.9,8.1,NA,19.89,4.2349639645384904,2.7137
1991-03-22,2.6842,NA,NA,NA,NA,NA,16.49,8.13,NA,19.89,4.2349639645384904,2.767
1991-03-29,2.7337,NA,NA,NA,NA,NA,16.88,8.05,NA,19.89,4.2349639645384904,2.7871
1991-04-05,2.6976,NA,NA,NA,NA,NA,17.63,7.99,NA,19.89,4.2349639645384904,2.7824
1991-04-12,2.7137,NA,NA,NA,NA,NA,18.45,7.98,NA,19.89,4.2349639645384904,2.7917
1991-04-19,2.767,NA,NA,NA,NA,NA,15.68,8.1,NA,19.89,4.2349639645384904,2.7902
1991-04-26,2.7871,NA,NA,NA,NA,NA,17.27,8.06,NA,19.89,4.2349639645384904,2.7988
1991-05-03,2.7824,NA,NA,NA,NA,NA,17.24,8.04,NA,19.89,4.2349639645384904,2.8129
1991-05-10,2.7917,NA,NA,NA,NA,NA,17.54,8.12,NA,19.89,4.2349639645384904,2.8353
1991-05-17,2.7902,NA,NA,NA,NA,NA,16.64,8.08,NA,19.89,4.2349639645384904,2.8852
1991-05-24,2.7988,NA,NA,NA,NA,NA,15.23,8.1,NA,19.89,4.2349639645384904,2.8785
1991-05-31,2.8129,NA,NA,NA,NA,NA,15.93,8.06,NA,19.89,4.2349639645384904,2.8868
1991-06-07,2.8353,NA,NA,NA,NA,NA,16.98,8.29,NA,19.89,4.2349639645384904,2.9099
1991-06-14,2.8852,NA,NA,NA,NA,NA,15.98,8.29,NA,19.89,4.2349639645384904,2.8977
1991-06-21,2.8785,NA,NA,NA,NA,NA,16.51,8.32,NA,19.89,4.2349639645384904,2.8559
1991-06-28,2.8868,NA,NA,NA,NA,NA,19.55,8.24,NA,19.89,4.2349639645384904,2.867
1991-07-05,2.9099,NA,NA,NA,NA,NA,18.35,8.34,NA,19.89,4.2349639645384904,2.8827
1991-07-12,2.8977,NA,NA,NA,NA,NA,18.29,8.26,NA,19.89,4.2349639645384904,2.8535
1991-07-19,2.8559,NA,NA,NA,NA,NA,15.5,8.28,NA,19.89,4.2349639645384904,2.8877
1991-07-26,2.867,NA,NA,NA,NA,NA,15.45,8.2,NA,19.89,4.2349639645384904,2.8756
1991-08-02,2.8827,NA,NA,NA,NA,NA,15.26,8.06,NA,19.89,4.2349639645384904,2.8719
1991-08-09,2.8535,NA,NA,NA,NA,NA,15.45,7.98,NA,19.89,4.2349639645384904,2.8629
1991-08-16,2.8877,NA,NA,NA,NA,NA,16.01,7.84,NA,19.89,4.2349639645384904,2.8337
1991-08-23,2.8756,NA,NA,NA,NA,NA,14.41,7.88,NA,19.89,4.2349639645384904,2.8329
1991-08-30,2.8719,NA,NA,NA,NA,NA,14.46,7.82,NA,19.89,4.2349639645384904,2.8241
1991-09-06,2.8629,NA,NA,NA,NA,NA,16.76,7.76,NA,19.89,4.2349639645384904,2.8043
1991-09-13,2.8337,NA,NA,NA,NA,NA,17.88,7.66,NA,19.89,4.2349639645384904,2.8265
1991-09-20,2.8329,NA,NA,NA,NA,NA,17.08,7.57,NA,19.89,4.2349639645384904,2.8321
1991-09-27,2.8241,NA,NA,NA,NA,NA,16.31,7.49,NA,19.89,4.2349639645384904,2.8498
1991-10-04,2.8043,NA,NA,NA,NA,NA,15.63,7.39,NA,19.89,4.2349639645384904,2.8313
1991-10-11,2.8265,NA,NA,NA,NA,NA,17.6,7.49,NA,19.89,4.2349639645384904,2.8027
1991-10-18,2.8321,NA,NA,NA,NA,NA,15.87,7.53,NA,19.89,4.2349639645384904,2.7941
1991-10-25,2.8498,NA,NA,NA,NA,NA,15.75,7.68,NA,19.89,4.2349639645384904,2.7793
1991-11-01,2.8313,NA,NA,NA,NA,NA,15.6,7.48,NA,19.89,4.2349639645384904,2.7988
1991-11-08,2.8027,NA,NA,NA,NA,NA,15.43,7.41,NA,19.89,4.2349639645384904,2.7809
1991-11-15,2.7941,NA,NA,NA,NA,NA,21.18,7.33,NA,19.89,4.2349639645384904,2.7701
1991-11-22,2.7793,NA,NA,NA,NA,NA,21.2,7.44,NA,19.89,4.2349639645384904,2.7693
1991-11-29,2.7988,NA,NA,NA,NA,NA,20.26,7.38,NA,19.89,4.2349639645384904,2.7375
1991-12-06,2.7809,NA,NA,NA,NA,NA,19.04,7.26,NA,19.89,4.2349639645384904,2.7548
1991-12-13,2.7701,NA,NA,NA,NA,NA,17.88,7.22,NA,19.89,4.2349639645384904,2.7778
1991-12-20,2.7693,NA,NA,NA,NA,NA,17.65,6.97,NA,19.89,4.2349639645384904,2.8177
1991-12-27,2.7375,NA,NA,NA,NA,NA,15.7,6.82,NA,19.89,4.2349639645384904,2.8098
1992-01-03,2.7548,NA,NA,NA,NA,NA,18.75,6.85,NA,19.37,3.02881967814969,2.8106
1992-01-10,2.7778,NA,NA,NA,NA,NA,18.45,6.85,NA,19.37,3.02881967814969,2.7778
1992-01-17,2.8177,NA,NA,NA,NA,NA,16.32,7.09,NA,19.37,3.02881967814969,2.8153
1992-01-24,2.8098,NA,NA,NA,NA,NA,16.24,7.25,NA,19.37,3.02881967814969,2.8401
1992-01-31,2.8106,NA,NA,NA,NA,NA,17.4,7.31,NA,19.37,3.02881967814969,2.8514
1992-02-07,2.7778,NA,NA,NA,NA,NA,18.51,7.2,NA,19.37,3.02881967814969,2.8794
1992-02-14,2.8153,NA,NA,NA,NA,NA,17.03,7.41,NA,19.37,3.02881967814969,2.8935
1992-02-21,2.8401,NA,NA,NA,NA,NA,16.87,7.45,NA,19.37,3.02881967814969,2.896
1992-02-28,2.8514,NA,NA,NA,NA,NA,16.68,7.27,NA,19.37,3.02881967814969,2.8935
1992-03-06,2.8794,NA,NA,NA,NA,NA,19.75,7.48,NA,19.37,3.02881967814969,2.8769
1992-03-13,2.8935,NA,NA,NA,NA,NA,18.35,7.71,NA,19.37,3.02881967814969,2.8645
1992-03-20,2.896,NA,NA,NA,NA,NA,16.82,7.64,NA,19.37,3.02881967814969,2.8843
1992-03-27,2.8935,NA,NA,NA,NA,NA,16.02,7.54,NA,19.37,3.02881967814969,2.8802
1992-04-03,2.8769,NA,NA,NA,NA,NA,16.72,7.42,NA,19.37,3.02881967814969,2.8769
1992-04-10,2.8645,NA,NA,NA,NA,NA,16.85,7.37,NA,19.37,3.02881967814969,2.862
1992-04-17,2.8843,NA,NA,NA,NA,NA,14.85,7.45,NA,19.37,3.02881967814969,2.849
1992-04-24,2.8802,NA,NA,NA,NA,NA,15.71,7.55,NA,19.37,3.02881967814969,2.8353
1992-05-01,2.8769,NA,NA,NA,NA,NA,16.61,7.56,NA,19.37,3.02881967814969,2.8353
1992-05-08,2.862,NA,NA,NA,NA,NA,15.65,7.41,NA,19.37,3.02881967814969,2.8289
1992-05-15,2.849,NA,NA,NA,NA,NA,14.82,7.28,NA,19.37,3.02881967814969,2.8082
1992-05-22,2.8353,NA,NA,NA,NA,NA,13.73,7.35,NA,19.37,3.02881967814969,2.8043
1992-05-29,2.8353,NA,NA,NA,NA,NA,13.86,7.33,NA,19.37,3.02881967814969,2.7863
1992-06-05,2.8289,NA,NA,NA,NA,NA,14.65,7.31,NA,19.37,3.02881967814969,2.751
1992-06-12,2.8082,NA,NA,NA,NA,NA,14.95,7.29,NA,19.37,3.02881967814969,2.7663
1992-06-19,2.8043,NA,NA,NA,NA,NA,16.31,7.24,NA,19.37,3.02881967814969,2.7412
1992-06-26,2.7863,NA,NA,NA,NA,NA,14.67,7.15,NA,19.37,3.02881967814969,2.7609
1992-07-03,2.751,NA,NA,NA,NA,NA,13.88,6.93,NA,19.37,3.02881967814969,2.7628
1992-07-10,2.7663,NA,NA,NA,NA,NA,13.7,6.93,NA,19.37,3.02881967814969,2.7701
1992-07-17,2.7412,NA,NA,NA,NA,NA,12.6,6.9,NA,19.37,3.02881967814969,2.7655
1992-07-24,2.7609,NA,NA,NA,NA,NA,13.37,6.73,NA,19.37,3.02881967814969,2.7732
1992-07-31,2.7628,NA,NA,NA,NA,NA,13.17,6.72,NA,19.37,3.02881967814969,2.7427
1992-08-07,2.7701,NA,NA,NA,NA,NA,13.94,6.57,NA,19.37,3.02881967814969,2.7647
1992-08-14,2.7655,NA,NA,NA,NA,NA,14.66,6.53,NA,19.37,3.02881967814969,2.7732
1992-08-21,2.7732,NA,NA,NA,NA,NA,15.01,6.53,NA,19.37,3.02881967814969,2.8458
1992-08-28,2.7427,NA,NA,NA,NA,NA,13.14,6.63,NA,19.37,3.02881967814969,2.8466
1992-09-04,2.7647,NA,NA,NA,NA,NA,12.98,6.4,NA,19.37,3.02881967814969,2.8289
1992-09-11,2.7732,NA,NA,NA,NA,NA,12.47,6.37,NA,19.37,3.02881967814969,2.8686
1992-09-18,2.8458,NA,NA,NA,NA,NA,13.74,6.41,NA,19.37,3.02881967814969,2.8637
1992-09-25,2.8466,NA,NA,NA,NA,NA,14.8,6.41,NA,19.37,3.02881967814969,2.9138
1992-10-02,2.8289,NA,NA,NA,NA,NA,17.79,6.26,NA,19.37,3.02881967814969,2.9573
1992-10-09,2.8686,NA,NA,NA,NA,NA,20.51,6.52,NA,19.37,3.02881967814969,2.9824
1992-10-16,2.8637,NA,NA,NA,NA,NA,17.01,6.6,NA,19.37,3.02881967814969,2.9842
1992-10-23,2.9138,NA,NA,NA,NA,NA,16.46,6.83,NA,19.37,3.02881967814969,2.9806
1992-10-30,2.9573,NA,NA,NA,NA,NA,16.15,6.8,NA,19.37,3.02881967814969,3.0207
1992-11-06,2.9824,NA,NA,NA,NA,NA,14.69,6.97,NA,19.37,3.02881967814969,2.9967
1992-11-13,2.9842,NA,NA,NA,NA,NA,14.61,6.82,NA,19.37,3.02881967814969,3.0143
1992-11-20,2.9806,NA,NA,NA,NA,NA,13.67,6.84,NA,19.37,3.02881967814969,3.0062
1992-11-27,3.0207,NA,NA,NA,NA,NA,12.58,6.93,NA,19.37,3.02881967814969,3.0184
1992-12-04,2.9967,NA,NA,NA,NA,NA,11.81,6.84,NA,19.37,3.02881967814969,3.0544
1992-12-11,3.0143,NA,NA,NA,NA,NA,12.34,6.8,NA,19.37,3.02881967814969,3.0845
1992-12-18,3.0062,NA,NA,NA,NA,NA,11.66,6.76,NA,19.37,3.02881967814969,3.0731
1992-12-25,3.0184,NA,NA,NA,NA,NA,11.57,6.69,NA,19.37,3.02881967814969,3.0755
1993-01-01,3.0544,NA,NA,NA,NA,NA,12.57,6.7,NA,17.26,2.95165696638559,3.0661
1993-01-08,3.0845,NA,NA,NA,NA,NA,13.77,6.75,NA,17.26,2.95165696638559,3.1196
1993-01-15,3.0731,NA,NA,NA,NA,NA,11.57,6.6,NA,17.26,2.95165696638559,3.1255
1993-01-22,3.0755,NA,NA,NA,NA,NA,11.3,6.57,NA,17.26,2.95165696638559,3.1196
1993-01-29,3.0661,NA,NA,NA,NA,NA,12.42,6.39,NA,17.26,2.95165696638559,3.1412
1993-02-05,3.1196,NA,NA,NA,NA,NA,12.9,6.32,NA,17.26,2.95165696638559,3.1631
1993-02-12,3.1255,NA,NA,NA,NA,NA,12.38,6.35,NA,17.26,2.95165696638559,3.1903
1993-02-19,3.1196,NA,NA,NA,NA,NA,15.02,6.15,NA,17.26,2.95165696638559,3.1812
1993-02-26,3.1412,NA,NA,NA,NA,NA,13.16,6.03,NA,17.26,2.95165696638559,3.1898
1993-03-05,3.1631,NA,NA,NA,NA,NA,14.08,5.9,NA,17.26,2.95165696638559,3.1676
1993-03-12,3.1903,NA,NA,NA,NA,NA,15.66,6.11,NA,17.26,2.95165696638559,3.1832
1993-03-19,3.1812,NA,NA,NA,NA,NA,13.23,5.95,NA,17.26,2.95165696638559,3.1862
1993-03-26,3.1898,NA,NA,NA,NA,NA,12.21,6.09,NA,17.26,2.95165696638559,3.1531
1993-04-02,3.1676,NA,NA,NA,NA,NA,14.5,6.16,NA,17.26,2.95165696638559,3.1556
1993-04-09,3.1832,NA,NA,NA,NA,NA,12.83,5.97,NA,17.26,2.95165696638559,3.1546
1993-04-16,3.1862,NA,NA,NA,NA,NA,11.29,5.89,NA,17.26,2.95165696638559,3.1751
1993-04-23,3.1531,NA,NA,NA,NA,NA,13.36,5.89,NA,17.26,2.95165696638559,3.1802
1993-04-30,3.1556,NA,NA,NA,NA,NA,12.42,6.05,NA,17.26,2.95165696638559,3.1751
1993-05-07,3.1546,NA,NA,NA,NA,NA,13.01,5.92,NA,17.26,2.95165696638559,3.1857
1993-05-14,3.1751,NA,NA,NA,NA,NA,14.39,6.03,NA,17.26,2.95165696638559,3.1878
1993-05-21,3.1802,NA,NA,NA,NA,NA,14.51,6.16,NA,17.26,2.95165696638559,3.2373
1993-05-28,3.1751,NA,NA,NA,NA,NA,13.47,6.16,NA,17.26,2.95165696638559,3.3025
1993-06-04,3.1857,NA,NA,NA,NA,NA,12.86,6.11,NA,17.26,2.95165696638559,3.3306
1993-06-11,3.1878,NA,NA,NA,NA,NA,12.71,5.97,NA,17.26,2.95165696638559,3.3389
1993-06-18,3.2373,NA,NA,NA,NA,NA,12.24,5.97,NA,17.26,2.95165696638559,3.3597
1993-06-25,3.3025,NA,NA,NA,NA,NA,11.25,5.84,NA,17.26,2.95165696638559,3.3473
1993-07-02,3.3306,NA,NA,NA,NA,NA,11.33,5.76,NA,17.26,2.95165696638559,3.3835
1993-07-09,3.3389,NA,NA,NA,NA,NA,10.8,5.76,NA,17.26,2.95165696638559,3.3687
1993-07-16,3.3597,NA,NA,NA,NA,NA,10.96,5.71,NA,17.26,2.95165696638559,3.3744
1993-07-23,3.3473,NA,NA,NA,NA,NA,11.32,5.95,NA,17.26,2.95165696638559,3.3721
1993-07-30,3.3835,NA,NA,NA,NA,NA,11.73,5.83,NA,17.26,2.95165696638559,3.3608
1993-08-06,3.3687,NA,NA,NA,NA,NA,12.33,5.86,NA,17.26,2.95165696638559,3.3801
1993-08-13,3.3744,NA,NA,NA,NA,NA,12.19,5.72,NA,17.26,2.95165696638559,3.4008
1993-08-20,3.3721,NA,NA,NA,NA,NA,11.62,5.61,NA,17.26,2.95165696638559,3.4141
1993-08-27,3.3608,NA,NA,NA,NA,NA,11.91,5.48,NA,17.26,2.95165696638559,3.4358
1993-09-03,3.3801,NA,NA,NA,NA,NA,11.16,5.31,NA,17.26,2.95165696638559,3.456
1993-09-10,3.4008,NA,NA,NA,NA,NA,11.7,5.29,NA,17.26,2.95165696638559,3.4572
1993-09-17,3.4141,NA,NA,NA,NA,NA,13.39,5.38,NA,17.26,2.95165696638559,3.3462
1993-09-24,3.4358,NA,NA,NA,NA,NA,12.47,5.42,NA,17.26,2.95165696638559,3.363
1993-10-01,3.456,NA,NA,NA,NA,NA,11.83,5.34,NA,17.26,2.95165696638559,3.3591
1993-10-08,3.4572,NA,NA,NA,NA,NA,12.04,5.26,NA,17.26,2.95165696638559,3.3653
1993-10-15,3.3462,NA,NA,NA,NA,NA,10.87,5.19,NA,17.26,2.95165696638559,3.3636
1993-10-22,3.363,NA,NA,NA,NA,NA,11.48,5.42,NA,17.26,2.95165696638559,3.3693
1993-10-29,3.3591,NA,NA,NA,NA,NA,11.46,5.43,NA,17.26,2.95165696638559,3.371
1993-11-05,3.3653,NA,NA,NA,NA,NA,14.97,5.75,NA,17.26,2.95165696638559,3.371
1993-11-12,3.3636,NA,NA,NA,NA,NA,13.33,5.66,NA,17.26,2.95165696638559,3.363
1993-11-19,3.3693,NA,NA,NA,NA,NA,15.03,5.84,NA,17.26,2.95165696638559,3.3824
1993-11-26,3.371,NA,NA,NA,NA,NA,13.77,5.78,NA,17.26,2.95165696638559,3.3767
1993-12-03,3.371,NA,NA,NA,NA,NA,12.69,5.8,NA,17.26,2.95165696638559,3.3985
1993-12-10,3.363,NA,NA,NA,NA,NA,12.6,5.73,NA,17.26,2.95165696638559,3.4014
1993-12-17,3.3824,NA,NA,NA,NA,NA,11.08,5.81,NA,17.26,2.95165696638559,3.4089
1993-12-24,3.3767,NA,NA,NA,NA,NA,9.48,5.72,NA,17.26,2.95165696638559,3.4089
1993-12-31,3.3985,NA,NA,NA,NA,NA,11.66,5.83,NA,17.26,2.95165696638559,3.4153
1994-01-07,3.4014,NA,NA,NA,NA,NA,10.96,5.7,NA,15.82,2.60744159215453,3.4223
1994-01-14,3.4089,NA,NA,NA,NA,NA,11.15,5.78,NA,15.82,2.60744159215453,3.4489
1994-01-21,3.4089,NA,NA,NA,NA,NA,11.09,5.73,NA,15.82,2.60744159215453,3.4518
1994-01-28,3.4153,NA,NA,NA,NA,NA,9.94,5.68,NA,15.82,2.60744159215453,3.4783
1994-02-04,3.4223,NA,NA,NA,NA,NA,15.25,5.94,NA,15.82,2.60744159215453,3.4704
1994-02-11,3.4489,NA,NA,NA,NA,NA,14.46,5.88,NA,15.82,2.60744159215453,3.4211
1994-02-18,3.4518,NA,NA,NA,NA,NA,14.7,6.09,NA,15.82,2.60744159215453,3.4417
1994-02-25,3.4783,NA,NA,NA,NA,NA,14.8,6.21,NA,15.82,2.60744159215453,3.4323
1994-03-04,3.4704,NA,NA,NA,NA,NA,16,6.38,NA,15.82,2.60744159215453,3.4716
1994-03-11,3.4211,NA,NA,NA,NA,NA,14.87,6.46,NA,15.82,2.60744159215453,3.5461
1994-03-18,3.4417,NA,NA,NA,NA,NA,13.32,6.49,NA,15.82,2.60744159215453,3.6199
1994-03-25,3.4323,NA,NA,NA,NA,NA,13.67,6.61,NA,15.82,2.60744159215453,3.603
1994-04-01,3.4716,NA,NA,NA,NA,NA,20.45,6.77,NA,15.82,2.60744159215453,3.5298
1994-04-08,3.5461,NA,NA,NA,NA,NA,16.92,6.94,NA,15.82,2.60744159215453,3.5746000000000002
1994-04-15,3.6199,NA,NA,NA,NA,NA,15.98,6.97,NA,15.82,2.60744159215453,3.6456
1994-04-22,3.603,NA,NA,NA,NA,NA,14.94,6.93,NA,15.82,2.60744159215453,3.6731
1994-04-29,3.5298,NA,NA,NA,NA,NA,13.77,7.06,NA,15.82,2.60744159215453,3.6583
1994-05-06,3.5746000000000002,NA,NA,NA,NA,NA,15.08,7.35,NA,15.82,2.60744159215453,3.6225
1994-05-13,3.6456,NA,NA,NA,NA,NA,14.54,7.29,NA,15.82,2.60744159215453,3.616
1994-05-20,3.6731,NA,NA,NA,NA,NA,12.79,7.02,NA,15.82,2.60744159215453,3.651
1994-05-27,3.6583,NA,NA,NA,NA,NA,12.49,7.12,NA,15.82,2.60744159215453,3.5978
1994-06-03,3.6225,NA,NA,NA,NA,NA,12.19,6.98,NA,15.82,2.60744159215453,3.6556
1994-06-10,3.616,NA,NA,NA,NA,NA,12.69,7.03,NA,15.82,2.60744159215453,3.6771
1994-06-17,3.651,NA,NA,NA,NA,NA,12.31,7.14,NA,15.82,2.60744159215453,3.6637
1994-06-24,3.5978,NA,NA,NA,NA,NA,16.72,7.22,NA,15.82,2.60744159215453,3.6907
1994-07-01,3.6556,NA,NA,NA,NA,NA,14.36,7.34,NA,15.82,2.60744159215453,3.6704
1994-07-08,3.6771,NA,NA,NA,NA,NA,13.26,7.42,NA,15.82,2.60744159215453,3.6284
1994-07-15,3.6637,NA,NA,NA,NA,NA,11.28,7.25,NA,15.82,2.60744159215453,3.5874
1994-07-22,3.6907,NA,NA,NA,NA,NA,11.22,7.29,NA,15.82,2.60744159215453,3.5721
1994-07-29,3.6704,NA,NA,NA,NA,NA,11.13,7.12,NA,15.82,2.60744159215453,3.5785
1994-08-05,3.6284,NA,NA,NA,NA,NA,12.34,7.28,NA,15.82,2.60744159215453,3.5836
1994-08-12,3.5874,NA,NA,NA,NA,NA,11.09,7.27,NA,15.82,2.60744159215453,3.5581
1994-08-19,3.5721,NA,NA,NA,NA,NA,12.83,7.27,NA,15.82,2.60744159215453,3.5568
1994-08-26,3.5785,NA,NA,NA,NA,NA,12.19,7.24,NA,15.82,2.60744159215453,3.5342
1994-09-02,3.5836,NA,NA,NA,NA,NA,11.4,7.21,NA,15.82,2.60744159215453,3.5733
1994-09-09,3.5581,NA,NA,NA,NA,NA,13.12,7.44,NA,15.82,2.60744159215453,3.5721
1994-09-16,3.5568,NA,NA,NA,NA,NA,12.8,7.52,NA,15.82,2.60744159215453,3.5708
1994-09-23,3.5342,NA,NA,NA,NA,NA,14.53,7.57,NA,15.82,2.60744159215453,3.518
1994-09-30,3.5733,NA,NA,NA,NA,NA,14.28,7.62,NA,15.82,2.60744159215453,3.502
1994-10-07,3.5721,NA,NA,NA,NA,NA,14.92,7.7,NA,15.82,2.60744159215453,3.5125
1994-10-14,3.5708,NA,NA,NA,NA,NA,13.32,7.61,NA,15.82,2.60744159215453,3.5193
1994-10-21,3.518,NA,NA,NA,NA,NA,15.91,7.81,NA,15.82,2.60744159215453,3.5367
1994-10-28,3.502,NA,NA,NA,NA,NA,14.56,7.82,NA,15.82,2.60744159215453,3.5367
1994-11-04,3.5125,NA,NA,NA,NA,NA,16.75,8.04,NA,15.82,2.60744159215453,3.5657
1994-11-11,3.5193,NA,NA,NA,NA,NA,16.5,7.98,NA,15.82,2.60744159215453,3.5644
1994-11-18,3.5367,NA,NA,NA,NA,NA,16,8.01,NA,15.82,2.60744159215453,3.567
1994-11-25,3.5367,NA,NA,NA,NA,NA,17.44,7.8,NA,15.82,2.60744159215453,3.5644
1994-12-02,3.5657,NA,NA,NA,NA,NA,16.55,7.81,NA,15.82,2.60744159215453,3.5442
1994-12-09,3.5644,NA,NA,NA,NA,NA,16.04,7.79,NA,15.82,2.60744159215453,3.5543
1994-12-16,3.567,NA,NA,NA,NA,NA,12.79,7.81,NA,15.82,2.60744159215453,3.5236
1994-12-23,3.5644,NA,NA,NA,NA,NA,11.82,7.85,NA,15.82,2.60744159215453,3.528
1994-12-30,3.5442,NA,NA,NA,NA,NA,13.2,7.84,NA,15.82,2.60744159215453,3.5354
1995-01-06,3.5543,NA,NA,NA,NA,NA,13.13,7.87,NA,16.91,2.80541968853662,3.5474
1995-01-13,3.5236,NA,NA,NA,NA,NA,11.1,7.69,NA,16.91,2.80541968853662,3.5492
1995-01-20,3.528,NA,NA,NA,NA,NA,12.15,7.82,NA,16.91,2.80541968853662,3.5354
1995-01-27,3.5354,NA,NA,NA,NA,NA,11.25,7.66,NA,16.91,2.80541968853662,3.616
1995-02-03,3.5474,NA,NA,NA,NA,NA,10.98,7.49,NA,16.91,2.80541968853662,3.59
1995-02-10,3.5492,NA,NA,NA,NA,NA,11.28,7.62,NA,16.91,2.80541968853662,3.6304
1995-02-17,3.5354,NA,NA,NA,NA,NA,11.71,7.43,NA,16.91,2.80541968853662,3.5829
1995-02-24,3.616,NA,NA,NA,NA,NA,10.84,7.33,NA,16.91,2.80541968853662,3.6121
1995-03-03,3.59,NA,NA,NA,NA,NA,11.45,7.36,NA,16.91,2.80541968853662,3.5939
1995-03-10,3.6304,NA,NA,NA,NA,NA,12.38,7.23,NA,16.91,2.80541968853662,3.5939
1995-03-17,3.5829,NA,NA,NA,NA,NA,11.8,7.12,NA,16.91,2.80541968853662,3.6134
1995-03-24,3.6121,NA,NA,NA,NA,NA,11.19,7.09,NA,16.91,2.80541968853662,3.616
1995-03-31,3.5939,NA,NA,NA,NA,NA,13.37,7.2,NA,16.91,2.80541968853662,3.6193
1995-04-07,3.5939,NA,NA,NA,NA,NA,12.85,7.11,NA,16.91,2.80541968853662,3.6278
1995-04-14,3.6134,NA,NA,NA,NA,NA,11.48,7.03,NA,16.91,2.80541968853662,3.6556
1995-04-21,3.616,NA,NA,NA,NA,NA,11.86,7.01,NA,16.91,2.80541968853662,3.6853
1995-04-28,3.6193,NA,NA,NA,NA,NA,11.75,7.07,NA,16.91,2.80541968853662,3.6758
1995-05-05,3.6278,NA,NA,NA,NA,NA,12.06,6.69,NA,16.91,2.80541968853662,3.6832
1995-05-12,3.6556,NA,NA,NA,NA,NA,11.84,6.67,NA,16.91,2.80541968853662,3.6799
1995-05-19,3.6853,NA,NA,NA,NA,NA,12.81,6.61,NA,16.91,2.80541968853662,3.6623
1995-05-26,3.6758,NA,NA,NA,NA,NA,12.2,6.4,NA,16.91,2.80541968853662,3.6443
1995-06-02,3.6832,NA,NA,NA,NA,NA,12.98,6.1,NA,16.91,2.80541968853662,3.6383
1995-06-09,3.6799,NA,NA,NA,NA,NA,12.76,6.4,NA,16.91,2.80541968853662,3.6364
1995-06-16,3.6623,NA,NA,NA,NA,NA,10.75,6.21,NA,16.91,2.80541968853662,3.6476
1995-06-23,3.6443,NA,NA,NA,NA,NA,11.12,6.06,NA,16.91,2.80541968853662,3.6437
1995-06-30,3.6383,NA,NA,NA,NA,NA,11.38,6.21,NA,16.91,2.80541968853662,3.6278
1995-07-07,3.6364,NA,NA,NA,NA,NA,11.77,6.04,NA,16.91,2.80541968853662,3.6173
1995-07-14,3.6476,NA,NA,NA,NA,NA,12.08,6.15,NA,16.91,2.80541968853662,3.6291
1995-07-21,3.6437,NA,NA,NA,NA,NA,12.37,6.53,NA,16.91,2.80541968853662,3.6583
1995-07-28,3.6278,NA,NA,NA,NA,NA,13.18,6.49,NA,16.91,2.80541968853662,3.6597
1995-08-04,3.6173,NA,NA,NA,NA,NA,13.21,6.5,NA,16.91,2.80541968853662,3.6556
1995-08-11,3.6291,NA,NA,NA,NA,NA,12.9,6.59,NA,16.91,2.80541968853662,3.6664
1995-08-18,3.6583,NA,NA,NA,NA,NA,12.03,6.57,NA,16.91,2.80541968853662,3.6717
1995-08-25,3.6597,NA,NA,NA,NA,NA,12.33,6.38,NA,16.91,2.80541968853662,3.6463
1995-09-01,3.6556,NA,NA,NA,NA,NA,11.29,6.22,NA,16.91,2.80541968853662,3.647
1995-09-08,3.6664,NA,NA,NA,NA,NA,11.16,6.24,NA,16.91,2.80541968853662,3.665
1995-09-15,3.6717,NA,NA,NA,NA,NA,11.58,6.11,NA,16.91,2.80541968853662,3.6543
1995-09-22,3.6463,NA,NA,NA,NA,NA,12.46,6.25,NA,16.91,2.80541968853662,3.6476
1995-09-29,3.647,NA,NA,NA,NA,NA,12.74,6.17,NA,16.91,2.80541968853662,3.635
1995-10-06,3.665,NA,NA,NA,NA,NA,13.98,6.06,NA,16.91,2.80541968853662,3.6476
1995-10-13,3.6543,NA,NA,NA,NA,NA,13.67,5.97,NA,16.91,2.80541968853662,3.6344
1995-10-20,3.6476,NA,NA,NA,NA,NA,13.46,6.04,NA,16.91,2.80541968853662,3.6476
1995-10-27,3.635,NA,NA,NA,NA,NA,14.63,6.05,NA,16.91,2.80541968853662,3.6516
1995-11-03,3.6476,NA,NA,NA,NA,NA,12.26,5.94,NA,16.91,2.80541968853662,3.6697
1995-11-10,3.6344,NA,NA,NA,NA,NA,12.97,6,NA,16.91,2.80541968853662,3.6691
1995-11-17,3.6476,NA,NA,NA,NA,NA,12.49,5.92,NA,16.91,2.80541968853662,3.6664
1995-11-24,3.6516,NA,NA,NA,NA,NA,11.87,5.91,NA,16.91,2.80541968853662,3.6643
1995-12-01,3.6697,NA,NA,NA,NA,NA,11.11,5.71,NA,16.91,2.80541968853662,3.649
1995-12-08,3.6691,NA,NA,NA,NA,NA,11.12,5.73,NA,16.91,2.80541968853662,3.6278
1995-12-15,3.6664,NA,NA,NA,NA,NA,11.44,5.75,NA,16.91,2.80541968853662,3.6304
1995-12-22,3.6643,NA,NA,NA,NA,NA,11.51,5.71,NA,16.91,2.80541968853662,3.6476
1995-12-29,3.649,NA,NA,NA,NA,NA,12.52,5.58,NA,16.91,2.80541968853662,3.653
1996-01-05,3.6278,NA,NA,NA,NA,NA,13.58,5.69,NA,20.22,2.93120419993441,3.6516
1996-01-12,3.6304,NA,NA,NA,NA,NA,14.23,5.75,NA,20.22,2.93120419993441,3.6463
1996-01-19,3.6476,NA,NA,NA,NA,NA,12.7,5.54,NA,20.22,2.93120419993441,3.6975
1996-01-26,3.653,NA,NA,NA,NA,NA,12,5.65,NA,20.22,2.93120419993441,3.8588
1996-02-02,3.6516,NA,NA,NA,NA,NA,13.23,5.66,NA,20.22,2.93120419993441,3.8956
1996-02-09,3.6463,NA,NA,NA,NA,NA,14.63,5.66,NA,20.22,2.93120419993441,3.9378
1996-02-16,3.6975,NA,NA,NA,NA,NA,15.37,5.76,NA,20.22,2.93120419993441,3.9424
1996-02-23,3.8588,NA,NA,NA,NA,NA,14.78,5.97,NA,20.22,2.93120419993441,3.9216
1996-03-01,3.8956,NA,NA,NA,NA,NA,16.72,5.99,NA,20.22,2.93120419993441,4.0048
1996-03-08,3.9378,NA,NA,NA,NA,NA,20.7,6.41,NA,20.22,2.93120419993441,4.0866
1996-03-15,3.9424,NA,NA,NA,NA,NA,16.54,6.46,NA,20.22,2.93120419993441,4.1545
1996-03-22,3.9216,NA,NA,NA,NA,NA,17.05,6.32,NA,20.22,2.93120419993441,4.2626
1996-03-29,4.0048,NA,NA,NA,NA,NA,18.88,6.34,NA,20.22,2.93120419993441,4.4553
1996-04-05,4.0866,NA,NA,NA,NA,NA,16.18,6.57,NA,20.22,2.93120419993441,4.3792
1996-04-12,4.1545,NA,NA,NA,NA,NA,17.38,6.52,NA,20.22,2.93120419993441,4.4336
1996-04-19,4.2626,NA,NA,NA,NA,NA,15.12,6.53,NA,20.22,2.93120419993441,4.3393
1996-04-26,4.4553,NA,NA,NA,NA,NA,14.75,6.54,NA,20.22,2.93120419993441,4.3563
1996-05-03,4.3792,NA,NA,NA,NA,NA,16.7,6.9,NA,20.22,2.93120419993441,4.3649
1996-05-10,4.4336,NA,NA,NA,NA,NA,15.61,6.75,NA,20.22,2.93120419993441,4.3478
1996-05-17,4.3393,NA,NA,NA,NA,NA,15.13,6.65,NA,20.22,2.93120419993441,4.3271
1996-05-24,4.3563,NA,NA,NA,NA,NA,15.54,6.65,NA,20.22,2.93120419993441,4.3621
1996-05-31,4.3649,NA,NA,NA,NA,NA,16.07,6.85,NA,20.22,2.93120419993441,4.3337
1996-06-07,4.3478,NA,NA,NA,NA,NA,16.1,6.93,NA,20.22,2.93120419993441,4.3431
1996-06-14,4.3271,NA,NA,NA,NA,NA,18.64,6.95,NA,20.22,2.93120419993441,4.3716
1996-06-21,4.3621,NA,NA,NA,NA,NA,15.8,6.96,NA,20.22,2.93120419993441,4.3869
1996-06-28,4.3337,NA,NA,NA,NA,NA,13.68,6.73,NA,20.22,2.93120419993441,4.4553
1996-07-05,4.3431,NA,NA,NA,NA,NA,16.09,7.06,NA,20.22,2.93120419993441,4.4944
1996-07-12,4.3716,NA,NA,NA,NA,NA,17.09,6.85,NA,20.22,2.93120419993441,4.5147
1996-07-19,4.3869,NA,NA,NA,NA,NA,17.26,6.78,NA,20.22,2.93120419993441,4.5527
1996-07-26,4.4553,NA,NA,NA,NA,NA,17.45,6.85,NA,20.22,2.93120419993441,4.531
1996-08-02,4.4944,NA,NA,NA,NA,NA,16.19,6.51,NA,20.22,2.93120419993441,4.4994
1996-08-09,4.5147,NA,NA,NA,NA,NA,15.77,6.5,NA,20.22,2.93120419993441,4.5065
1996-08-16,4.5527,NA,NA,NA,NA,NA,14.81,6.56,NA,20.22,2.93120419993441,4.5015
1996-08-23,4.531,NA,NA,NA,NA,NA,14.18,6.72,NA,20.22,2.93120419993441,4.4934
1996-08-30,4.4994,NA,NA,NA,NA,NA,17.01,6.96,NA,20.22,2.93120419993441,4.5351
1996-09-06,4.5065,NA,NA,NA,NA,NA,17.1,6.94,NA,20.22,2.93120419993441,4.5218
1996-09-13,4.5015,NA,NA,NA,NA,NA,15.2,6.74,NA,20.22,2.93120419993441,4.5506
1996-09-20,4.4934,NA,NA,NA,NA,NA,15.65,6.85,NA,20.22,2.93120419993441,4.5506
1996-09-27,4.5351,NA,NA,NA,NA,NA,16.1,6.68,NA,20.22,2.93120419993441,4.584
1996-10-04,4.5218,NA,NA,NA,NA,NA,14.8,6.48,NA,20.22,2.93120419993441,4.6795
1996-10-11,4.5506,NA,NA,NA,NA,NA,15.07,6.55,NA,20.22,2.93120419993441,4.6904
1996-10-18,4.5506,NA,NA,NA,NA,NA,15.08,6.5,NA,20.22,2.93120419993441,4.6751
1996-10-25,4.584,NA,NA,NA,NA,NA,17.29,6.54,NA,20.22,2.93120419993441,4.6136
1996-11-01,4.6795,NA,NA,NA,NA,NA,17.89,6.38,NA,20.22,2.93120419993441,4.5935
1996-11-08,4.6904,NA,NA,NA,NA,NA,15.78,6.29,NA,20.22,2.93120419993441,4.6674
1996-11-15,4.6751,NA,NA,NA,NA,NA,14.36,6.19,NA,20.22,2.93120419993441,4.7371
1996-11-22,4.6136,NA,NA,NA,NA,NA,14.92,6.15,NA,20.22,2.93120419993441,4.6795
1996-11-29,4.5935,NA,NA,NA,NA,NA,17.14,6.06,NA,20.22,2.93120419993441,4.6838
1996-12-06,4.6674,NA,NA,NA,NA,NA,18.82,6.26,NA,20.22,2.93120419993441,4.7037
1996-12-13,4.7371,NA,NA,NA,NA,NA,21.09,6.33,NA,20.22,2.93120419993441,4.6664
1996-12-20,4.6795,NA,NA,NA,NA,NA,18.85,6.35,NA,20.22,2.93120419993441,4.6685
1996-12-27,4.6838,NA,NA,NA,NA,NA,19.13,6.3,NA,20.22,2.93120419993441,4.6125
1997-01-03,4.7037,NA,NA,NA,NA,NA,19.13,6.52,NA,19.39,2.33768993730735,4.5631
1997-01-10,4.6664,NA,NA,NA,NA,NA,19.63,6.63,NA,19.39,2.33768993730735,4.4623
1997-01-17,4.6685,NA,NA,NA,NA,NA,18.63,6.56,NA,19.39,2.33768993730735,4.4248
1997-01-24,4.6125,NA,NA,NA,NA,NA,19.33,6.64,NA,19.39,2.33768993730735,4.4823
1997-01-31,4.5631,NA,NA,NA,NA,NA,19.47,6.53,NA,19.39,2.33768993730735,4.4723
1997-02-07,4.4623,NA,NA,NA,NA,NA,18.9,6.43,NA,19.39,2.33768993730735,4.4593
1997-02-14,4.4248,NA,NA,NA,NA,NA,19.18,6.28,NA,19.39,2.33768993730735,4.416
1997-02-21,4.4823,NA,NA,NA,NA,NA,20.55,6.36,NA,19.39,2.33768993730735,4.4385
1997-02-28,4.4723,NA,NA,NA,NA,NA,21.1,6.56,NA,19.39,2.33768993730735,4.4199
1997-03-07,4.4593,NA,NA,NA,NA,NA,19.32,6.57,NA,19.39,2.33768993730735,4.4121
1997-03-14,4.416,NA,NA,NA,NA,NA,19.81,6.71,NA,19.39,2.33768993730735,4.4563
1997-03-21,4.4385,NA,NA,NA,NA,NA,19.69,6.74,NA,19.39,2.33768993730735,4.4543
1997-03-28,4.4199,NA,NA,NA,NA,NA,20.5,6.9,NA,19.39,2.33768993730735,4.4464
1997-04-04,4.4121,NA,NA,NA,NA,NA,19.23,6.92,NA,19.39,2.33768993730735,4.4524
1997-04-11,4.4563,NA,NA,NA,NA,NA,19.76,6.98,NA,19.39,2.33768993730735,4.4643
1997-04-18,4.4543,NA,NA,NA,NA,NA,18.75,6.84,NA,19.39,2.33768993730735,4.4783
1997-04-25,4.4464,NA,NA,NA,NA,NA,21.15,6.94,NA,19.39,2.33768993730735,4.4713
1997-05-02,4.4524,NA,NA,NA,NA,NA,17.51,6.68,NA,19.39,2.33768993730735,4.4673
1997-05-09,4.4643,NA,NA,NA,NA,NA,20.11,6.67,NA,19.39,2.33768993730735,4.4823
1997-05-16,4.4783,NA,NA,NA,NA,NA,21.57,6.7,NA,19.39,2.33768993730735,4.4974
1997-05-23,4.4713,NA,NA,NA,NA,NA,18.08,6.74,NA,19.39,2.33768993730735,4.5086
1997-05-30,4.4673,NA,NA,NA,NA,NA,19.19,6.67,NA,19.39,2.33768993730735,4.5116
1997-06-06,4.4823,NA,NA,NA,NA,NA,18.94,6.51,NA,19.39,2.33768993730735,4.528
1997-06-13,4.4974,NA,NA,NA,NA,NA,19.27,6.43,NA,19.39,2.33768993730735,4.5548
1997-06-20,4.5086,NA,NA,NA,NA,NA,20.2,6.37,NA,19.39,2.33768993730735,4.561
1997-06-27,4.5116,NA,NA,NA,NA,NA,21.22,6.46,NA,19.39,2.33768993730735,4.5434
1997-07-04,4.528,NA,NA,NA,NA,NA,17.82,6.31,NA,19.39,2.33768993730735,4.6125
1997-07-11,4.5548,NA,NA,NA,NA,NA,19.06,6.23,NA,19.39,2.33768993730735,4.6959
1997-07-18,4.561,NA,NA,NA,NA,NA,22.28,6.24,NA,19.39,2.33768993730735,4.6948
1997-07-25,4.5434,NA,NA,NA,NA,NA,20.82,6.18,NA,19.39,2.33768993730735,4.6981
1997-08-01,4.6125,NA,NA,NA,NA,NA,22.29,6.2,NA,19.39,2.33768993730735,4.6849
1997-08-08,4.6959,NA,NA,NA,NA,NA,22.46,6.38,NA,19.39,2.33768993730735,4.6915
1997-08-15,4.6948,NA,NA,NA,NA,NA,24.45,6.27,NA,19.39,2.33768993730735,4.6904
1997-08-22,4.6981,NA,NA,NA,NA,NA,24.74,6.38,NA,19.39,2.33768993730735,4.6773
1997-08-29,4.6849,NA,NA,NA,NA,NA,24.76,6.34,NA,19.39,2.33768993730735,4.674
1997-09-05,4.6915,NA,NA,NA,NA,NA,24.31,6.37,NA,19.39,2.33768993730735,4.6631
1997-09-12,4.6904,NA,NA,NA,NA,NA,25.17,6.29,NA,19.39,2.33768993730735,4.6696
1997-09-19,4.6773,NA,NA,NA,NA,NA,22.74,6.09,NA,19.39,2.33768993730735,4.6948
1997-09-26,4.674,NA,NA,NA,NA,NA,22.26,6.08,NA,19.39,2.33768993730735,4.7237
1997-10-03,4.6631,NA,NA,NA,NA,NA,21.54,6.01,NA,19.39,2.33768993730735,4.8135
1997-10-10,4.6696,NA,NA,NA,NA,NA,19.75,6.15,NA,19.39,2.33768993730735,4.8286
1997-10-17,4.6948,NA,NA,NA,NA,NA,21.69,6.17,NA,19.39,2.33768993730735,4.8321
1997-10-24,4.7237,NA,NA,NA,NA,NA,23.17,6.01,NA,19.39,2.33768993730735,4.8461
1997-10-31,4.8135,NA,NA,NA,NA,NA,35.09,5.84,NA,19.39,2.33768993730735,4.8544
1997-11-07,4.8286,NA,NA,NA,NA,NA,36.27,5.9,NA,19.39,2.33768993730735,4.8745
1997-11-14,4.8321,NA,NA,NA,NA,NA,33.66,5.86,NA,19.39,2.33768993730735,4.8936
1997-11-21,4.8461,NA,NA,NA,NA,NA,26.65,5.82,NA,19.39,2.33768993730735,4.8662
1997-11-28,4.8544,NA,NA,NA,NA,NA,27.43,5.86,NA,19.39,2.33768993730735,4.8603
1997-12-05,4.8745,NA,NA,NA,NA,NA,22.65,5.92,NA,19.39,2.33768993730735,4.8721
1997-12-12,4.8936,NA,NA,NA,NA,NA,27.92,5.74,NA,19.39,2.33768993730735,4.9273
1997-12-19,4.8662,NA,NA,NA,NA,NA,29.18,5.72,NA,19.39,2.33768993730735,4.9813
1997-12-26,4.8603,NA,NA,NA,NA,NA,29.27,5.75,NA,19.39,2.33768993730735,4.9273
1998-01-02,4.8721,NA,NA,NA,NA,NA,23.42,5.67,NA,13.48,1.55227909874364,4.9371
1998-01-09,4.9273,NA,NA,NA,NA,NA,28.69,5.4,NA,13.48,1.55227909874364,4.9128
1998-01-16,4.9813,NA,NA,NA,NA,NA,21.65,5.54,NA,13.48,1.55227909874364,4.9395
1998-01-23,4.9273,NA,NA,NA,NA,NA,23.32,5.7,NA,13.48,1.55227909874364,4.9419
1998-01-30,4.9371,NA,NA,NA,NA,NA,21.47,5.53,NA,13.48,1.55227909874364,4.9444
1998-02-06,4.9128,NA,NA,NA,NA,NA,20.51,5.62,NA,13.48,1.55227909874364,4.9628
1998-02-13,4.9395,NA,NA,NA,NA,NA,19.84,5.49,NA,13.48,1.55227909874364,4.9764
1998-02-20,4.9419,NA,NA,NA,NA,NA,19,5.54,NA,13.48,1.55227909874364,4.9826
1998-02-27,4.9444,NA,NA,NA,NA,NA,18.55,5.62,NA,13.48,1.55227909874364,4.9739
1998-03-06,4.9628,NA,NA,NA,NA,NA,19.14,5.73,NA,13.48,1.55227909874364,5.0365
1998-03-13,4.9764,NA,NA,NA,NA,NA,18.71,5.58,NA,13.48,1.55227909874364,5.0441
1998-03-20,4.9826,NA,NA,NA,NA,NA,18.69,5.57,NA,13.48,1.55227909874364,5.0403
1998-03-27,4.9739,NA,NA,NA,NA,NA,23.47,5.68,NA,13.48,1.55227909874364,5.0569
1998-04-03,5.0365,NA,NA,NA,NA,NA,21.82,5.47,NA,13.48,1.55227909874364,5.0518
1998-04-10,5.0441,NA,NA,NA,NA,NA,21.51,5.59,NA,13.48,1.55227909874364,5.062
1998-04-17,5.0403,NA,NA,NA,NA,NA,20.76,5.59,NA,13.48,1.55227909874364,5.0839
1998-04-24,5.0569,NA,NA,NA,NA,NA,21.97,5.67,NA,13.48,1.55227909874364,5.0852
1998-05-01,5.0518,NA,NA,NA,NA,NA,19.34,5.67,NA,13.48,1.55227909874364,5.156
1998-05-08,5.062,NA,NA,NA,NA,NA,20.57,5.71,NA,13.48,1.55227909874364,5.1243
1998-05-15,5.0839,NA,NA,NA,NA,NA,20.44,5.68,NA,13.48,1.55227909874364,5.2425
1998-05-22,5.0852,NA,NA,NA,NA,NA,18.99,5.64,NA,13.48,1.55227909874364,5.499
1998-05-29,5.156,NA,NA,NA,NA,NA,21.32,5.56,NA,13.48,1.55227909874364,5.6721
1998-06-05,5.1243,NA,NA,NA,NA,NA,19.78,5.58,NA,13.48,1.55227909874364,6.3492
1998-06-12,5.2425,NA,NA,NA,NA,NA,22.78,5.43,NA,13.48,1.55227909874364,6.2972
1998-06-19,5.499,NA,NA,NA,NA,NA,21.92,5.47,NA,13.48,1.55227909874364,6.2834
1998-06-26,5.6721,NA,NA,NA,NA,NA,19.36,5.46,NA,13.48,1.55227909874364,6.2305
1998-07-03,6.3492,NA,NA,NA,NA,NA,17.67,5.42,NA,13.48,1.55227909874364,6.1031
1998-07-10,6.2972,NA,NA,NA,NA,NA,17.92,5.42,NA,13.48,1.55227909874364,6.2286
1998-07-17,6.2834,NA,NA,NA,NA,NA,16.23,5.51,NA,13.48,1.55227909874364,6.2657
1998-07-24,6.2305,NA,NA,NA,NA,NA,23.01,5.45,NA,13.48,1.55227909874364,6.3694
1998-07-31,6.1031,NA,NA,NA,NA,NA,24.8,5.5,NA,13.48,1.55227909874364,6.6667
1998-08-07,6.2286,NA,NA,NA,NA,NA,27.02,5.4,NA,13.48,1.55227909874364,6.2814
1998-08-14,6.2657,NA,NA,NA,NA,NA,34.34,5.4,NA,13.48,1.55227909874364,6.2992
1998-08-21,6.3694,NA,NA,NA,NA,NA,33.14,5.32,NA,13.48,1.55227909874364,6.1482
1998-08-28,6.6667,NA,NA,NA,NA,NA,39.6,5.09,NA,13.48,1.55227909874364,5.8207
1998-09-04,6.2814,NA,NA,NA,NA,NA,43.31,5.02,NA,13.48,1.55227909874364,6.1444
1998-09-11,6.2992,NA,NA,NA,NA,NA,43.74,4.85,NA,13.48,1.55227909874364,5.848
1998-09-18,6.1482,NA,NA,NA,NA,NA,38.63,4.7,NA,13.48,1.55227909874364,5.6022
1998-09-25,5.8207,NA,NA,NA,NA,NA,34.55,4.6,NA,13.48,1.55227909874364,5.7471
1998-10-02,6.1444,NA,NA,NA,NA,NA,40.47,4.31,NA,13.48,1.55227909874364,5.7013
1998-10-09,5.848,NA,NA,NA,NA,NA,42.2,4.77,NA,13.48,1.55227909874364,5.5571
1998-10-16,5.6022,NA,NA,NA,NA,NA,34.82,4.44,NA,13.48,1.55227909874364,5.7208
1998-10-23,5.7471,NA,NA,NA,NA,NA,32.27,4.7,NA,13.48,1.55227909874364,5.6433
1998-10-30,5.7013,NA,NA,NA,NA,NA,28.05,4.64,NA,13.48,1.55227909874364,5.7307
1998-11-06,5.5571,NA,NA,NA,NA,NA,25.7,4.93,NA,13.48,1.55227909874364,5.7571
1998-11-13,5.7208,NA,NA,NA,NA,NA,29.03,4.82,NA,13.48,1.55227909874364,5.9418
1998-11-20,5.6433,NA,NA,NA,NA,NA,22.47,4.82,NA,13.48,1.55227909874364,5.8893
1998-11-27,5.7307,NA,NA,NA,NA,NA,22.09,4.81,NA,13.48,1.55227909874364,5.9207
1998-12-04,5.7571,NA,NA,NA,NA,NA,25.31,4.62,NA,13.48,1.55227909874364,5.8617
1998-12-11,5.9418,NA,NA,NA,NA,NA,27.72,4.61,NA,13.48,1.55227909874364,5.8005
1998-12-18,5.8893,NA,NA,NA,NA,NA,25.04,4.58,NA,13.48,1.55227909874364,6.2794
1998-12-25,5.9207,NA,NA,NA,NA,NA,21.48,4.86,NA,13.48,1.55227909874364,6.1143
1999-01-01,5.8617,NA,NA,NA,NA,NA,24.42,4.65,NA,17.97,2.18802719697358,6.0332
1999-01-08,5.8005,NA,NA,NA,NA,NA,23.28,4.86,NA,17.97,2.18802719697358,6.0459
1999-01-15,6.2794,NA,NA,NA,NA,NA,29.24,4.66,NA,17.97,2.18802719697358,6.0864
1999-01-22,6.1143,NA,NA,NA,NA,NA,31.95,4.64,NA,17.97,2.18802719697358,6.1939
1999-01-29,6.0332,NA,NA,NA,NA,NA,26.25,4.66,NA,17.97,2.18802719697358,6.1805
1999-02-05,6.0459,NA,NA,NA,NA,NA,29.67,4.94,NA,17.97,2.18802719697358,6.1977
1999-02-12,6.0864,NA,NA,NA,NA,NA,29.76,5.06,NA,17.97,2.18802719697358,6.1557
1999-02-19,6.1939,NA,NA,NA,NA,NA,29.3,5.07,NA,17.97,2.18802719697358,6.2286
1999-02-26,6.1805,NA,NA,NA,NA,NA,27.88,5.29,NA,17.97,2.18802719697358,6.2054
1999-03-05,6.1977,NA,NA,NA,NA,NA,24.08,5.34,NA,17.97,2.18802719697358,6.1767
1999-03-12,6.1557,NA,NA,NA,NA,NA,24.84,5.16,NA,17.97,2.18802719697358,6.2054
1999-03-19,6.2286,NA,NA,NA,NA,NA,24.32,5.17,NA,17.97,2.18802719697358,6.0864
1999-03-26,6.2054,NA,NA,NA,NA,NA,24.04,5.21,NA,17.97,2.18802719697358,6.0901
1999-04-02,6.1767,NA,NA,NA,NA,NA,22.06,5.2,NA,17.97,2.18802719697358,6.0661
1999-04-09,6.2054,NA,NA,NA,NA,NA,21.77,5.05,NA,17.97,2.18802719697358,6.1125
1999-04-16,6.0864,NA,NA,NA,NA,NA,23.9,5.23,NA,17.97,2.18802719697358,6.1939
1999-04-23,6.0901,NA,NA,NA,NA,NA,22.76,5.26,NA,17.97,2.18802719697358,6.2093
1999-04-30,6.0661,NA,NA,NA,NA,NA,25.07,5.36,NA,17.97,2.18802719697358,6.2735
1999-05-07,6.1125,NA,NA,NA,NA,NA,25.36,5.54,NA,17.97,2.18802719697358,6.1747
1999-05-14,6.1939,NA,NA,NA,NA,NA,26.86,5.62,NA,17.97,2.18802719697358,6.12
1999-05-21,6.2093,NA,NA,NA,NA,NA,24.4,5.52,NA,17.97,2.18802719697358,6.0386
1999-05-28,6.2735,NA,NA,NA,NA,NA,25.39,5.64,NA,17.97,2.18802719697358,6.0551
1999-06-04,6.1747,NA,NA,NA,NA,NA,23.43,5.82,NA,17.97,2.18802719697358,6.035
1999-06-11,6.12,NA,NA,NA,NA,NA,25.9,6.02,NA,17.97,2.18802719697358,6.0901
1999-06-18,6.0386,NA,NA,NA,NA,NA,21.75,5.84,NA,17.97,2.18802719697358,6.1463
1999-06-25,6.0551,NA,NA,NA,NA,NA,21.76,6.02,NA,17.97,2.18802719697358,6.1143
1999-07-02,6.035,NA,NA,NA,NA,NA,18.66,5.82,NA,17.97,2.18802719697358,6.1538
1999-07-09,6.0901,NA,NA,NA,NA,NA,17.96,5.84,NA,17.97,2.18802719697358,6.169
1999-07-16,6.1463,NA,NA,NA,NA,NA,17.42,5.68,NA,17.97,2.18802719697358,6.1106
1999-07-23,6.1143,NA,NA,NA,NA,NA,23.32,5.84,NA,17.97,2.18802719697358,6.122
1999-07-30,6.1538,NA,NA,NA,NA,NA,24.64,5.92,NA,17.97,2.18802719697358,6.0951
1999-08-06,6.169,NA,NA,NA,NA,NA,26.6,6.02,NA,17.97,2.18802719697358,6.035
1999-08-13,6.1106,NA,NA,NA,NA,NA,22.31,5.98,NA,17.97,2.18802719697358,6.0814
1999-08-20,6.122,NA,NA,NA,NA,NA,22.95,5.88,NA,17.97,2.18802719697358,6.1173
1999-08-27,6.0951,NA,NA,NA,NA,NA,21.83,5.85,NA,17.97,2.18802719697358,6.0661
1999-09-03,6.035,NA,NA,NA,NA,NA,20.98,5.89,NA,17.97,2.18802719697358,6.0042
1999-09-10,6.0814,NA,NA,NA,NA,NA,22.03,5.89,NA,17.97,2.18802719697358,6.0533
1999-09-17,6.1173,NA,NA,NA,NA,NA,23.3,5.87,NA,17.97,2.18802719697358,6.1293
1999-09-24,6.0661,NA,NA,NA,NA,NA,27.79,5.75,NA,17.97,2.18802719697358,6.135
1999-10-01,6.0042,NA,NA,NA,NA,NA,24.93,6,NA,17.97,2.18802719697358,6.1425
1999-10-08,6.0533,NA,NA,NA,NA,NA,20.49,6.04,NA,17.97,2.18802719697358,6.1143
1999-10-15,6.1293,NA,NA,NA,NA,NA,28.75,6.09,NA,17.97,2.18802719697358,6.1346
1999-10-22,6.135,NA,NA,NA,NA,NA,21.64,6.21,NA,17.97,2.18802719697358,6.1489
1999-10-29,6.1425,NA,NA,NA,NA,NA,22.2,6.02,NA,17.97,2.18802719697358,6.1276
1999-11-05,6.1143,NA,NA,NA,NA,NA,21.66,5.92,NA,17.97,2.18802719697358,6.1662
1999-11-12,6.1346,NA,NA,NA,NA,NA,21.65,5.93,NA,17.97,2.18802719697358,6.1457
1999-11-19,6.1489,NA,NA,NA,NA,NA,19.11,6.07,NA,17.97,2.18802719697358,6.1448
1999-11-26,6.1276,NA,NA,NA,NA,NA,22.33,6.12,NA,17.97,2.18802719697358,6.1516
1999-12-03,6.1662,NA,NA,NA,NA,NA,19.32,6.17,NA,17.97,2.18802719697358,6.1548
1999-12-10,6.1457,NA,NA,NA,NA,NA,21.48,6.08,NA,17.97,2.18802719697358,6.0672
1999-12-17,6.1448,NA,NA,NA,NA,NA,21.35,6.3,NA,17.97,2.18802719697358,6.0705
1999-12-24,6.1516,NA,NA,NA,NA,NA,21.12,6.41,NA,17.97,2.18802719697358,6.1026
1999-12-31,6.1548,NA,NA,NA,NA,NA,24.64,6.45,NA,17.97,2.18802719697358,6.2551
2000-01-07,6.0672,1707.3245,NA,NA,NA,NA,21.72,6.52,NA,28.46,3.37685727149929,6.2305
2000-01-14,6.0705,1723.7242,NA,NA,NA,NA,19.66,6.69,NA,28.46,3.37685727149929,6.3269
2000-01-21,6.1026,1758.7103,NA,NA,NA,NA,20.82,6.79,NA,28.46,3.37685727149929,6.3225
2000-01-28,6.2551,1797.0514,NA,NA,NA,NA,26.14,6.66,NA,28.46,3.37685727149929,6.3341
2000-02-04,6.2305,1828.6658,NA,NA,NA,NA,21.54,6.53,NA,28.46,3.37685727149929,6.4267
2000-02-11,6.3269,2007.6726,NA,NA,NA,NA,24.42,6.63,NA,28.46,3.37685727149929,6.3932
2000-02-18,6.3225,1912.2475,NA,NA,NA,NA,26,6.49,NA,28.46,3.37685727149929,6.4387
2000-02-25,6.3341,1860.1322,NA,NA,NA,NA,25.2,6.36,NA,28.46,3.37685727149929,6.4819
2000-03-03,6.4267,1861.4691,NA,NA,NA,NA,19.21,6.39,NA,28.46,3.37685727149929,6.5857
2000-03-10,6.3932,1858.1685,NA,NA,NA,NA,21.24,6.39,NA,28.46,3.37685727149929,6.5744
2000-03-17,6.4387,1846.3035,NA,NA,NA,NA,22.37,6.2,NA,28.46,3.37685727149929,6.5529
2000-03-24,6.4819,1847.4384,NA,NA,NA,NA,23.31,6.2,NA,28.46,3.37685727149929,6.6394
2000-03-31,6.5857,1811.9672,NA,NA,NA,NA,24.11,6.03,NA,28.46,3.37685727149929,6.8231
2000-04-07,6.5744,1838.805,NA,NA,NA,NA,24.39,5.86,NA,28.46,3.37685727149929,7.0004
2000-04-14,6.5529,1853.2609,NA,NA,NA,NA,33.49,5.85,NA,28.46,3.37685727149929,7.0168
2000-04-21,6.6394,1872.8275,NA,NA,NA,NA,25.85,5.99,NA,28.46,3.37685727149929,7.1759
2000-04-28,6.8231,1877.6414,NA,NA,NA,NA,26.2,6.23,NA,28.46,3.37685727149929,7.1273
2000-05-05,7.0004,1934.011,NA,NA,NA,NA,27.53,6.51,NA,28.46,3.37685727149929,6.9423
2000-05-12,7.0168,1953.5336,NA,NA,NA,NA,26.05,6.51,NA,28.46,3.37685727149929,7.0589
2000-05-19,7.1759,1949.0378,NA,NA,NA,NA,25.44,6.51,NA,28.46,3.37685727149929,6.9413
2000-05-26,7.1273,1938.9764,NA,NA,NA,NA,24.47,6.33,NA,28.46,3.37685727149929,6.9288
2000-06-02,6.9423,1917.5311,NA,NA,NA,NA,21.48,6.15,NA,28.46,3.37685727149929,6.8234
2000-06-09,7.0589,2001.2298,NA,NA,NA,NA,22.14,6.13,NA,28.46,3.37685727149929,6.8418
2000-06-16,6.9413,2004.694,NA,NA,NA,NA,20.5,5.99,NA,28.46,3.37685727149929,6.8369
2000-06-23,6.9288,1961.1951,NA,NA,NA,NA,22.34,6.19,NA,28.46,3.37685727149929,6.9001
2000-06-30,6.8234,1952.977,NA,NA,NA,NA,19.54,6.03,NA,28.46,3.37685727149929,6.9408
2000-07-07,6.8418,1937.799,NA,NA,NA,NA,19.22,6.01,NA,28.46,3.37685727149929,6.9986
2000-07-14,6.8369,1927.4914,NA,NA,NA,NA,19.32,6.1,NA,28.46,3.37685727149929,6.9322
2000-07-21,6.9001,1929.8276,NA,NA,NA,NA,18.94,6.01,NA,28.46,3.37685727149929,6.8987
2000-07-28,6.9408,1935.153,NA,NA,NA,NA,20.84,6.04,NA,28.46,3.37685727149929,6.9355
2000-08-04,6.9986,1908.1241,NA,NA,NA,NA,18.62,5.91,NA,28.46,3.37685727149929,6.9979
2000-08-11,6.9322,1883.5404,NA,NA,NA,NA,18.55,5.79,NA,28.46,3.37685727149929,7.0879
2000-08-18,6.8987,1913.9543,NA,NA,NA,NA,17.05,5.78,NA,28.46,3.37685727149929,7.138
2000-08-25,6.9355,1890.1175,NA,NA,NA,NA,16.53,5.73,NA,28.46,3.37685727149929,7.3239
2000-09-01,6.9979,1927.5766,NA,NA,NA,NA,17.53,5.68,NA,28.46,3.37685727149929,7.2772
2000-09-08,7.0879,1939.1844,NA,NA,NA,NA,18.46,5.73,NA,28.46,3.37685727149929,7.273
2000-09-15,7.138,1942.4858,NA,NA,NA,NA,18.52,5.84,NA,28.46,3.37685727149929,7.5191
2000-09-22,7.3239,1973.6272,NA,NA,NA,NA,20.74,5.85,NA,28.46,3.37685727149929,7.624
2000-09-29,7.2772,1986.0406,NA,NA,NA,NA,20.57,5.8,NA,28.46,3.37685727149929,7.6348
2000-10-06,7.273,1965.1163,NA,NA,NA,NA,22.71,5.82,NA,28.46,3.37685727149929,7.529
2000-10-13,7.5191,2056.5543,NA,NA,NA,NA,27.6,5.73,NA,28.46,3.37685727149929,7.6719
2000-10-20,7.624,2070.0917,NA,NA,NA,NA,24.24,5.64,NA,28.46,3.37685727149929,7.624
2000-10-27,7.6348,2023.8732,NA,NA,NA,NA,26.47,5.72,NA,28.46,3.37685727149929,7.8453
2000-11-03,7.529,1996.6165,NA,NA,NA,NA,23.67,5.83,NA,28.46,3.37685727149929,7.6737
2000-11-10,7.6719,2015.2091,NA,NA,NA,NA,28.53,5.82,NA,28.46,3.37685727149929,7.5979
2000-11-17,7.624,2031.1306,NA,NA,NA,NA,24.81,5.71,NA,28.46,3.37685727149929,7.6979
2000-11-24,7.8453,2077.9906,NA,NA,NA,NA,26,5.63,NA,28.46,3.37685727149929,7.608
2000-12-01,7.6737,2073.6761,NA,NA,NA,NA,27.48,5.52,NA,28.46,3.37685727149929,7.5683
2000-12-08,7.5979,2081.7454,NA,NA,NA,NA,22.41,5.35,NA,28.46,3.37685727149929,7.4822
2000-12-15,7.6979,2081.0239,NA,NA,NA,NA,26.55,5.2,NA,28.46,3.37685727149929,7.8601
2000-12-22,7.608,2078.5281,NA,NA,NA,NA,27.55,5.02,NA,28.46,3.37685727149929,7.9139
2000-12-29,7.5683,2062.4054,NA,NA,NA,NA,26.85,5.12,NA,28.46,3.37685727149929,7.8815
2001-01-05,7.4822,2012.782,NA,NA,NA,NA,28.67,4.93,NA,24.47,2.82617111885407,7.7393
2001-01-12,7.8601,2074.5476,NA,NA,NA,NA,24.56,5.25,NA,24.47,2.82617111885407,8.0029
2001-01-19,7.9139,2094.12,NA,NA,NA,NA,23.24,5.19,NA,24.47,2.82617111885407,7.8784
2001-01-26,7.8815,2082.2161,NA,NA,NA,NA,22.57,5.29,NA,24.47,2.82617111885407,7.8012
2001-02-02,7.7393,2070.8753,NA,NA,NA,NA,21.95,5.17,NA,24.47,2.82617111885407,7.7408
2001-02-09,8.0029,2050.4334,NA,NA,NA,NA,22.03,5.03,NA,24.47,2.82617111885407,7.6929
2001-02-16,7.8784,2025.8077,NA,NA,NA,NA,22.12,5.11,NA,24.47,2.82617111885407,7.8697
2001-02-23,7.8012,2043.9906,NA,NA,NA,NA,27.21,5.1,NA,24.47,2.82617111885407,7.978
2001-03-02,7.7408,2042.0869,NA,NA,NA,NA,27.43,4.95,NA,24.47,2.82617111885407,8.0183
2001-03-09,7.6929,2077.7392,NA,NA,NA,NA,25.62,4.95,NA,24.47,2.82617111885407,8.107
2001-03-16,7.8697,2052.4035,NA,NA,NA,NA,29.91,4.78,NA,24.47,2.82617111885407,8.0016
2001-03-23,7.978,2078.9786,NA,NA,NA,NA,30.45,4.8,NA,24.47,2.82617111885407,8.1189
2001-03-30,8.0183,2068.6549,NA,NA,NA,NA,28.64,4.93,NA,24.47,2.82617111885407,8.1096
2001-04-06,8.107,2087.6414,NA,NA,NA,NA,31.69,4.89,NA,24.47,2.82617111885407,8.0766
2001-04-13,8.0016,2076.261,NA,NA,NA,NA,26.12,5.17,NA,24.47,2.82617111885407,7.9296
2001-04-20,8.1189,2134.3977,NA,NA,NA,NA,25.38,5.29,NA,24.47,2.82617111885407,7.9665
2001-04-27,8.1096,2110.7544,NA,NA,NA,NA,24.02,5.34,NA,24.47,2.82617111885407,7.9368
2001-05-04,8.0766,2139.8714,NA,NA,NA,NA,23.91,5.21,NA,24.47,2.82617111885407,7.9971
2001-05-11,7.9296,2141.7197,NA,NA,NA,NA,23.54,5.51,NA,24.47,2.82617111885407,8.0844
2001-05-18,7.9665,2166.5342,NA,NA,NA,NA,21.23,5.41,NA,24.47,2.82617111885407,8.036
2001-05-25,7.9368,2209.9206,NA,NA,NA,NA,20.6,5.52,NA,24.47,2.82617111885407,8.0704
2001-06-01,7.9971,2125.9007,NA,NA,NA,NA,21.59,5.39,NA,24.47,2.82617111885407,8.0671
2001-06-08,8.0844,2149.0346,NA,NA,NA,NA,19.92,5.38,NA,24.47,2.82617111885407,8.1863
2001-06-15,8.036,2186.2,NA,NA,NA,NA,22.81,5.27,NA,24.47,2.82617111885407,8.2372
2001-06-22,8.0704,2201.8533,NA,NA,NA,NA,20.02,5.14,NA,24.47,2.82617111885407,8.2573
2001-06-29,8.0671,2177.6793,NA,NA,NA,NA,19.06,5.42,NA,24.47,2.82617111885407,8.1813
2001-07-06,8.1863,2178.7182,NA,NA,NA,NA,21.63,5.41,NA,24.47,2.82617111885407,8.242
2001-07-13,8.2372,2194.1928,NA,NA,NA,NA,21.14,5.27,NA,24.47,2.82617111885407,8.2515
2001-07-20,8.2573,2228.7366,NA,NA,NA,NA,22.34,5.15,NA,24.47,2.82617111885407,8.2583
2001-07-27,8.1813,2176.7594,NA,NA,NA,NA,22,5.13,NA,24.47,2.82617111885407,8.3574
2001-08-03,8.242,2206.7189,NA,NA,NA,NA,19.89,5.2,NA,24.47,2.82617111885407,8.3963
2001-08-10,8.2515,2265.4703,NA,NA,NA,NA,20.55,4.99,NA,24.47,2.82617111885407,8.4655
2001-08-17,8.2583,2289.909,NA,NA,NA,NA,23.84,4.84,NA,24.47,2.82617111885407,8.6221
2001-08-24,8.3574,2292.6778,NA,NA,NA,NA,19.71,4.93,NA,24.47,2.82617111885407,8.731
2001-08-31,8.3963,2303.9916,NA,NA,NA,NA,24.92,4.85,NA,24.47,2.82617111885407,8.9425
2001-09-07,8.4655,2316.7373,NA,NA,NA,NA,30.99,4.8,NA,24.47,2.82617111885407,9.2594
2001-09-14,8.6221,2457.9741,NA,NA,NA,NA,31.84,4.57,NA,24.47,2.82617111885407,9.15
2001-09-21,8.731,2542.5439,NA,NA,NA,NA,42.66,4.7,NA,24.47,2.82617111885407,9.1891
2001-09-28,8.9425,2625.6745,NA,NA,NA,NA,31.93,4.6,NA,24.47,2.82617111885407,9.379
2001-10-05,9.2594,2698.1481,NA,NA,NA,NA,33.39,4.52,NA,24.47,2.82617111885407,9.5503
2001-10-12,9.15,2587.7635,NA,NA,NA,NA,35.27,4.68,NA,24.47,2.82617111885407,9.626
2001-10-19,9.1891,2580.2498,NA,NA,NA,NA,34.11,4.63,NA,24.47,2.82617111885407,9.4939
2001-10-26,9.379,2599.4371,NA,NA,NA,NA,28.42,4.53,NA,24.47,2.82617111885407,9.974
2001-11-02,9.5503,2679.9043,NA,NA,NA,NA,30.71,4.37,NA,24.47,2.82617111885407,10.3492
2001-11-09,9.626,2665.625,NA,NA,NA,NA,27.44,4.34,NA,24.47,2.82617111885407,10.9404
2001-11-16,9.4939,2619.0476,NA,NA,NA,NA,25.07,4.91,NA,24.47,2.82617111885407,11.7933
2001-11-23,9.974,2711.9781,NA,NA,NA,NA,23.25,5.04,NA,24.47,2.82617111885407,12.7765
2001-11-30,10.3492,2836.0825,NA,NA,NA,NA,23.84,4.78,NA,24.47,2.82617111885407,11.9318
2001-12-07,10.9404,2992.639,NA,NA,NA,NA,23.49,5.2,NA,24.47,2.82617111885407,12.0381
2001-12-14,11.7933,3381.7402,NA,NA,NA,NA,24.63,5.24,NA,24.47,2.82617111885407,11.5946
2001-12-21,12.7765,3449.0683,NA,NA,NA,NA,22.5,5.12,NA,24.47,2.82617111885407,11.3728
2001-12-28,11.9318,3270.9563,NA,NA,NA,NA,21.4,5.15,NA,24.47,2.82617111885407,11.1672
2002-01-04,12.0381,3341.5366,13,9.5,NA,12.08,20.45,5.18,NA,24.95,1.58603162650601,11.4768
2002-01-11,11.5946,3300.7497,13,9.5,NA,11.25,22.6,4.92,NA,24.95,1.58603162650601,11.431
2002-01-18,11.3728,3206.448,14,10.5,NA,11.68,22.52,4.94,NA,24.95,1.58603162650601,11.5061
2002-01-25,11.1672,3138.3577,14,10.5,NA,11.91,21.01,5.1,NA,24.95,1.58603162650601,11.4686
2002-02-01,11.4768,3230.0228,14,10.5,NA,12.15,21.12,5.02,NA,24.95,1.58603162650601,11.3713
2002-02-08,11.431,3478.3105,14,10.5,NA,11.94,23.26,4.9,NA,24.95,1.58603162650601,11.9116
2002-02-15,11.5061,3441.8005,14,10.5,NA,11.74,22.37,4.86,NA,24.95,1.58603162650601,11.676
2002-02-22,11.4686,3341.5051,14,10.5,NA,11.85,22.86,4.84,NA,24.95,1.58603162650601,11.5485
2002-03-01,11.3713,3351.4739,14,10.5,NA,12.45,19.96,4.98,NA,24.95,1.58603162650601,11.4038
2002-03-08,11.9116,3382.7485,14,10.5,NA,12.52,19.27,5.33,NA,24.95,1.58603162650601,11.2491
2002-03-15,11.676,3411.385,14,11.5,NA,12.56,18.42,5.35,NA,24.95,1.58603162650601,11.2171
2002-03-22,11.5485,3398.2659,15,11.5,NA,12.83,17.77,5.4,NA,24.95,1.58603162650601,11.1108
2002-03-29,11.4038,3434.0909,15,11.5,NA,13.22,17.4,5.42,NA,24.95,1.58603162650601,10.8872
2002-04-05,11.2491,3354.5151,15,11.5,NA,12.82,19.13,5.22,NA,24.95,1.58603162650601,10.4911
2002-04-12,11.2171,3366.8904000000002,15,11.5,NA,12.58,19.42,5.18,NA,24.95,1.58603162650601,10.3063
2002-04-19,11.1108,3352.7132,15,11.5,NA,12.41,18.3,5.21,NA,24.95,1.58603162650601,10.0911
2002-04-26,10.8872,3274.2537,15,11.5,NA,12.02,22.14,5.08,NA,24.95,1.58603162650601,10.1219
2002-05-03,10.4911,3232.2547,15,11.5,NA,11.59,20.19,5.08,NA,24.95,1.58603162650601,9.7367
2002-05-10,10.3063,3188.7179,15,11.5,NA,11.86,22.41,5.15,NA,24.95,1.58603162650601,9.8086
2002-05-17,10.0911,3106.25,15,11.5,NA,11.6,17.7,5.27,NA,24.95,1.58603162650601,10.3539
2002-05-24,10.1219,3212.4625,15,11.5,NA,11.63,18.9,5.16,NA,24.95,1.58603162650601,10.477
2002-05-31,9.7367,3195.7478,15,11.5,NA,11.62,19.98,5.08,NA,24.95,1.58603162650601,10.3749
2002-06-07,9.8086,3197.6004,15,11.5,NA,11.48,23.51,5.1,NA,24.95,1.58603162650601,10.1943
2002-06-14,10.3539,3342.7083,16,12.5,NA,11.63,25.96,4.83,NA,24.95,1.58603162650601,10.0814
2002-06-21,10.477,3300.3064,16,12.5,NA,11.72,27.23,4.79,NA,24.95,1.58603162650601,9.9731
2002-06-28,10.3749,3259.4581,16,12.5,NA,11.72,25.4,4.86,NA,24.95,1.58603162650601,10.1559
2002-07-05,10.1943,3122.741,16,12.5,NA,11.33,27.11,4.9,NA,24.95,1.58603162650601,10.198
2002-07-12,10.0814,3147.1173,16,12.5,NA,10.97,32.94,4.63,NA,24.95,1.58603162650601,10.407
2002-07-19,9.9731,3191.1034,16,12.5,NA,10.97,38.17,4.61,NA,24.95,1.58603162650601,10.6459
2002-07-26,10.1559,3114.467,16,12.5,NA,10.92,35.51,4.43,NA,24.95,1.58603162650601,10.8615
2002-08-02,10.198,3116.9725,16,12.5,NA,10.94,41.29,4.33,NA,24.95,1.58603162650601,10.6299
2002-08-09,10.407,3259.1241,16,12.5,NA,11.01,35.33,4.27,NA,24.95,1.58603162650601,10.5488
2002-08-16,10.6459,3316.192,16,12.5,NA,11.03,28.81,4.32,NA,24.95,1.58603162650601,10.5017
2002-08-23,10.8615,3310.3355,16,12.5,NA,11.2,29.32,4.25,NA,24.95,1.58603162650601,10.5771
2002-08-30,10.6299,3280.1679,16,12.5,NA,11.27,32.64,4.14,NA,24.95,1.58603162650601,10.5622
2002-09-06,10.5488,3339.3606,16,12.5,NA,11.38,36.33,4.05,NA,24.95,1.58603162650601,10.3758
2002-09-13,10.5017,3350.6835,17,13.5,NA,11.28,35.82,3.92,NA,24.95,1.58603162650601,10.4307
2002-09-20,10.5771,3385.1209,17,13.5,NA,11.42,38.98,3.79,NA,24.95,1.58603162650601,10.355
2002-09-27,10.5622,3365.9306,17,13.5,NA,11.19,36.97,3.69,NA,24.95,1.58603162650601,10.1257
2002-10-04,10.3758,3340.0104,17,13.5,NA,11.37,39.46,3.69,NA,24.95,1.58603162650601,9.9788
2002-10-11,10.4307,3298.3871,17,13.5,NA,11.01,35.7,3.83,NA,24.95,1.58603162650601,9.74
2002-10-18,10.355,3232.6784,17,13.5,NA,11.43,33.53,4.14,NA,24.95,1.58603162650601,9.6808
2002-10-25,10.1257,3151.7137,17,13.5,NA,11.28,30,4.12,NA,24.95,1.58603162650601,9.5589
2002-11-01,9.9788,3173.9563,17,13.5,NA,11.2,29.3,4.01,NA,24.95,1.58603162650601,9.2717
2002-11-08,9.74,3130.4665,17,13.5,NA,11.06,29.41,3.85,NA,24.95,1.58603162650601,9.1513
2002-11-15,9.6808,3080.1932,17,13.5,NA,10.78,26.65,4.05,NA,24.95,1.58603162650601,8.774
2002-11-22,9.5589,3005.1985,17,13.5,NA,10.62,23.16,4.18,NA,24.95,1.58603162650601,9.0785
2002-11-29,9.2717,2955.9369,17,13.5,NA,10.48,27.5,4.22,NA,24.95,1.58603162650601,8.7933
2002-12-06,9.1513,2972.8311,17,13.5,NA,10.46,28.88,4.09,NA,24.95,1.58603162650601,8.4218
2002-12-13,8.774,2932.5991,17,13.5,NA,10.35,28.18,4.07,NA,24.95,1.58603162650601,8.5129
2002-12-20,9.0785,3053.9697,17,13.5,NA,10.47,26.71,3.97,NA,24.95,1.58603162650601,8.8371
2002-12-27,8.7933,3059.6491,17,13.5,NA,10.62,29.55,3.83,NA,24.95,1.58603162650601,8.7436
2003-01-03,8.4218,2909.9746,17,13.5,NA,10.39,24.68,4.05,NA,28.89,2.27009497336115,8.578
2003-01-10,8.5129,3004.8936,17,13.5,NA,10.18,24.32,4.16,NA,28.89,2.27009497336115,8.4348
2003-01-17,8.8371,3161.8037,17,13.5,NA,10.19,25.7,4.05,NA,28.89,2.27009497336115,8.3089
2003-01-24,8.7436,3182.6504,17,13.5,NA,10.28,31.51,3.94,NA,28.89,2.27009497336115,8.096
2003-01-31,8.578,3158.6045,17,13.5,NA,9.97,31.17,4,NA,28.89,2.27009497336115,7.9909
2003-02-07,8.4348,3119.9664,17,13.5,NA,9.93,34.01,3.96,NA,28.89,2.27009497336115,8.0048
2003-02-14,8.3089,2962.8857,17,13.5,NA,9.97,32.62,3.95,NA,28.89,2.27009497336115,8.1673
2003-02-21,8.096,2850.2825,17,13.5,NA,9.95,30.25,3.9,NA,28.89,2.27009497336115,8.1757
2003-02-28,7.9909,2827.9089,17,13.5,NA,9.85,29.63,3.71,NA,28.89,2.27009497336115,7.9858
2003-03-07,8.0048,2818.1275,17,13.5,NA,9.92,31.08,3.63,NA,28.89,2.27009497336115,7.898
2003-03-14,8.1673,2773.78,17,13.5,NA,10.1,30.98,3.72,NA,28.89,2.27009497336115,7.7709
2003-03-21,8.1757,2733.3062,17,13.5,NA,10.13,28.67,4.11,NA,28.89,2.27009497336115,7.6229
2003-03-28,7.9858,2633.6653,17,13.5,NA,9.94,27.75,3.92,NA,28.89,2.27009497336115,7.3123
2003-04-04,7.898,2575.6369,17,13.5,NA,9.97,29.13,3.96,NA,28.89,2.27009497336115,7.4016
2003-04-11,7.7709,2536.4949,17,13.5,NA,10.02,24.44,4,NA,28.89,2.27009497336115,7.2396
2003-04-18,7.6229,2475.7392,17,13.5,NA,9.91,21.5,3.98,NA,28.89,2.27009497336115,7.9267
2003-04-25,7.3123,2420.6609,17,13.5,NA,9.85,20.8,3.91,NA,28.89,2.27009497336115,7.8317
2003-05-02,7.4016,2557.2018,17,13.5,NA,9.8,20.63,3.94,NA,28.89,2.27009497336115,8.0749
2003-05-09,7.2396,2522.0854,17,13.5,NA,9.88,19.69,3.69,NA,28.89,2.27009497336115,7.9795
2003-05-16,7.9267,2712.9985,17,13.5,NA,9.85,18.4,3.46,NA,28.89,2.27009497336115,7.8191
2003-05-23,7.8317,2921.0734,17,13.5,NA,9.7,19.17,3.34,NA,28.89,2.27009497336115,7.9518
2003-05-30,8.0749,2968.1633,17,13.5,NA,9.58,19.47,3.37,NA,28.89,2.27009497336115,7.4469
2003-06-06,7.9795,2926.0817,17,13.5,NA,9.22,21.25,3.37,NA,28.89,2.27009497336115,7.5218
2003-06-13,7.8191,2772.7273,15.5,12,NA,9.22,20.66,3.13,NA,28.89,2.27009497336115,7.6199
2003-06-20,7.9518,2838.6076,15.5,12,NA,9.3,19.14,3.4,NA,28.89,2.27009497336115,7.7058
2003-06-27,7.4469,2584.3961,15.5,12,NA,9.37,19.16,3.58,NA,28.89,2.27009497336115,7.5458
2003-07-04,7.5218,2646.5712,15.5,12,NA,9.71,19.39,3.67,NA,28.89,2.27009497336115,7.4315
2003-07-11,7.6199,2623.5698,15.5,12,NA,9.62,18.47,3.66,NA,28.89,2.27009497336115,7.2612
2003-07-18,7.7058,2655.6713,15.5,12,NA,9.49,19.11,4,NA,28.89,2.27009497336115,7.3547
2003-07-25,7.5458,2701.8657,15.5,12,NA,9.46,17.75,4.22,NA,28.89,2.27009497336115,7.5009
2003-08-01,7.4315,2624.256,15.5,12,NA,9.56,20.75,4.44,NA,28.89,2.27009497336115,7.3388
2003-08-08,7.2612,2602.833,15.5,12,NA,9.43,19.59,4.27,NA,28.89,2.27009497336115,7.3563
2003-08-15,7.3547,2673.7693,14.5,11,NA,9.51,18.27,4.55,NA,28.89,2.27009497336115,7.3949
2003-08-22,7.5009,2694.7566,14.5,11,NA,9.68,18.55,4.48,NA,28.89,2.27009497336115,7.3571
2003-08-29,7.3388,2726.8079,14.5,11,NA,9.63,18.63,4.45,NA,28.89,2.27009497336115,7.1217
2003-09-05,7.3563,2765.9259,14.5,11,NA,9.7,18.17,4.35,NA,28.89,2.27009497336115,6.8589
2003-09-12,7.3949,2780.5372,13.5,10,NA,9.69,18.68,4.27,NA,28.89,2.27009497336115,6.9058
2003-09-19,7.3571,2777.5533,13.5,10,NA,9.54,17.54,4.17,NA,28.89,2.27009497336115,7.0534
2003-09-26,7.1217,2756.2904,13.5,10,NA,9.44,22.23,4.04,NA,28.89,2.27009497336115,6.9686
2003-10-03,6.8589,2647.1399,13.5,10,NA,9.21,19.5,4.21,NA,28.89,2.27009497336115,6.9194
2003-10-10,6.9058,2569.7232,13.5,10,NA,9.18,18.45,4.29,NA,28.89,2.27009497336115,7.0192
2003-10-17,7.0534,2681.7197,13.5,8.5,NA,9.04,17.62,4.41,NA,28.89,2.27009497336115,6.7371
2003-10-24,6.9686,2672.3721,12,8.5,NA,9.02,17.71,4.24,NA,28.89,2.27009497336115,6.5489
2003-10-31,6.9194,2659.9379,12,8.5,NA,9.06,16.1,4.33,NA,28.89,2.27009497336115,6.4049
2003-11-07,7.0192,2681.5455,12,8.5,NA,9.36,16.93,4.48,NA,28.89,2.27009497336115,6.3154
2003-11-14,6.7371,2674.0378,12,8.5,NA,9.35,16.94,4.22,NA,28.89,2.27009497336115,6.3989
2003-11-21,6.5489,2569.4987,12,8.5,NA,9.18,18.98,4.15,NA,28.89,2.27009497336115,6.6415
2003-11-28,6.4049,2552.7244,12,8.5,NA,9.23,16.32,4.34,NA,28.89,2.27009497336115,6.9009
2003-12-05,6.3154,2558.5242,12,8.5,NA,9.26,17.09,4.23,NA,28.89,2.27009497336115,6.6357
2003-12-12,6.3989,2611.3607,12,8,NA,9.12,16.41,4.26,NA,28.89,2.27009497336115,6.5923
2003-12-19,6.6415,2737.4582,11.5,8,NA,9.05,16.42,4.15,NA,28.89,2.27009497336115,7.5197
2003-12-26,6.9009,2807.9289,11.5,8,NA,9.19,17.45,4.17,NA,28.89,2.27009497336115,7.1464
2004-01-02,6.6357,2771.8625,11.5,8,NA,9.1,18.22,4.38,NA,38.16,2.67723669309172,7.1126
2004-01-09,6.5923,2848.9899,11.5,8,NA,8.92,16.75,4.11,NA,38.16,2.67723669309172,7.0289
2004-01-16,7.5197,3001.0997,11.5,8,NA,9.18,15,4.04,NA,38.16,2.67723669309172,6.618
2004-01-23,7.1464,2925.8203,11.5,8,NA,9.21,14.84,4.09,NA,38.16,2.67723669309172,6.6726
2004-01-30,7.1126,2802.8341,11.5,8,NA,9.6,16.63,4.16,NA,38.16,2.67723669309172,6.6419
2004-02-06,7.0289,2831.1528,11.5,8,NA,9.55,16,4.12,NA,38.16,2.67723669309172,6.846
2004-02-13,6.618,2720.4336,11.5,8,NA,9.26,15.58,4.05,NA,38.16,2.67723669309172,6.6751
2004-02-20,6.6726,2724.3804,11.5,8,NA,9.37,16.04,4.1,NA,38.16,2.67723669309172,6.6497
2004-02-27,6.6419,2620.0133,11.5,8,NA,9.44,14.55,3.99,NA,38.16,2.67723669309172,6.6107
2004-03-05,6.846,2667.3957,11.5,8,NA,9.69,14.48,3.85,NA,38.16,2.67723669309172,6.3549
2004-03-12,6.6751,2632.6632,11.5,8,NA,9.56,18.3,3.78,NA,38.16,2.67723669309172,6.3171
2004-03-19,6.6497,2763.289,11.5,8,NA,9.56,19.15,3.8,NA,38.16,2.67723669309172,6.4631
2004-03-26,6.6107,2752.6247,11.5,8,NA,9.58,17.33,3.85,NA,38.16,2.67723669309172,6.7751
2004-04-02,6.3549,2682.8571,11.5,8,NA,9.75,15.64,4.15,NA,38.16,2.67723669309172,6.852
2004-04-09,6.3171,2652.9004,11.5,8,NA,9.79,16.26,4.21,NA,38.16,2.67723669309172,6.8923
2004-04-16,6.4631,2569.3196,11.5,8,NA,9.87,14.94,4.37,NA,38.16,2.67723669309172,6.928
2004-04-23,6.7751,2684.148,11.5,8,NA,9.87,14.01,4.48,NA,38.16,2.67723669309172,6.7549
2004-04-30,6.852,2677.0186,11.5,8,NA,10.01,17.19,4.53,NA,38.16,2.67723669309172,6.5178
2004-05-07,6.8923,2672.876,11.5,8,NA,10.08,18.13,4.79,NA,38.16,2.67723669309172,6.462
2004-05-14,6.928,2545.8248,11.5,8,NA,10.47,18.47,4.79,NA,38.16,2.67723669309172,6.544
2004-05-21,6.7549,2591.3234,11.5,8,NA,10.37,18.49,4.76,NA,38.16,2.67723669309172,6.5011
2004-05-28,6.5178,2565.515,11.5,8,NA,10.19,15.5,4.66,NA,38.16,2.67723669309172,6.3278
2004-06-04,6.462,2506.133,11.5,8,NA,10.41,16.78,4.78,NA,38.16,2.67723669309172,6.2049
2004-06-11,6.544,2498.0519,11.5,8,NA,10.51,15.04,4.81,NA,38.16,2.67723669309172,6.0798
2004-06-18,6.5011,2523.5029,11.5,8,NA,10.47,14.99,4.72,NA,38.16,2.67723669309172,6.0814
2004-06-25,6.3278,2536.8205,11.5,8,NA,10.2,15.19,4.66,NA,38.16,2.67723669309172,6.1718
2004-07-02,6.2049,2441.3124,11.5,8,NA,10.05,15.08,4.48,NA,38.16,2.67723669309172,6.2395
2004-07-09,6.0798,2469.9271,11.5,8,NA,10.06,15.78,4.49,NA,38.16,2.67723669309172,6.2563
2004-07-16,6.0814,2413.5876,11.5,8,NA,10.05,14.34,4.38,NA,38.16,2.67723669309172,6.52
2004-07-23,6.1718,2423.8257,11.5,8,NA,10.11,16.5,4.45,NA,38.16,2.67723669309172,6.5659
2004-07-30,6.2395,2428.4826,11.5,8,NA,10.06,15.32,4.5,NA,38.16,2.67723669309172,6.6429
2004-08-06,6.2563,2451.1371,11.5,8,NA,9.84,19.34,4.24,NA,38.16,2.67723669309172,6.5877
2004-08-13,6.52,2553.3635,11.5,7.5,NA,9.57,17.98,4.22,NA,38.16,2.67723669309172,6.6769
2004-08-20,6.5659,2704.937,11,7.5,NA,9.69,16,4.24,NA,38.16,2.67723669309172,6.5595
2004-08-27,6.6429,2728.3266,11,7.5,NA,9.43,14.71,4.23,NA,38.16,2.67723669309172,6.4789
2004-09-03,6.5877,2675.5637,11,7.5,NA,9.46,13.91,4.3,NA,38.16,2.67723669309172,6.457
2004-09-10,6.6769,2639.8947,11,7.5,NA,9.36,13.76,4.19,NA,38.16,2.67723669309172,6.5925
2004-09-17,6.5595,2653.2417,11,7.5,NA,9.17,14.03,4.14,NA,38.16,2.67723669309172,6.4918
2004-09-24,6.4789,2653.5714,11,7.5,NA,9.19,14.28,4.04,NA,38.16,2.67723669309172,6.1894
2004-10-01,6.457,2711.5759,11,7.5,NA,9.4,12.75,4.21,NA,38.16,2.67723669309172,6.0865
2004-10-08,6.5925,2764.3186,11,7.5,NA,9.39,15.05,4.15,NA,38.16,2.67723669309172,6.1491
2004-10-15,6.4918,2698.6478,11,7.5,NA,9.18,15.04,4.07,NA,38.16,2.67723669309172,6.1877
2004-10-22,6.1894,2619.9628,11,7.5,NA,8.97,15.28,4,NA,38.16,2.67723669309172,6.0203
2004-10-29,6.0865,2595.2163,11,7.5,NA,9.01,16.27,4.05,NA,38.16,2.67723669309172,5.8851
2004-11-05,6.1491,2650.2774,11,7.5,NA,9.05,13.84,4.21,NA,38.16,2.67723669309172,5.8388
2004-11-12,6.1877,2679.4045,11,7.5,NA,9.05,13.33,4.2,NA,38.16,2.67723669309172,5.8842
2004-11-19,6.0203,2667.3665,11,7.5,NA,8.83,13.5,4.2,NA,38.16,2.67723669309172,5.7681
2004-11-26,5.8851,2656.3273,11,7.5,NA,8.68,12.79,4.24,NA,38.16,2.67723669309172,5.6487
2004-12-03,5.8388,2614.4438,11,7.5,NA,8.54,12.96,4.27,NA,38.16,2.67723669309172,5.6356
2004-12-10,5.8842,2539.2042,11,7.5,NA,8.5,12.76,4.16,NA,38.16,2.67723669309172,6.0795
2004-12-17,5.7681,2542.2698,11,7.5,NA,8.32,11.95,4.21,NA,38.16,2.67723669309172,6.0877
2004-12-24,5.6487,2493.7888,11,7.5,NA,8.04,11.23,4.23,NA,38.16,2.67723669309172,6.0652
2004-12-31,5.6356,2462.0573,11,7.5,NA,8.08,13.29,4.24,NA,38.16,2.67723669309172,5.9374
2005-01-07,6.0795,2535.5429,11,7.5,NA,8.27,13.49,4.29,NA,54.28,3.3927468454955,6.1613
2005-01-14,6.0877,2535.1351,11,7.5,NA,8.18,12.43,4.23,NA,54.28,3.3927468454955,6.1355
2005-01-21,6.0652,2545.3999,11,7.5,NA,8.36,14.36,4.16,NA,54.28,3.3927468454955,5.9554
2005-01-28,5.9374,2522.7676,11,7.5,NA,8.08,13.24,4.16,NA,54.28,3.3927468454955,5.8507
2005-02-04,6.1613,2561.2308,11,7.5,NA,7.91,11.21,4.09,NA,54.28,3.3927468454955,5.9757
2005-02-11,6.1355,2540.7295,11,7.5,NA,7.89,11.43,4.1,NA,54.28,3.3927468454955,5.8501
2005-02-18,5.9554,2528.5841,11,7.5,NA,7.84,11.18,4.27,NA,54.28,3.3927468454955,6.08
2005-02-25,5.8507,2513.4861,11,7.5,NA,7.79,11.49,4.27,NA,54.28,3.3927468454955,6.1839
2005-03-04,5.9757,2549.0254,11,7.5,NA,7.95,11.94,4.32,NA,54.28,3.3927468454955,6.2234
2005-03-11,5.8501,2576.1503,11,7.5,NA,8.16,12.8,4.56,NA,54.28,3.3927468454955,6.1858
2005-03-18,6.08,2622.0579,11,7.5,NA,8.31,13.14,4.51,NA,54.28,3.3927468454955,6.31
2005-03-25,6.1839,2633.3643,11,7.5,NA,8.52,13.42,4.6,NA,54.28,3.3927468454955,6.0678
2005-04-01,6.2234,2621.4724,11,7.5,NA,8.63,14.09,4.46,NA,54.28,3.3927468454955,6.0772
2005-04-08,6.1858,2628.5538,11,7.5,NA,8.69,12.62,4.5,NA,54.28,3.3927468454955,5.9656
2005-04-15,6.31,2662.4294,10.5,7,NA,8.35,17.74,4.27,NA,54.28,3.3927468454955,6.3059
2005-04-22,6.0678,2622.3565,10.5,7,NA,8.23,15.38,4.26,NA,54.28,3.3927468454955,6.379
2005-04-29,6.0772,2644.2483,10.5,7,NA,8.33,15.31,4.21,NA,54.28,3.3927468454955,6.6355
2005-05-06,5.9656,2571.7509,10.5,7,NA,8.2,14.05,4.28,NA,54.28,3.3927468454955,6.8049
2005-05-13,6.3059,2627.8888,10.5,7,NA,8.47,16.32,4.12,NA,54.28,3.3927468454955,6.7249
2005-05-20,6.379,2710.7304,10.5,7,NA,8.41,13.14,4.13,NA,54.28,3.3927468454955,6.6937
2005-05-27,6.6355,2761.8812,10.5,7,NA,8.38,12.15,4.08,NA,54.28,3.3927468454955,6.7629
2005-06-03,6.8049,2862.5761,10.5,7,NA,8.19,12.15,3.98,NA,54.28,3.3927468454955,6.7081
2005-06-10,6.7249,2849.9663,10.5,7,NA,8,11.96,4.05,NA,54.28,3.3927468454955,6.9186
2005-06-17,6.6937,2903.8974,10.5,7,NA,8.02,11.48,4.09,NA,54.28,3.3927468454955,6.5952
2005-06-24,6.7629,2962.7767,10.5,7,NA,7.96,12.18,3.92,NA,54.28,3.3927468454955,6.5769
2005-07-01,6.7081,2902.8801,10.5,7,NA,8.01,11.4,4.06,NA,54.28,3.3927468454955,6.6329
2005-07-08,6.9186,2902.6352,10.5,7,NA,8.13,11.45,4.11,NA,54.28,3.3927468454955,6.4405
2005-07-15,6.5952,2770.9987,10.5,7,NA,8.14,10.33,4.18,NA,54.28,3.3927468454955,6.3438
2005-07-22,6.5769,2806.0316,10.5,7,NA,8.11,10.52,4.23,NA,54.28,3.3927468454955,6.548
2005-07-29,6.6329,2818.1369,10.5,7,NA,7.9,11.57,4.28,NA,54.28,3.3927468454955,6.4562
2005-08-05,6.4405,2821.3595,10.5,7,NA,7.72,12.48,4.4,NA,54.28,3.3927468454955,6.2647
2005-08-12,6.3438,2836.0812,10.5,7,NA,7.83,12.74,4.24,NA,54.28,3.3927468454955,6.316
2005-08-19,6.548,2859.1412,10.5,7,NA,7.88,13.42,4.21,NA,54.28,3.3927468454955,6.3642
2005-08-26,6.4562,2823.3871,10.5,7,NA,8.03,13.72,4.2,NA,54.28,3.3927468454955,6.3552
2005-09-02,6.2647,2786.1616,10.5,7,NA,7.91,13.57,4.03,NA,54.28,3.3927468454955,6.3692
2005-09-09,6.316,2814.3082,10.5,7,NA,8.05,11.98,4.14,NA,54.28,3.3927468454955,6.5475
2005-09-16,6.3642,2907.5604,10.5,7,NA,8.14,11.22,4.26,NA,54.28,3.3927468454955,6.5916
2005-09-23,6.3552,2924.7634,10.5,7,NA,8.05,12.96,4.25,NA,54.28,3.3927468454955,6.5866
2005-09-30,6.3692,3001.4268,10.5,7,NA,8.11,11.92,4.34,NA,54.28,3.3927468454955,6.6936
2005-10-07,6.5475,3105.5227,10.5,7,NA,8.13,14.59,4.35,NA,54.28,3.3927468454955,6.6485
2005-10-14,6.5916,3071.1475,10.5,7,NA,8.12,14.87,4.48,NA,54.28,3.3927468454955,6.7669
2005-10-21,6.5866,3046.0526,10.5,7,NA,8.16,16.13,4.39,NA,54.28,3.3927468454955,6.7141
2005-10-28,6.6936,3160.6426,10.5,7,NA,8.05,14.25,4.58,NA,54.28,3.3927468454955,6.5257
2005-11-04,6.6485,3048.4458,10.5,7,NA,8.01,13.17,4.66,NA,54.28,3.3927468454955,6.4284
2005-11-11,6.7669,3150.8446,10.5,7,NA,8.01,11.63,4.55,NA,54.28,3.3927468454955,6.363
2005-11-18,6.7141,3261.0516,10.5,7,NA,7.93,11.12,4.5,NA,54.28,3.3927468454955,6.3568
2005-11-25,6.5257,3225.7645,10.5,7,NA,7.76,10.88,4.43,NA,54.28,3.3927468454955,6.3755
2005-12-02,6.4284,3209.847,10.5,7,NA,7.66,11.01,4.52,NA,54.28,3.3927468454955,6.3205
2005-12-09,6.363,3329.8985,10.5,7,NA,7.64,11.69,4.54,NA,54.28,3.3927468454955,6.1508
2005-12-16,6.3568,3210.8779,10.5,7,NA,7.55,10.68,4.45,NA,54.28,3.3927468454955,6.096
2005-12-23,6.3755,3197.4603,10.5,7,NA,7.54,10.27,4.38,NA,54.28,3.3927468454955,5.9929
2005-12-30,6.3205,3240.6822,10.5,7,NA,7.45,12.07,4.39,NA,54.28,3.3927468454955,6.1072
2006-01-06,6.1508,3236.3222,10.5,7,NA,7.4,11,4.38,NA,64.99,3.22594410070404,6.0857
2006-01-13,6.096,3311.6687,10.5,7,NA,7.35,11.23,4.36,NA,64.99,3.22594410070404,6.1132
2006-01-20,5.9929,3360.6802,10.5,7,NA,7.41,14.56,4.37,NA,64.99,3.22594410070404,6.0505
2006-01-27,6.1072,3412.9641,10.5,7,NA,7.48,11.97,4.52,NA,64.99,3.22594410070404,6.1256
2006-02-03,6.0857,3467.6292,10.5,7,NA,7.41,12.96,4.54,NA,64.99,3.22594410070404,6.1184
2006-02-10,6.1132,3391.3374,10.5,7,NA,7.37,12.87,4.59,NA,64.99,3.22594410070404,6.2766
2006-02-17,6.0505,3315.5589,10.5,7,NA,7.16,12.01,4.54,NA,64.99,3.22594410070404,6.1909
2006-02-24,6.1256,3374.7709,10.5,7,NA,7.19,11.46,4.58,NA,64.99,3.22594410070404,6.3354
2006-03-03,6.1184,3483.7124,10.5,7,NA,7.26,11.96,4.68,NA,64.99,3.22594410070404,6.1942
2006-03-10,6.2766,3369.9314,10.5,7,NA,7.38,11.85,4.76,NA,64.99,3.22594410070404,6.0537
2006-03-17,6.1909,3418.4146,10.5,7,NA,7.33,12.12,4.68,NA,64.99,3.22594410070404,6.1216
2006-03-24,6.3354,3492.7399,10.5,7,NA,7.38,11.19,4.67,NA,64.99,3.22594410070404,6.0392
2006-03-31,6.1942,3589.9015,10.5,7,NA,7.47,11.39,4.86,NA,64.99,3.22594410070404,6.146
2006-04-07,6.0537,3615.9354,10.5,7,NA,7.46,12.26,4.97,NA,64.99,3.22594410070404,6.0578
2006-04-14,6.1216,3648.0687,10.5,7,NA,7.49,12.38,5.05,NA,64.99,3.22594410070404,6.1166
2006-04-21,6.0392,3746.9952,10.5,7,NA,7.43,11.59,5.01,NA,64.99,3.22594410070404,6.4135
2006-04-28,6.146,3938.1143,10.5,7,NA,7.41,11.59,5.07,NA,64.99,3.22594410070404,6.5378
2006-05-05,6.0578,4101.3269,10.5,7,NA,7.47,11.62,5.12,NA,64.99,3.22594410070404,6.6449
2006-05-12,6.1166,4477.6235,10.5,7,NA,7.57,14.19,5.19,NA,64.99,3.22594410070404,6.7433
2006-05-19,6.4135,4308.3387,10.5,7,NA,7.71,17.18,5.05,NA,64.99,3.22594410070404,6.8134
2006-05-26,6.5378,4240.6619,10.5,7,NA,7.7,14.26,5.06,NA,64.99,3.22594410070404,7.4324
2006-06-02,6.6449,4173.9921,10.5,7,NA,7.75,14.32,5,NA,64.99,3.22594410070404,7.1389
2006-06-09,6.7433,4088.715,11,7.5,NA,8.05,18.12,4.98,NA,64.99,3.22594410070404,7.1539
2006-06-16,6.8134,3962.62,11,7.5,NA,8.11,17.25,5.13,NA,64.99,3.22594410070404,7.2012
2006-06-23,7.4324,4304.4444,11,7.5,NA,8.58,15.89,5.23,NA,64.99,3.22594410070404,6.9808
2006-06-30,7.1389,4316.8563,11,7.5,NA,8.57,13.08,5.15,NA,64.99,3.22594410070404,6.9151
2006-07-07,7.1539,4499.2872,11,7.5,NA,8.69,13.97,5.14,NA,64.99,3.22594410070404,6.8701
2006-07-14,7.2012,4757.908,11,7.5,NA,8.55,18.05,5.07,NA,64.99,3.22594410070404,6.7861
2006-07-21,6.9808,4414.3908,11,7.5,NA,8.44,17.4,5.05,NA,64.99,3.22594410070404,6.8505
2006-07-28,6.9151,4340.6913,11,7.5,NA,8.58,14.33,5,NA,64.99,3.22594410070404,7.1348
2006-08-04,6.8701,4392.7846,11.5,8,NA,8.59,14.34,4.91,NA,64.99,3.22594410070404,7.1965
2006-08-11,6.7861,4338.9001,11.5,8,7.635,8.59,14.3,4.97,NA,64.99,3.22594410070404,7.3801
2006-08-18,6.8505,4219.2651,11.5,8,7.647,8.55,11.64,4.84,NA,64.99,3.22594410070404,7.4283
2006-08-25,7.1348,4440.1786,11.5,8,7.771,8.68,12.31,4.79,NA,64.99,3.22594410070404,7.659
2006-09-01,7.1965,4491.5224,11.5,8,7.834,8.67,11.96,4.73,NA,64.99,3.22594410070404,7.7043
2006-09-08,7.3801,4494.1133,11.5,8,7.661,8.8,13.16,4.78,NA,64.99,3.22594410070404,7.7675
2006-09-15,7.4283,4248.5251,11.5,8,7.875,8.74,11.76,4.8,NA,64.99,3.22594410070404,7.5529
2006-09-22,7.659,4468.2268,11.5,8,7.746,8.61,12.59,4.6,NA,64.99,3.22594410070404,7.506
2006-09-29,7.7043,4673.1518,11.5,8,8.546,8.47,11.98,4.64,NA,64.99,3.22594410070404,7.5213
2006-10-06,7.7675,4426.252,11.5,8,7.931,8.54,11.56,4.7,NA,64.99,3.22594410070404,7.4612
2006-10-13,7.5529,4333.5815,12,8.5,8.068,8.38,10.75,4.81,NA,64.99,3.22594410070404,7.2333
2006-10-20,7.506,4494.3567,12,8.5,8.28,8.31,10.63,4.79,NA,64.99,3.22594410070404,7.2731
2006-10-27,7.5213,4394.387,12,8.5,8.242,8.06,10.8,4.68,NA,64.99,3.22594410070404,7.2575
2006-11-03,7.4612,4616.8639,12,8.5,8.244,8,11.16,4.72,NA,64.99,3.22594410070404,7.1273
2006-11-10,7.2333,4541.2167,12,8.5,8.25,7.76,10.79,4.59,NA,64.99,3.22594410070404,7.0722
2006-11-17,7.2731,4517.6878,12,8.5,8.353,7.86,10.05,4.61,NA,64.99,3.22594410070404,6.997
2006-11-24,7.2575,4591.4327,12,8.5,8.434,7.79,10.73,4.55,NA,64.99,3.22594410070404,7.0062
2006-12-01,7.1273,4605.235,12,8.5,8.533,7.85,11.66,4.43,NA,64.99,3.22594410070404,6.9737
2006-12-08,7.0722,4450.1754,12.5,9,8.422,7.79,12.07,4.56,NA,64.99,3.22594410070404,7.1279
2006-12-15,6.997,4345.4451,12.5,9,8.741,7.83,10.05,4.6,NA,64.99,3.22594410070404,7.2611
2006-12-22,7.0062,4318.4192,12.5,9,8.991,7.72,11.36,4.63,NA,64.99,3.22594410070404,7.147
2006-12-29,6.9737,4433.0544,12.5,9,9.471,7.7,11.56,4.71,NA,64.99,3.22594410070404,7.2843
2007-01-05,7.1279,4421.9757,12.5,9,9.061,7.48,12.14,4.65,NA,72.95,2.85267248150138,7.1878
2007-01-12,7.2611,4454.3321,12.5,9,9.02,7.64,10.15,4.77,NA,72.95,2.85267248150138,7.1415
2007-01-19,7.147,4486.4479,12.5,9,8.962,7.67,10.4,4.78,NA,72.95,2.85267248150138,7.1864
2007-01-26,7.2843,4702.1122,12.5,9,8.967,7.67,11.13,4.88,NA,72.95,2.85267248150138,7.0724
2007-02-02,7.1878,4641.1492,12.5,9,9.17,7.57,10.08,4.83,NA,72.95,2.85267248150138,7.277
2007-02-09,7.1415,4715.9415,12.5,9,9.021,7.5,11.1,4.79,NA,72.95,2.85267248150138,7.388
2007-02-16,7.1864,4768.2796,12.5,9,8.945,7.53,10.02,4.69,NA,72.95,2.85267248150138,7.4407
2007-02-23,7.0724,4804.0254,12.5,9,8.956,7.37,10.58,4.68,NA,72.95,2.85267248150138,7.1921
2007-03-02,7.277,4841.4275,12.5,9,8.99,7.56,18.61,4.52,NA,72.95,2.85267248150138,7.2649
2007-03-09,7.388,4766.7883,12.5,9,9.02,7.53,14.09,4.59,NA,72.95,2.85267248150138,7.1358
2007-03-16,7.4407,4821.9305,12.5,9,8.79,7.55,16.79,4.55,NA,72.95,2.85267248150138,7.1712
2007-03-23,7.1921,4728.8379,12.5,9,8.96,7.56,12.95,4.62,NA,72.95,2.85267248150138,7.0378
2007-03-30,7.2649,4787.7529,12.5,9,8.919,7.73,14.64,4.65,NA,72.95,2.85267248150138,7.0824
2007-04-06,7.1358,4790.3915,12.5,9,7.298,7.64,13.23,4.76,NA,72.95,2.85267248150138,7.0137
2007-04-13,7.1712,4866.5831,12.5,9,8.88,7.66,12.2,4.76,NA,72.95,2.85267248150138,7.0154
2007-04-20,7.0378,4818.3089,12.5,9,8.776,7.62,12.07,4.68,NA,72.95,2.85267248150138,7.0471
2007-04-27,7.0824,4736.8421,12.5,9,8.748,7.56,12.45,4.71,NA,72.95,2.85267248150138,7.1261
2007-05-04,7.0137,4739.1003,12.5,9,8.804,7.52,12.91,4.65,NA,72.95,2.85267248150138,7.1216
2007-05-11,7.0154,4651.531,12.5,9,9.315,7.54,12.95,4.67,NA,72.95,2.85267248150138,7.282
2007-05-18,7.0471,4639.9648,12.5,9,8.858,7.56,12.76,4.81,NA,72.95,2.85267248150138,7.192
2007-05-25,7.1261,4656.3611,12.5,9,8.917,7.69,13.34,4.86,NA,72.95,2.85267248150138,7.1374
2007-06-01,7.1216,4702.7601,12.5,9,8.942,7.94,12.78,4.95,NA,72.95,2.85267248150138,7.0964
2007-06-08,7.282,4757.0703,13,9.5,9.17,8.07,14.84,5.12,NA,72.95,2.85267248150138,7.0356
2007-06-15,7.192,4652.748,13,9.5,9.603,8.02,13.94,5.16,NA,72.95,2.85267248150138,6.9611
2007-06-22,7.1374,4640.2916,13,9.5,9.567,8.17,15.75,5.14,NA,72.95,2.85267248150138,6.8839
2007-06-29,7.0964,4554.6985,13,9.5,11.009,8.41,16.23,5.03,NA,72.95,2.85267248150138,7.1051
2007-07-06,7.0356,4533.2168,13,9.5,9.795,8.3,14.72,5.19,NA,72.95,2.85267248150138,7.059
2007-07-13,6.9611,4635.1633,13,9.5,9.54,8.3,15.15,5.11,NA,72.95,2.85267248150138,7.1707
2007-07-20,6.8839,4646.1328,13,9.5,9.549,8.36,16.95,4.96,NA,72.95,2.85267248150138,7.484
2007-07-27,7.1051,4685.0672,13,9.5,9.694,8.49,24.17,4.8,NA,72.95,2.85267248150138,7.2869
2007-08-03,7.059,4730.5379,13,9.5,9.715,8.52,25.16,4.71,NA,72.95,2.85267248150138,7.1094
2007-08-10,7.1707,4798.4161,13,9.5,9.787,8.43,28.3,4.81,NA,72.95,2.85267248150138,7.1898
2007-08-17,7.484,4846.5237,13.5,10,9.516,8.42,29.99,4.68,NA,72.95,2.85267248150138,7.1928
2007-08-24,7.2869,4770.9538,13.5,10,9.935,8.28,20.72,4.63,NA,72.95,2.85267248150138,7.0496
2007-08-31,7.1094,4792.5608,13.5,10,10.064,8.33,23.38,4.54,NA,72.95,2.85267248150138,6.8839
2007-09-07,7.1898,5025.198,13.5,10,9.527,8.5,26.23,4.38,NA,72.95,2.85267248150138,6.8994
2007-09-14,7.1928,5100.7168,13.5,10,9.807,8.47,24.92,4.47,NA,72.95,2.85267248150138,6.7536
2007-09-21,7.0496,5109.1131,13.5,10,9.65,8.34,19,4.64,NA,72.95,2.85267248150138,6.8069
2007-09-28,6.8839,5071.0616,13.5,10,9.89,8.16,18,4.59,NA,72.95,2.85267248150138,6.5374
2007-10-05,6.8994,5037.1067,13.5,10,9.821,8.13,16.91,4.65,NA,72.95,2.85267248150138,6.6032
2007-10-12,6.7536,5050.5732,14,10.5,10.049,8.07,17.73,4.7,NA,72.95,2.85267248150138,6.4639
2007-10-19,6.8069,5176.6396,14,10.5,10.361,8.22,22.96,4.41,NA,72.95,2.85267248150138,6.7297
2007-10-26,6.5374,5044.6139,14,10.5,10.055,8.06,19.56,4.41,NA,72.95,2.85267248150138,6.8168
2007-11-02,6.6032,5207.5131,14,10.5,10.143,8.05,23.01,4.31,NA,72.95,2.85267248150138,6.8119
2007-11-09,6.4639,5463.6304,14,10.5,10.361,8.11,28.5,4.23,NA,72.95,2.85267248150138,6.7253
2007-11-16,6.7297,5259.6538,14,10.5,10.41,8.14,25.49,4.15,NA,72.95,2.85267248150138,6.7725
2007-11-23,6.8168,5544.8499,14,10.5,10.547,8.3,25.61,4.01,NA,72.95,2.85267248150138,7.022
2007-11-30,6.8119,5306.8258,14,10.5,10.489,8.39,22.87,3.97,NA,72.95,2.85267248150138,6.8429
2007-12-07,6.7253,5321.6912,14.5,11,10.637,8.26,20.85,4.12,NA,72.95,2.85267248150138,6.8452
2007-12-14,6.7725,5370.1498,14.5,11,10.808,8.24,23.27,4.24,NA,72.95,2.85267248150138,6.827
2007-12-21,7.022,5649.5098,14.5,11,10.681,8.47,18.47,4.18,NA,72.95,2.85267248150138,7.0479
2007-12-28,6.8429,5642.3965,14.5,11,10.743,8.42,20.74,4.11,NA,72.95,2.85267248150138,7.0339
2008-01-04,6.8452,5809.322,14.5,11,10.776,8.41,23.94,3.88,41.8,97.77,3.839100296651,7.4547
2008-01-11,6.827,6066.4514,14.5,11,10.99,8.35,23.68,3.82,41.8,97.77,3.839100296651,7.6478
2008-01-18,7.0479,6148.3882,14.5,11,10.927,8.23,27.18,3.66,41.8,97.77,3.839100296651,7.5956
2008-01-25,7.0339,6523.0496,14.5,11,10.844,8.34,29.08,3.61,41.8,97.77,3.839100296651,7.7976
2008-02-01,7.4547,6838.453,14.5,11,10.954,8.56,24.02,3.62,41.9,97.77,3.839100296651,7.6342
2008-02-08,7.6478,6996.3685,14.5,11,10.8,8.69,28.01,3.64,41.9,97.77,3.839100296651,7.9943
2008-02-15,7.5956,6960.466,14.5,11,11.012,8.67,25.02,3.76,41.9,97.77,3.839100296651,7.9365
2008-02-22,7.7976,7272.7273,14.5,11,10.8,8.74,24.06,3.79,41.9,97.77,3.839100296651,8.1161
2008-02-29,7.6342,7440.5675,14.5,11,10.95,8.9,26.54,3.53,41.9,97.77,3.839100296651,8.0207
2008-03-07,7.9943,7615.1444,14.5,11,10.95,9.16,27.49,3.56,42.5,97.77,3.839100296651,7.7891
2008-03-14,7.9365,7892.3183,14.5,11,10.9,9.2,31.16,3.44,42.5,97.77,3.839100296651,7.7741
2008-03-21,8.1161,7501.0196,14.5,11,10.78,9.16,26.62,3.34,42.5,97.77,3.839100296651,7.8155
2008-03-28,8.0207,7557.321,14.5,11,11.09,9.17,25.71,3.47,42.5,97.77,3.839100296651,7.6744
2008-04-04,7.7891,7062.2075,14.5,11,10.91,8.94,22.45,3.5,42.8,97.77,3.839100296651,7.594
2008-04-11,7.7741,7227.9641,15,11.5,10.86,9.25,23.46,3.49,42.8,97.77,3.839100296651,7.6815
2008-04-18,7.8155,7039.117,15,11.5,11.47,9.17,20.13,3.77,42.8,97.77,3.839100296651,7.5455
2008-04-25,7.6744,6778.5171,15,11.5,11.312,9.35,19.59,3.91,42.8,97.77,3.839100296651,7.6773
2008-05-02,7.594,6449.2069,15,11.5,11.5,9.41,18.18,3.89,43.1,97.77,3.839100296651,7.5874
2008-05-09,7.6815,6766.1167,15,11.5,11.06,9.44,19.41,3.77,43.1,97.77,3.839100296651,7.8437
2008-05-16,7.5455,6659.1928,15,11.5,11.48,9.45,16.47,3.85,43.1,97.77,3.839100296651,8.0964
2008-05-23,7.6773,7060.1145,15,11.5,11.51,9.57,19.55,3.85,43.1,97.77,3.839100296651,7.9503
2008-05-30,7.5874,6686.553,15,11.5,11.66,9.88,17.83,4.06,43.1,97.77,3.839100296651,7.9417
2008-06-06,7.8437,6929.6875,15,11.5,11.42,10.06,23.56,3.94,43.7,97.77,3.839100296651,7.7444
2008-06-13,8.0964,7155.4878,15.5,12,11.74,10.34,21.22,4.27,43.7,97.77,3.839100296651,7.7262
2008-06-20,7.9503,7224.2206,15.5,12,11.93,10.45,22.87,4.16,43.7,97.77,3.839100296651,7.5766
2008-06-27,7.9417,7276.8562,15.5,12,12.09,10.61,23.44,3.99,43.7,97.77,3.839100296651,7.616
2008-07-04,7.7444,7167.0516,15.5,12,11.87,10.55,24.79,3.99,44.4,97.77,3.839100296651,7.3464
2008-07-11,7.7262,7364.2142,15.5,12,11.89,10.51,27.49,3.96,44.4,97.77,3.839100296651,7.5951
2008-07-18,7.5766,7228.1791,15.5,12,11.81,9.92,24.05,4.11,44.4,97.77,3.839100296651,7.9594
2008-07-25,7.616,7017.9924,15.5,12,11.96,9.67,22.91,4.13,44.4,97.77,3.839100296651,7.6566
2008-08-01,7.3464,6611.0305,15.5,12,11.85,9.24,22.57,3.97,44.7,97.77,3.839100296651,7.6696
2008-08-08,7.5951,6401.9389,15.5,12,11.79,9.43,20.66,3.94,44.7,97.77,3.839100296651,8.0549
2008-08-15,7.9594,6205.5687,15.5,12,11.94,9.16,19.58,3.84,44.7,97.77,3.839100296651,8.0795
2008-08-22,7.6566,6327.4675,15.5,12,11.98,9.18,18.81,3.87,44.7,97.77,3.839100296651,8.0774
2008-08-29,7.6696,6401.4571,15.5,12,12.02,9.08,20.65,3.83,44.7,97.77,3.839100296651,8.1604
2008-09-05,8.0549,6378.1797,15.5,12,11.87,9.23,23.06,3.66,44.9,97.77,3.839100296651,8.5187
2008-09-12,8.0795,6129.065,15.5,12,11.92,9.11,25.66,3.74,44.9,97.77,3.839100296651,9.3626
2008-09-19,8.0774,6729.1009,15.5,12,11.76,8.95,32.07,3.78,44.9,97.77,3.839100296651,10.1609
2008-09-26,8.1604,7173.6418,15.5,12,12.08,8.82,34.74,3.85,44.9,97.77,3.839100296651,11.474
2008-10-03,8.5187,7060.4396,15.5,12,12.55,8.91,45.14,3.63,45.1,97.77,3.839100296651,10.1919
2008-10-10,9.3626,8411.1933,15.5,12,13.02,8.97,69.95,3.89,45.1,97.77,3.839100296651,10.0284
2008-10-17,10.1609,7999.4955,15.5,12,12.96,9.3,70.33,3.98,45.1,97.77,3.839100296651,10.2818
2008-10-24,11.474,7677.5956,15.5,12,12.55,9.84,79.13,3.76,45.1,97.77,3.839100296651,10.5924
2008-10-31,10.1919,7303.5536,15.5,12,11.73,9.12,59.89,4.01,45.1,97.77,3.839100296651,9.908
2008-11-07,10.0284,7415.9137,15.5,12,12.21,8.68,56.1,3.83,45.1,97.77,3.839100296651,10.2449
2008-11-14,10.2818,7668.7435,15.5,12,13.18,8.88,66.31,3.72,45.1,97.77,3.839100296651,10.173
2008-11-21,10.5924,7992.7007,15.5,12,12.42,8.4,72.67,3.2,45.1,97.77,3.839100296651,9.6665
2008-11-28,9.908,7988.2237,15.5,12,14.09,8.27,55.84,2.93,45.1,97.77,3.839100296651,9.6584
2008-12-05,10.2449,7855.1136,15.5,12,12.63,8.11,59.93,2.67,45,97.77,3.839100296651,9.458
2008-12-12,10.173,8292.4671,15,11.5,12.31,7.83,54.28,2.6,45,97.77,3.839100296651,9.6866
2008-12-19,9.6665,8114.0988,15,11.5,14.47,7.17,44.93,2.13,45,97.77,3.839100296651,9.9291
2008-12-26,9.6584,8022.5312,15,11.5,11.82,7.34,43.38,2.16,45,97.77,3.839100296651,10.2549
2009-01-02,9.458,8150.7009,15,11.5,14.6,7.29,39.19,2.46,45.3,61.59,-0.355546266299747,10.1333
2009-01-09,9.6866,8163.3877,15,11.5,11.81,7.62,42.82,2.43,45.3,61.59,-0.355546266299747,9.8822
2009-01-16,9.9291,8151.4258,15,11.5,12.31,7.84,46.11,2.36,45.3,61.59,-0.355546266299747,9.9352
2009-01-23,10.2549,9070.2801,15,11.5,11.6,7.95,47.27,2.65,45.3,61.59,-0.355546266299747,10.2224
2009-01-30,10.1333,9311.0436,15,11.5,11.88,7.79,44.84,2.87,45.3,61.59,-0.355546266299747,9.9498
2009-02-06,9.8822,9089.5522,14,10.5,10.97,8.11,43.37,3.05,45.7,61.59,-0.355546266299747,10.5948
2009-02-13,9.9352,9299.3552,14,10.5,10.45,8.44,42.93,2.89,45.7,61.59,-0.355546266299747,9.9109
2009-02-20,10.2224,9979.7366,14,10.5,10.69,8.45,49.3,2.78,45.7,61.59,-0.355546266299747,9.7388
2009-02-27,9.9498,9526.3819,14,10.5,10.9,8.36,46.35,3.02,45.7,61.59,-0.355546266299747,9.4816
2009-03-06,10.5948,9789.7074,14,10.5,10.72,8.29,49.33,2.83,46.4,61.59,-0.355546266299747,9.0943
2009-03-13,9.9109,9175.7696,14,10.5,10.81,8.2,42.36,2.89,46.4,61.59,-0.355546266299747,9.1395
2009-03-20,9.7388,9082.6996,14,10.5,10.6,8.32,45.89,2.65,46.4,61.59,-0.355546266299747,8.9202
2009-03-27,9.4816,8814.2857,13,9.5,10.01,8.74,41.04,2.78,46.4,61.59,-0.355546266299747,8.8234
2009-04-03,9.0943,8218.8353,13,9.5,9.51,8.57,39.7,2.91,46.6,61.59,-0.355546266299747,8.4291
2009-04-10,9.1395,7939.919,13,9.5,9.36,8.62,36.53,2.96,46.6,61.59,-0.355546266299747,8.4474
2009-04-17,8.9202,7730.701,13,9.5,9.45,8.42,33.94,2.98,46.6,61.59,-0.355546266299747,8.5493
2009-04-24,8.8234,8059.0062,13,9.5,9.55,8.41,36.82,3.03,46.6,61.59,-0.355546266299747,8.3173
2009-05-01,8.4291,7451.4768,13,9.5,10.54,8.52,35.3,3.21,46.7,61.59,-0.355546266299747,7.9795
2009-05-08,8.4474,7614.7746,12,8.5,8.63,8.61,32.05,3.29,46.7,61.59,-0.355546266299747,8.0412
2009-05-15,8.5493,7916.3108,12,8.5,8.48,8.75,33.12,3.14,46.7,61.59,-0.355546266299747,7.9929
2009-05-22,8.3173,8007.7471,12,8.5,8.69,8.67,32.63,3.45,46.7,61.59,-0.355546266299747,8.1337
2009-05-29,7.9795,7734.3129,11,7.5,8.16,8.77,28.92,3.47,46.7,61.59,-0.355546266299747,7.9981
2009-06-05,8.0412,7759,11,7.5,8.07,8.91,29.62,3.84,46.9,61.59,-0.355546266299747,7.926
2009-06-12,7.9929,7542.9656,11,7.5,7.54,8.84,28.15,3.81,46.9,61.59,-0.355546266299747,8.1641
2009-06-19,8.1337,7518.1014,11,7.5,7.6,8.8,27.99,3.79,46.9,61.59,-0.355546266299747,8.098
2009-06-26,7.9981,7427.108,11,7.5,7.75,8.9,25.93,3.52,46.9,61.59,-0.355546266299747,7.7043
2009-07-03,7.926,7348.3058,11,7.5,7.5,9.25,27.95,3.51,47.3,61.59,-0.355546266299747,7.8074
2009-07-10,8.1641,7465.1925,11,7.5,7.69,9.18,29.02,3.32,47.3,61.59,-0.355546266299747,8.1415
2009-07-17,8.098,7548.3871,11,7.5,7.9,9.08,24.34,3.67,47.3,61.59,-0.355546266299747,8.0274
2009-07-24,7.7043,7363.4779,11,7.5,7.52,9.02,23.09,3.7,47.3,61.59,-0.355546266299747,7.8864
2009-07-31,7.8074,7314.7426,11,7.5,7.79,8.84,25.92,3.52,47.3,61.59,-0.355546266299747,7.782
2009-08-07,8.1415,7672.1377,11,7.5,7.58,8.91,24.76,3.89,47.5,61.59,-0.355546266299747,7.6712
2009-08-14,8.0274,7680.8682,10.5,7,7.53,8.81,24.27,3.55,47.5,61.59,-0.355546266299747,7.6115
2009-08-21,7.8864,7352.4845,10.5,7,7.54,8.7,25.01,3.56,47.5,61.59,-0.355546266299747,7.4623
2009-08-28,7.782,7360.0386,10.5,7,7.14,8.7,24.76,3.46,47.5,61.59,-0.355546266299747,7.4921
2009-09-04,7.6712,7537.1854,10.5,7,7,8.71,25.26,3.45,47.6,61.59,-0.355546266299747,7.7587
2009-09-11,7.6115,7464.6577,10.5,7,7.13,8.64,24.15,3.34,47.6,61.59,-0.355546266299747,7.407
2009-09-18,7.4623,7509.2661,10.5,7,6.94,8.63,23.92,3.49,47.6,61.59,-0.355546266299747,7.348
2009-09-25,7.4921,7370.2743,10.5,7,7,8.69,25.61,3.34,47.6,61.59,-0.355546266299747,7.4492
2009-10-02,7.7587,7721.8364,10.5,7,6.87,8.86,28.68,3.24,47.6,61.59,-0.355546266299747,7.7703
2009-10-09,7.407,7702.8267,10.5,7,6.9,8.98,23.12,3.4,47.6,61.59,-0.355546266299747,7.57
2009-10-16,7.348,7646.8978,10.5,7,6.95,9.24,21.43,3.43,47.6,61.59,-0.355546266299747,7.4551
2009-10-23,7.4492,7862.963,10.5,7,6.99,9.22,22.27,3.51,47.6,61.59,-0.355546266299747,7.5239
2009-10-30,7.7703,8035.852,10.5,7,6.94,9.1,30.69,3.41,47.6,61.59,-0.355546266299747,7.5878
2009-11-06,7.57,8277.0015,10.5,7,7.05,8.92,24.19,3.54,47.6,61.59,-0.355546266299747,7.3687
2009-11-13,7.4551,8184.678,10.5,7,6.97,9,23.36,3.43,47.6,61.59,-0.355546266299747,7.5354
2009-11-20,7.5239,8587.2837,10.5,7,6.95,9.01,22.19,3.36,47.6,61.59,-0.355546266299747,7.519
2009-11-27,7.5878,8710.7623,10.5,7,7.04,9.19,24.85,3.21,47.6,61.59,-0.355546266299747,7.5819
2009-12-04,7.3687,8760.981,10.5,7,7.13,9.01,21.25,3.48,47.8,61.59,-0.355546266299747,7.3721
2009-12-11,7.5354,8441.4616,10.5,7,7.1,9,21.59,3.55,47.8,61.59,-0.355546266299747,7.4206
2009-12-18,7.519,8337.1041,10.5,7,7.69,9.01,21.68,3.55,47.8,61.59,-0.355546266299747,7.4196
2009-12-25,7.5819,8254.858,10.5,7,7.02,9.06,19.47,3.82,47.8,61.59,-0.355546266299747,7.5481
2010-01-01,7.3721,8117.6471,10.5,7,7.6,9.04,21.68,3.85,47.9,79.54,1.6400434423899,7.5879
2010-01-08,7.4206,8248.3492,10.5,7,7.24,9.25,18.13,3.83,47.9,79.54,1.6400434423899,7.7089
2010-01-15,7.4196,8357.9882,10.5,7,7.07,9.32,17.91,3.7,47.9,79.54,1.6400434423899,7.6488
2010-01-22,7.5481,8265.7316,10.5,7,6.95,9.21,27.31,3.62,47.9,79.54,1.6400434423899,7.6891
2010-01-29,7.5879,8143.3685,10.5,7,7.44,9.18,24.62,3.63,47.9,79.54,1.6400434423899,7.7859
2010-02-05,7.7089,8060.5424,10.5,7,7.37,9.16,26.11,3.59,48.2,79.54,1.6400434423899,7.4637
2010-02-12,7.6488,8264.1546,10.5,7,7.15,9.12,22.73,3.69,48.2,79.54,1.6400434423899,7.4007
2010-02-19,7.6891,8485.2829,10.5,7,6.87,9.13,20.02,3.78,48.2,79.54,1.6400434423899,7.3076
2010-02-26,7.7859,8534.7809,10.5,7,7.5,9.03,19.5,3.61,48.2,79.54,1.6400434423899,7.4421
2010-03-05,7.4637,8419.8813,10.5,7,6.99,8.96,17.42,3.69,48.6,79.54,1.6400434423899,7.238
2010-03-12,7.4007,8162.1423,10.5,7,7.16,9.04,17.58,3.71,48.6,79.54,1.6400434423899,7.2376
2010-03-19,7.3076,8104.0757,10.5,7,7.1,8.94,16.97,3.7,48.6,79.54,1.6400434423899,7.3566
2010-03-26,7.4421,8121.7617,10,6.5,6.98,8.72,17.77,3.86,48.6,79.54,1.6400434423899,7.4733
2010-04-02,7.238,8073.1795,10,6.5,6.85,8.76,17.47,3.96,48.6,79.54,1.6400434423899,7.3263
2010-04-09,7.2376,8370.1958,10,6.5,6.45,8.79,16.14,3.9,48.6,79.54,1.6400434423899,7.7344
2010-04-16,7.3566,8518.4502,10,6.5,6.44,8.75,18.36,3.79,48.6,79.54,1.6400434423899,7.5243
2010-04-23,7.4733,8461.3957,10,6.5,6.48,8.71,16.62,3.84,48.6,79.54,1.6400434423899,7.949
2010-04-30,7.3263,8599.3426,10,6.5,6.53,8.73,22.05,3.69,48.6,79.54,1.6400434423899,7.5425
2010-05-07,7.7344,9209.5475,10,6.5,6.62,9.07,40.95,3.45,48.7,79.54,1.6400434423899,7.644
2010-05-14,7.5243,9291.479,10,6.5,6.6,8.77,31.24,3.44,48.7,79.54,1.6400434423899,7.7091
2010-05-21,7.949,9289.5047,10,6.5,6.49,9.07,40.1,3.2,48.7,79.54,1.6400434423899,7.5465
2010-05-28,7.5425,9179.3025,10,6.5,6.47,8.85,32.07,3.31,48.7,79.54,1.6400434423899,7.6366
2010-06-04,7.644,9250.5765,10,6.5,6.45,8.98,35.48,3.2,48.7,79.54,1.6400434423899,7.7008
2010-06-11,7.7091,9372.1198,10,6.5,6.55,8.91,28.79,3.24,48.7,79.54,1.6400434423899,7.5659
2010-06-18,7.5465,9398.4962,10,6.5,6.43,8.94,23.95,3.24,48.7,79.54,1.6400434423899,7.562
2010-06-25,7.6366,9528.626,10,6.5,6.42,9.07,28.53,3.12,48.7,79.54,1.6400434423899,7.4386
2010-07-02,7.7008,9227.2379,10,6.5,6.6,8.96,30.12,3,49.1,79.54,1.6400434423899,7.3477
2010-07-09,7.5659,9089.1912,10,6.5,6.53,8.83,24.98,3.07,49.1,79.54,1.6400434423899,7.2461
2010-07-16,7.562,9040.7855,10,6.5,6.6,8.91,26.25,2.96,49.1,79.54,1.6400434423899,7.2573
2010-07-23,7.4386,8881.9703,10,6.5,6.6,8.81,23.47,3.02,49.1,79.54,1.6400434423899,7.3024
2010-07-30,7.3477,8529.1971,10,6.5,6.59,8.52,23.5,2.94,49.1,79.54,1.6400434423899,7.3228
2010-08-06,7.2461,8666.1255,10,6.5,6.54,8.52,21.74,2.86,49.1,79.54,1.6400434423899,7.2191
2010-08-13,7.2573,8788.8929,10,6.5,6.37,8.25,26.24,2.68,49.1,79.54,1.6400434423899,7.1912
2010-08-20,7.3024,8949.6718,10,6.5,6.44,7.9,25.49,2.62,49.1,79.54,1.6400434423899,7.1276
2010-08-27,7.3228,9059.0609,10,6.5,6.49,7.88,24.45,2.66,49.1,79.54,1.6400434423899,7.0584
2010-09-03,7.2191,8889.087,10,6.5,6.51,8.03,21.31,2.72,49.1,79.54,1.6400434423899,6.9529
2010-09-10,7.1912,8911.6071,9.5,6,6.45,7.78,21.99,2.81,49.1,79.54,1.6400434423899,6.9308
2010-09-17,7.1276,9062.0567,9.5,6,5.86,8,22.01,2.75,49.1,79.54,1.6400434423899,6.8076
2010-09-24,7.0584,9137.3239,9.5,6,5.97,7.92,21.71,2.62,49.1,79.54,1.6400434423899,6.9614
2010-10-01,6.9529,9047.66,9.5,6,6.02,7.99,22.5,2.54,49.2,79.54,1.6400434423899,7.0269
2010-10-08,6.9308,9113.2333,9.5,6,6.05,8.02,20.71,2.41,49.2,79.54,1.6400434423899,6.8028
2010-10-15,6.8076,9335.8844,9.5,6,5.94,7.96,19.03,2.59,49.2,79.54,1.6400434423899,7.0107
2010-10-22,6.9614,9146.4681,9.5,6,6.02,8.09,18.78,2.59,49.2,79.54,1.6400434423899,6.9527
2010-10-29,7.0269,9291.8975,9.5,6,6.27,8.04,21.2,2.63,49.2,79.54,1.6400434423899,7.0917
2010-11-05,6.8028,9359.4276,9.5,6,6.08,7.9,18.26,2.58,49.3,79.54,1.6400434423899,6.9293
2010-11-12,7.0107,9524.7083,9.5,6,6.04,8.08,20.61,2.76,49.3,79.54,1.6400434423899,6.8981
2010-11-19,6.9527,9381.5149,9,5.5,5.57,8,18.04,2.88,49.3,79.54,1.6400434423899,6.8211
2010-11-26,7.0917,9671.2864,9,5.5,5.68,8.39,22.22,2.87,49.3,79.54,1.6400434423899,6.7407
2010-12-03,6.9293,9585.9053,9,5.5,5.79,8.35,18.01,3.03,49.4,79.54,1.6400434423899,6.6224
2010-12-10,6.8981,9424.8466,9,5.5,5.49,8.45,17.61,3.32,49.4,79.54,1.6400434423899,6.811
2010-12-17,6.8211,9324.4392,9,5.5,5.55,8.45,16.11,3.33,49.4,79.54,1.6400434423899,6.8268
2010-12-24,6.7407,9321.4045,9,5.5,5.85,8.38,16.47,3.41,49.4,79.54,1.6400434423899,7.0621
2010-12-31,6.6224,9354.6512,9,5.5,6.14,8.28,17.75,3.3,49.4,79.54,1.6400434423899,7.1002
2011-01-07,6.811,9313.0554,9,5.5,5.98,8.24,17.14,3.34,49.7,111.19,3.156841568622,7.27
2011-01-14,6.8268,9487.6907,9,5.5,5.46,8.49,15.46,3.35,49.7,111.19,3.156841568622,7.2853
2011-01-21,7.0621,9536.9056,9,5.5,5.35,8.7,18.47,3.44,49.7,111.19,3.156841568622,7.1982
2011-01-28,7.1002,9363.8948,9,5.5,5.54,8.62,20.04,3.36,49.7,111.19,3.156841568622,7.026
2011-02-04,7.27,9855.9446,9,5.5,5.35,8.72,15.93,3.68,49.9,111.19,3.156841568622,6.8892
2011-02-11,7.2853,9952.4854,9,5.5,5.42,8.67,15.69,3.64,49.9,111.19,3.156841568622,6.9125
2011-02-18,7.1982,9917.6218,9,5.5,5.59,8.62,16.43,3.59,49.9,111.19,3.156841568622,7.047
2011-02-25,7.026,9809.5737,9,5.5,5.51,8.92,19.22,3.42,49.9,111.19,3.156841568622,6.8768
2011-03-04,6.8892,9851.108,9,5.5,5.62,8.95,19.06,3.49,50.5,111.19,3.156841568622,6.7665
2011-03-11,6.9125,9775.641,9,5.5,5.59,9,20.08,3.4,50.5,111.19,3.156841568622,6.6479
2011-03-18,7.047,9926.9366000000009,9,5.5,5.27,8.96,24.44,3.28,50.5,111.19,3.156841568622,6.8468
2011-03-25,6.8768,9862.543,9,5.5,5.46,8.9,17.91,3.46,50.5,111.19,3.156841568622,6.7663
2011-04-01,6.7665,9604.3771,9,5.5,5.44,8.91,17.4,3.46,50.7,111.19,3.156841568622,6.6227
2011-04-08,6.6479,9767.4419,9,5.5,5.39,8.63,17.87,3.59,50.7,111.19,3.156841568622,6.7568
2011-04-15,6.8468,10155.8196,9,5.5,5.2,8.74,15.32,3.43,50.7,111.19,3.156841568622,6.8971
2011-04-22,6.7663,10165.4288,9,5.5,5.436,8.65,14.69,3.42,50.7,111.19,3.156841568622,6.8817
2011-04-29,6.6227,10087.1711,9,5.5,5.22,8.63,14.75,3.32,50.7,111.19,3.156841568622,6.9312
2011-05-06,6.7568,9960.6497,9,5.5,5.09,8.65,18.4,3.19,50.9,111.19,3.156841568622,6.7183
2011-05-13,6.8971,10548.0769,9,5.5,5.4,8.59,17.07,3.18,50.9,111.19,3.156841568622,6.7625
2011-05-20,6.8817,10350.9682,9,5.5,5.48,8.47,17.43,3.15,50.9,111.19,3.156841568622,6.8672
2011-05-27,6.9312,10581.3149,9,5.5,5.47,8.46,15.98,3.07,50.9,111.19,3.156841568622,6.8913
2011-06-03,6.7183,10319.2204,9,5.5,5.58,8.38,17.95,2.99,51.2,111.19,3.156841568622,6.7631
2011-06-10,6.7625,10414.6879,9,5.5,5.38,8.47,18.86,2.99,51.2,111.19,3.156841568622,6.6917
2011-06-17,6.8672,10413.8341,9,5.5,5.48,8.58,21.85,2.94,51.2,111.19,3.156841568622,6.9019
2011-06-24,6.8913,10453.6846,9,5.5,5.21,8.55,21.1,2.88,51.2,111.19,3.156841568622,6.7559
2011-07-01,6.7631,10080.4539,9,5.5,5.58,8.58,15.87,3.22,51.6,111.19,3.156841568622,6.7708
2011-07-08,6.6917,10286.7203,9,5.5,5.45,8.46,15.95,3.03,51.6,111.19,3.156841568622,6.948
2011-07-15,6.9019,10938.1479,9,5.5,5.48,8.6,19.53,2.94,51.6,111.19,3.156841568622,7.2318
2011-07-22,6.7559,10842.964,9,5.5,5.66,8.45,17.52,2.99,51.6,111.19,3.156841568622,7.2207
2011-07-29,6.7708,10880.0336,9,5.5,5.49,8.5,25.25,2.82,51.6,111.19,3.156841568622,7.2105
2011-08-05,6.948,11461.2069,9,5.5,5.49,8.11,32,2.58,51.6,111.19,3.156841568622,7.0016
2011-08-12,7.2318,12557.554,9,5.5,5.58,8.35,36.36,2.24,51.6,111.19,3.156841568622,7.2444
2011-08-19,7.2207,13316.5829,9,5.5,5.633,7.94,43.05,2.07,51.6,111.19,3.156841568622,7.4261
2011-08-26,7.2105,12841.2356,9,5.5,5.63,8.02,35.59,2.19,51.6,111.19,3.156841568622,8.2825
2011-09-02,7.0016,13177.5618,9,5.5,5.627,7.94,33.92,2.02,52,111.19,3.156841568622,8.0268
2011-09-09,7.2444,13595.1166,9,5.5,5.5,7.83,38.52,1.93,52,111.19,3.156841568622,7.9464
2011-09-16,7.4261,13210.0592,9,5.5,5.5,8.19,30.98,2.08,52,111.19,3.156841568622,7.8465
2011-09-23,8.2825,14116.4327,9,5.5,5.577,8.62,41.25,1.84,52,111.19,3.156841568622,8.1913
2011-09-30,8.0268,13185.8766,9,5.5,5.74,8.62,42.96,1.92,52,111.19,3.156841568622,7.6993
2011-10-07,7.9464,13117.5536,9,5.5,5.61,8.47,36.2,2.1,52.3,111.19,3.156841568622,7.8702
2011-10-14,7.8465,13183.9623,9,5.5,5.39,8.39,28.24,2.26,52.3,111.19,3.156841568622,7.964
2011-10-21,8.1913,13220.6478,9,5.5,5.551,8.41,31.32,2.23,52.3,111.19,3.156841568622,8.2205
2011-10-28,7.6993,13483.3204,9,5.5,5.59,8.24,24.53,2.34,52.3,111.19,3.156841568622,8.5187
2011-11-04,7.8702,13788.3556,9,5.5,5.603,8.3,30.16,2.06,52.3,111.19,3.156841568622,8.0872
2011-11-11,7.964,14024.5837,9,5.5,5.485,8.33,30.04,2.04,52.3,111.19,3.156841568622,8.2529
2011-11-18,8.2205,14066.0685,9,5.5,5.5,8.46,32,2.01,52.3,111.19,3.156841568622,8.3659
2011-11-25,8.5187,14415.1671,9,5.5,5.714,8.67,34.47,1.97,52.3,111.19,3.156841568622,8.173
2011-12-02,8.0872,13969.6486,9,5.5,5.5,8.4,27.52,2.05,52.5,111.19,3.156841568622,8.1319
2011-12-09,8.2529,14043.514,9,5.5,5.9,8.48,26.38,2.07,52.5,111.19,3.156841568622,8.1569
2011-12-16,8.3659,13205.3422,9,5.5,6.146,8.73,24.29,1.86,52.5,111.19,3.156841568622,8.0373
2011-12-23,8.173,13154.6645,9,5.5,6.3,8.5,20.73,2.03,52.5,111.19,3.156841568622,7.9553
2011-12-30,8.1319,12603.4903,9,5.5,6.5,8.49,23.4,1.89,52.5,111.19,3.156841568622,7.8113
2012-01-06,8.1569,13171.2775,9,5.5,5.92,8.63,20.63,1.98,52.7,111.8,2.06933726526067,7.6606
2012-01-13,8.0373,13237.0759,9,5.5,5.74,8.52,20.91,1.89,52.7,111.8,2.06933726526067,7.6641
2012-01-20,7.9553,13143.4263,9,5.5,5.52,8.35,18.28,2.05,52.7,111.8,2.06933726526067,7.7709
2012-01-27,7.8113,13447.7379,9,5.5,5.507,8.19,18.53,1.93,52.7,111.8,2.06933726526067,7.6305
2012-02-03,7.6606,13253.0349,9,5.5,5.42,8.06,17.1,1.97,53,111.8,2.06933726526067,7.4877
2012-02-10,7.6641,13313.9083,9,5.5,5.1,8.31,20.79,1.96,53,111.8,2.06933726526067,7.5077
2012-02-17,7.7709,13350.0773,9,5.5,5.36,8.26,17.78,2.01,53,111.8,2.06933726526067,7.6369
2012-02-24,7.6305,13531.2024,9,5.5,5.439,8.27,17.31,1.98,53,111.8,2.06933726526067,7.6826
2012-03-02,7.4877,12853.118,9,5.5,5.47,8.27,17.29,1.99,53.6,111.8,2.06933726526067,7.682
2012-03-09,7.5077,12733.0827,9,5.5,5.49,8.27,17.11,2.04,53.6,111.8,2.06933726526067,7.8233
2012-03-16,7.6369,12545.5235,9,5.5,5.22,8.43,14.47,2.31,53.6,111.8,2.06933726526067,7.927
2012-03-23,7.6826,12799.2278,9,5.5,5.24,8.46,14.82,2.25,53.6,111.8,2.06933726526067,7.8073
2012-03-30,7.682,12762.0968,9,5.5,5.485,8.4,15.5,2.23,53.6,111.8,2.06933726526067,7.7413
2012-04-06,7.8233,12708.9844,9,5.5,5.433,8.52,16.7,2.07,53.9,111.8,2.06933726526067,7.7471
2012-04-13,7.927,13200.1582,9,5.5,5.4,8.28,19.55,2.02,53.9,111.8,2.06933726526067,8.0866
2012-04-20,7.8073,12838.4194,9,5.5,5.375,8.11,17.44,1.99,53.9,111.8,2.06933726526067,8.3524
2012-04-27,7.7413,12847.2763,9,5.5,5.49,8.18,16.32,1.96,53.9,111.8,2.06933726526067,8.3225
2012-05-04,7.7471,12726.4774,9,5.5,5.456,8.07,19.16,1.91,53.9,111.8,2.06933726526067,8.5671
2012-05-11,8.0866,12798.3414,9,5.5,5.424,8.31,19.89,1.84,53.9,111.8,2.06933726526067,8.4913
2012-05-18,8.3524,13217.5541,9,5.5,5.644,8.29,25.1,1.71,53.9,111.8,2.06933726526067,8.3724
2012-05-25,8.3225,13063.4391,9,5.5,5.66,8.3,21.76,1.75,53.9,111.8,2.06933726526067,8.3833
2012-06-01,8.5671,13579.1058,9,5.5,5.516,8.39,26.66,1.47,54.1,111.8,2.06933726526067,8.3075
2012-06-08,8.4913,13346.7401,9,5.5,5.574,8.29,21.23,1.65,54.1,111.8,2.06933726526067,8.1596
2012-06-15,8.3724,13607.6214,9,5.5,5.651,8.18,21.11,1.6,54.1,111.8,2.06933726526067,8.3333
2012-06-22,8.3833,13165.4072,9,5.5,5.552,8.05,18.11,1.69,54.1,111.8,2.06933726526067,8.1902
2012-06-29,8.3075,13004.9261,9,5.5,5.677,7.94,17.08,1.67,54.1,111.8,2.06933726526067,8.2425
2012-07-06,8.1596,13157.0778,9,5.5,5.575,7.82,17.1,1.57,54.1,111.8,2.06933726526067,8.3026
2012-07-13,8.3333,13161.2769,9,5.5,5.68,7.63,16.74,1.52,54.1,111.8,2.06933726526067,8.1377
2012-07-20,8.1902,13054.7521,8.5,5,5.103,7.16,16.27,1.49,54.1,111.8,2.06933726526067,8.2673
2012-07-27,8.2425,13299.0961,8.5,5,5.216,7.23,16.7,1.58,54.1,111.8,2.06933726526067,8.3737
2012-08-03,8.3026,13070.3189,8.5,5,5.057,7.32,15.64,1.6,54.4,111.8,2.06933726526067,8.4314
2012-08-10,8.1377,13085.9692,8.5,5,5.271,7.39,14.74,1.65,54.4,111.8,2.06933726526067,8.2401
2012-08-17,8.2673,13474.7706,8.5,5,4.82,7.62,13.45,1.81,54.4,111.8,2.06933726526067,8.2598
2012-08-24,8.3737,14006.3025,8.5,5,5.082,7.51,15.18,1.68,54.4,111.8,2.06933726526067,8.2786
2012-08-31,8.4314,13962.2044,8.5,5,5.139,7.39,17.47,1.57,54.4,111.8,2.06933726526067,8.2222
2012-09-07,8.2401,14055.8292,8.5,5,5.186,7.34,14.38,1.67,54.8,111.8,2.06933726526067,8.6497
2012-09-14,8.2598,14600.823,8.5,5,5.042,7.51,14.51,1.88,54.8,111.8,2.06933726526067,8.6288
2012-09-21,8.2786,14679.2492,8.5,5,4.911,7.46,13.98,1.77,54.8,111.8,2.06933726526067,8.653
2012-09-28,8.2222,14759.3361,8.5,5,5.2,7.38,15.73,1.65,54.8,111.8,2.06933726526067,8.7508
2012-10-05,8.6497,15365.4342,8.5,5,5.198,7.63,14.33,1.75,55.2,111.8,2.06933726526067,8.6582
2012-10-12,8.6288,15218.561600000001,8.5,5,5.038,7.68,16.14,1.69,55.2,111.8,2.06933726526067,8.6961
2012-10-19,8.653,14968.723,8.5,5,4.921,7.58,17.06,1.79,55.2,111.8,2.06933726526067,8.8887
2012-10-26,8.7508,14818.0243,8.5,5,5.05,7.76,17.81,1.78,55.2,111.8,2.06933726526067,8.9432
2012-11-02,8.6582,14689.3939,8.5,5,4.957,7.68,17.59,1.75,55.3,111.8,2.06933726526067,8.7732
2012-11-09,8.6961,15197.0228,8.5,5,4.94,7.62,18.61,1.61,55.3,111.8,2.06933726526067,8.7031
2012-11-16,8.8887,15365.7989,8.5,5,5.082,7.68,16.41,1.58,55.3,111.8,2.06933726526067,8.6507
2012-11-23,8.9432,15432.6068,8.5,5,5.021,7.61,15.14,1.7,55.3,111.8,2.06933726526067,8.5461
2012-11-30,8.7732,15297.8299,8.5,5,4.996,7.56,15.87,1.62,55.3,111.8,2.06933726526067,8.5031
2012-12-07,8.7031,14750.434,8.5,5,5.003,7.39,15.9,1.64,55.5,111.8,2.06933726526067,8.6295
2012-12-14,8.6507,14699.9567,8.5,5,4.932,7.31,17,1.72,55.5,111.8,2.06933726526067,8.6734000000000009
2012-12-21,8.5461,14149.8714,8.5,5,4.897,7.2,17.84,1.77,55.5,111.8,2.06933726526067,8.8528
2012-12-28,8.5031,14099.7024,8.5,5,5.056,7.25,22.72,1.73,55.5,111.8,2.06933726526067,8.9902
2013-01-04,8.6295,14126.8303,8.5,5,4.93,7.37,13.83,1.93,55.7,108.79,1.46483265562717,8.9682
2013-01-11,8.6734000000000009,14477.8068,8.5,5,4.829,7.14,13.36,1.89,55.7,108.79,1.46483265562717,8.9401
2013-01-18,8.8528,15028.9146,8.5,5,4.937,7.21,12.46,1.87,55.7,108.79,1.46483265562717,8.8109
2013-01-25,8.9902,14987.6238,8.5,5,4.96,7.33,12.89,1.98,55.7,108.79,1.46483265562717,8.8681
2013-02-01,8.9682,14897.2297,8.5,5,5.026,7.32,12.9,2.04,56.2,108.79,1.46483265562717,9.0296
2013-02-08,8.9401,14875.2228,8.5,5,4.927,7.29,13.02,1.99,56.2,108.79,1.46483265562717,9.1336
2013-02-15,8.8109,14304.9426,8.5,5,5.04,7.28,12.46,2.01,56.2,108.79,1.46483265562717,9.191
2013-02-22,8.8681,14003.9929,8.5,5,5.004,7.22,14.17,1.97,56.2,108.79,1.46483265562717,9.3247
2013-03-01,9.0296,14315.3951,8.5,5,5.051,7.34,15.36,1.86,56.9,108.79,1.46483265562717,9.2521
2013-03-08,9.1336,14384.1075,8.5,5,5,7.34,12.59,2.06,56.9,108.79,1.46483265562717,9.1574
2013-03-15,9.191,14681.1694,8.5,5,5.05,7.4,11.3,2.01,56.9,108.79,1.46483265562717,8.9339
2013-03-22,9.3247,15071.3951,8.5,5,4.942,7.48,13.57,1.93,56.9,108.79,1.46483265562717,9.1533
2013-03-29,9.2521,14750,8.5,5,4.987,7.39,12.7,1.87,56.9,108.79,1.46483265562717,9.1508
2013-04-05,9.1574,14250,8.5,5,5.003,7.2,13.92,1.72,57,108.79,1.46483265562717,8.9527
2013-04-12,8.9339,13765.625,8.5,5,4.936,7.04,12.06,1.75,57,108.79,1.46483265562717,9.0547
2013-04-19,9.1533,12957.261,8.5,5,4.971,6.9,14.97,1.73,57,108.79,1.46483265562717,9.4113
2013-04-26,9.1508,13383.896,8.5,5,4.965,6.86,13.61,1.7,57,108.79,1.46483265562717,9.5356
2013-05-03,8.9527,13127.2282,8.5,5,5.052,6.61,12.85,1.78,56.9,108.79,1.46483265562717,10.1985
2013-05-10,9.0547,13059.7184,8.5,5,5.017,6.65,12.59,1.9,56.9,108.79,1.46483265562717,9.9308
2013-05-17,9.4113,12889.6714,8.5,5,5.038,6.83,12.45,1.95,56.9,108.79,1.46483265562717,9.8735
2013-05-24,9.5356,13279.9043,8.5,5,5.045,7.06,13.99,2.01,56.9,108.79,1.46483265562717,10.2354
2013-05-31,10.1985,14237.3096,8.5,5,5.148,7.51,16.3,2.16,56.9,108.79,1.46483265562717,9.9655
2013-06-07,9.9308,13966.034,8.5,5,5.17,7.82,15.14,2.17,57,108.79,1.46483265562717,10.0284
2013-06-14,9.8735,13677.1964,8.5,5,4.951,7.77,17.15,2.14,57,108.79,1.46483265562717,10.034
2013-06-21,10.2354,13191.3265,8.5,5,4.931,8.19,18.9,2.52,57,108.79,1.46483265562717,9.9104
2013-06-28,9.9655,11988.2382,8.5,5,5.05,7.83,16.86,2.52,57,108.79,1.46483265562717,9.6993
2013-07-05,10.0284,12438.9624,8.5,5,4.97,7.97,14.89,2.73,57.6,108.79,1.46483265562717,10.0203
2013-07-12,10.034,12812.186600000001,8.5,5,5.053,7.98,13.84,2.61,57.6,108.79,1.46483265562717,9.8878
2013-07-19,9.9104,12755.6818,8.5,5,4.944,7.85,12.54,2.5,57.6,108.79,1.46483265562717,9.984
2013-07-26,9.6993,12956.8713,8.5,5,4.94,8.1,12.72,2.58,57.6,108.79,1.46483265562717,10.1922
2013-08-02,10.0203,12910.4478,8.5,5,4.946,8.22,11.98,2.63,57.8,108.79,1.46483265562717,10.3348
2013-08-09,9.8878,12726.378,8.5,5,5.008,8.14,13.41,2.57,57.8,108.79,1.46483265562717,10.1845
2013-08-16,9.984,13636.3636,8.5,5,4.968,8.38,14.37,2.84,57.8,108.79,1.46483265562717,9.9675
2013-08-23,10.1922,14098.3607,8.5,5,5.283,8.57,13.98,2.82,57.8,108.79,1.46483265562717,9.7323
2013-08-30,10.3348,14338.9918,8.5,5,5.076,8.48,17.01,2.78,57.8,108.79,1.46483265562717,10.1036
2013-09-06,10.1845,13943.5729,8.5,5,4.979,8.48,15.85,2.94,58.1,108.79,1.46483265562717,10.0136
2013-09-13,9.9675,13081.4243,8.5,5,5.018,8.17,14.16,2.9,58.1,108.79,1.46483265562717,9.8931
2013-09-20,9.7323,13283.3988,8.5,5,4.781,7.9,13.12,2.75,58.1,108.79,1.46483265562717,9.8424
2013-09-27,10.1036,13392.8571,8.5,5,5.143,7.97,15.46,2.64,58.1,108.79,1.46483265562717,9.8168
2013-10-04,10.0136,13207.998,8.5,5,5.017,7.99,16.74,2.66,58.2,108.79,1.46483265562717,10.0631
2013-10-11,9.8931,12667.577,8.5,5,5.1,7.89,15.72,2.7,58.2,108.79,1.46483265562717,10.2768
2013-10-18,9.8424,12884.0509,8.5,5,5.02,7.7,13.04,2.6,58.2,108.79,1.46483265562717,10.2163
2013-10-25,9.8168,13183.8235,8.5,5,5.025,7.82,13.09,2.53,58.2,108.79,1.46483265562717,10.1217
2013-11-01,10.0631,13293.6105,8.5,5,4.984,8.08,13.28,2.65,58.3,108.79,1.46483265562717,10.1911
2013-11-08,10.2768,13456.9502,8.5,5,5.039,8.15,12.9,2.77,58.3,108.79,1.46483265562717,10.473
2013-11-15,10.2163,13040.6091,8.5,5,5.018,8.11,12.19,2.71,58.3,108.79,1.46483265562717,10.4036
2013-11-22,10.1217,12578.362,8.5,5,5.128,8.19,12.26,2.75,58.3,108.79,1.46483265562717,10.4429
2013-11-29,10.1911,12772.2393,8.5,5,5.275,8.32,13.7,2.75,58.3,108.79,1.46483265562717,10.3505
2013-12-06,10.473,12778.7863,8.5,5,5.1,8.42,13.79,2.88,58.4,108.79,1.46483265562717,10.6148
2013-12-13,10.4036,12666.4087,8.5,5,5.148,8.23,15.76,2.88,58.4,108.79,1.46483265562717,10.7647
2013-12-20,10.4429,12475.2088,8.5,5,6.303,8.19,13.79,2.89,58.4,108.79,1.46483265562717,10.8662
2013-12-27,10.3505,12703.0922,8.5,5,4.828,8.15,12.46,3.02,58.4,108.79,1.46483265562717,11.0118
2014-01-03,10.6148,13079.2683,8.5,5,5.458,8.26,13.76,3.01,58.8,99.24,1.62222297740817,11.1715
2014-01-10,10.7647,13285.9442,8.5,5,5.027,8.22,12.14,2.88,58.8,99.24,1.62222297740817,11.041
2014-01-17,10.8662,13523.3442,8.5,5,4.9,8.33,12.44,2.84,58.8,99.24,1.62222297740817,10.9946
2014-01-24,11.0118,14003.6031,8.5,5,5.069,8.54,18.14,2.75,58.8,99.24,1.62222297740817,11.0272
2014-01-31,11.1715,14110.1695,9,5.5,5.328,8.88,18.41,2.67,58.8,99.24,1.62222297740817,10.7175
2014-02-07,11.041,13811.6776,9,5.5,5.433,8.66,15.29,2.71,59.5,99.24,1.62222297740817,10.6126
2014-02-14,10.9946,14363.388,9,5.5,5.37,8.69,13.57,2.75,59.5,99.24,1.62222297740817,10.7768
2014-02-21,11.0272,14591.6115,9,5.5,5.209,8.64,14.68,2.73,59.5,99.24,1.62222297740817,10.8729
2014-02-28,10.7175,14193.8503,9,5.5,5.23,8.54,14,2.66,59.5,99.24,1.62222297740817,10.6139
2014-03-07,10.6126,14350.2674,9,5.5,5.527,8.46,14.11,2.8,60.2,99.24,1.62222297740817,10.6495
2014-03-14,10.7768,14795.9184,9,5.5,5.597,8.52,17.82,2.65,60.2,99.24,1.62222297740817,10.4505
2014-03-21,10.8729,14518.5996,9,5.5,5.535,8.61,15,2.75,60.2,99.24,1.62222297740817,10.5257
2014-03-28,10.6139,13720.8686,9,5.5,5.644,8.38,14.41,2.73,60.2,99.24,1.62222297740817,10.6279
2014-04-04,10.6495,13664.2932,9,5.5,5.533,8.47,13.96,2.74,60.6,99.24,1.62222297740817,10.5145
2014-04-11,10.4505,13840.5987,9,5.5,5.498,8.28,17.03,2.63,60.6,99.24,1.62222297740817,10.3366
2014-04-18,10.5257,13646.271,9,5.5,5.632,8.41,13.36,2.73,60.6,99.24,1.62222297740817,10.3988
2014-04-25,10.6279,13820.5538,9,5.5,5.522,8.51,14.06,2.68,60.6,99.24,1.62222297740817,10.3489
2014-05-02,10.5145,13478.2038,9,5.5,5.6,8.43,12.91,2.6,60.7,99.24,1.62222297740817,10.4422
2014-05-09,10.3366,13396.9367,9,5.5,5.637,8.09,12.92,2.62,60.7,99.24,1.62222297740817,10.6506
2014-05-16,10.3988,13395.0777,9,5.5,5.538,8.11,12.44,2.52,60.7,99.24,1.62222297740817,10.7379
2014-05-23,10.3489,13344.5248,9,5.5,5.987,8.03,11.36,2.54,60.7,99.24,1.62222297740817,10.7115
2014-05-30,10.4422,13071.5031,9,5.5,6.212,8.23,11.4,2.48,60.7,99.24,1.62222297740817,10.6177
2014-06-06,10.6506,13377.0053,9,5.5,6.116,8.26,10.73,2.6,60.9,99.24,1.62222297740817,10.7516
2014-06-13,10.7379,13693.3657,9,5.5,5.439,8.4,12.18,2.6,60.9,99.24,1.62222297740817,10.7156
2014-06-20,10.7115,14054.1265,9,5.5,6.052,8.3,10.85,2.63,60.9,99.24,1.62222297740817,10.6972
2014-06-27,10.6177,13974.2569,9,5.5,5.752,8.3,11.26,2.54,60.9,99.24,1.62222297740817,10.5406
2014-07-04,10.7516,14197.5806,9,5.5,6.048,8.37,10.32,2.65,61.4,99.24,1.62222297740817,10.7297
2014-07-11,10.7156,14332.0815,9,5.5,5.852,8.34,12.08,2.53,61.4,99.24,1.62222297740817,10.7889
2014-07-18,10.6972,13982.3718,9.25,5.75,5.977,8.11,12.06,2.5,61.4,99.24,1.62222297740817,10.5469
2014-07-25,10.5406,13602.7865,9.25,5.75,5.942,8.17,12.69,2.48,61.4,99.24,1.62222297740817,10.6905
2014-08-01,10.7297,13759.3483,9.25,5.75,5.78,8.33,17.03,2.52,61.6,99.24,1.62222297740817,10.6038
2014-08-08,10.7889,14094.6888,9.25,5.75,5.881,8.28,15.77,2.44,61.6,99.24,1.62222297740817,10.7434
2014-08-15,10.5469,13763.7131,9.25,5.75,5.62,8.22,13.15,2.34,61.6,99.24,1.62222297740817,10.9895
2014-08-22,10.6905,13709.8071,9.25,5.75,5.333,8.21,11.47,2.4,61.6,99.24,1.62222297740817,11.0708
2014-08-29,10.6038,13678.1915,9.25,5.75,5.456,7.97,11.98,2.35,61.6,99.24,1.62222297740817,11.1778
2014-09-05,10.7434,13529.4118,9.25,5.75,5.607,8,12.09,2.46,61.6,99.24,1.62222297740817,11.2138
2014-09-12,10.9895,13579.4829,9.25,5.75,5.756,8.21,13.31,2.62,61.6,99.24,1.62222297740817,11.1219
2014-09-19,11.0708,13478.2009,9.25,5.75,5.715,8.2,12.11,2.59,61.6,99.24,1.62222297740817,11.095
2014-09-26,11.1778,13685.3933,9.25,5.75,5.924,8.18,14.85,2.54,61.6,99.24,1.62222297740817,10.9692
2014-10-03,11.2138,13604.1903,9.25,5.75,5.906,8.3,14.55,2.45,61.7,99.24,1.62222297740817,10.8578
2014-10-10,11.1219,13547.4473,9.25,5.75,5.821,8.12,21.24,2.31,61.7,99.24,1.62222297740817,11.3025
2014-10-17,11.095,13734.7222,9.25,5.75,5.854,8.09,21.99,2.22,61.7,99.24,1.62222297740817,11.2169
2014-10-24,10.9692,13511.5132,9.25,5.75,5.971,7.91,16.11,2.29,61.7,99.24,1.62222297740817,10.9513
2014-10-31,10.8578,12843.4066,9.25,5.75,5.982,7.84,14.03,2.35,61.7,99.24,1.62222297740817,11.0348
2014-11-07,11.3025,12991.5254,9.25,5.75,5.805,8.04,13.12,2.32,61.7,99.24,1.62222297740817,11.2156
2014-11-14,11.2169,13021.3004,9.25,5.75,5.605,7.87,13.31,2.32,61.7,99.24,1.62222297740817,11.5966
2014-11-21,10.9513,13112.6915,9.25,5.75,5.578,7.7,12.9,2.31,61.7,99.24,1.62222297740817,11.6101
2014-11-28,11.0348,13035.5176,9.25,5.75,6.082,7.62,13.33,2.18,61.7,99.24,1.62222297740817,11.6497
2014-12-05,11.2156,13550.8475,9.25,5.75,5.607,7.71,11.82,2.31,61.6,99.24,1.62222297740817,11.6219
2014-12-12,11.5966,14222.028,9.25,5.75,5.89,7.96,21.08,2.1,61.6,99.24,1.62222297740817,11.5898
2014-12-19,11.6101,13880.5104,9.25,5.75,5.431,7.98,16.49,2.17,61.6,99.24,1.62222297740817,11.5172
2014-12-26,11.6497,13733.9557,9.25,5.75,5.245,8.03,14.5,2.25,61.6,99.24,1.62222297740817,11.3966
2015-01-02,11.6219,13747.0828,9.25,5.75,4.62,7.97,17.79,2.12,61.5,52.5,0.118627135552451,11.5517
2015-01-09,11.5898,14024.2494,9.25,5.75,5.341,7.66,17.55,1.98,61.5,52.5,0.118627135552451,11.2955
2015-01-16,11.5172,14657.5145,9.25,5.75,5.88,7.37,20.95,1.83,61.5,52.5,0.118627135552451,11.7355
2015-01-23,11.3966,14823.8832,9.25,5.75,5.66,7.19,16.66,1.81,61.5,52.5,0.118627135552451,11.6422
2015-01-30,11.5517,14588.1503,9.25,5.75,5.84,7.07,20.97,1.68,61.5,52.5,0.118627135552451,11.5039
2015-02-06,11.2955,14249.1468,9.25,5.75,5.875,7.33,17.29,1.95,61.9,52.5,0.118627135552451,11.7979
2015-02-13,11.7355,14409.4373,9.25,5.75,5.8,7.55,14.69,2.02,61.9,52.5,0.118627135552451,12.3327
2015-02-20,11.6422,14054.4872,9.25,5.75,5.95,7.62,14.3,2.13,61.9,52.5,0.118627135552451,12.2632
2015-02-27,11.5039,14063.9535,9.25,5.75,6.01,7.6,13.34,2,61.9,52.5,0.118627135552451,12.0268
2015-03-06,11.7979,14205.0898,9.25,5.75,5.762,7.8,15.2,2.24,62.7,52.5,0.118627135552451,11.9615
2015-03-13,12.3327,14410.1124,9.25,5.75,5.94,7.92,16,2.13,62.7,52.5,0.118627135552451,11.9798
2015-03-20,12.2632,14289.1383,9.25,5.75,5.905,7.78,13.02,1.93,62.7,52.5,0.118627135552451,11.9492
2015-03-27,12.0268,14351.0192,9.25,5.75,6.35,7.82,15.07,1.95,62.7,52.5,0.118627135552451,12.1261
2015-04-03,11.9615,14336.9176,9.25,5.75,6.052,7.68,14.67,1.85,63.3,52.5,0.118627135552451,11.7889
2015-04-10,11.9798,14426.6467,9.25,5.75,6.012,7.71,12.58,1.96,63.3,52.5,0.118627135552451,12.0174
2015-04-17,11.9492,14505.4217,9.25,5.75,5.98,7.79,13.89,1.87,63.3,52.5,0.118627135552451,11.7938
2015-04-24,12.1261,14464.9817,9.25,5.75,5.981,8.04,12.29,1.93,63.3,52.5,0.118627135552451,11.81
2015-05-01,11.7889,14210.6675,9.25,5.75,6.134,7.93,12.7,2.12,63.4,52.5,0.118627135552451,12.1545
2015-05-08,12.0174,14148.2697,9.25,5.75,6.04,8.08,12.86,2.16,63.4,52.5,0.118627135552451,12.4304
2015-05-15,11.7938,14470.3088,9.25,5.75,6.36,7.98,12.38,2.14,63.4,52.5,0.118627135552451,12.4277
2015-05-22,11.81,14307.4645,9.25,5.75,6.25,7.98,12.13,2.21,63.4,52.5,0.118627135552451,12.2726
2015-05-29,12.1545,14435.1515,9.25,5.75,6.72,8.16,13.84,2.12,63.4,52.5,0.118627135552451,12.1186
2015-06-05,12.4304,14720.1258,9.25,5.75,6.65,8.35,14.21,2.41,63.7,52.5,0.118627135552451,12.2956
2015-06-12,12.4277,14671.118,9.25,5.75,6.253,8.32,13.78,2.39,63.7,52.5,0.118627135552451,12.4056
2015-06-19,12.2726,14643.5976,9.25,5.75,6.7,8.37,13.96,2.26,63.7,52.5,0.118627135552451,12.3395
2015-06-26,12.1186,14298.1707,9.25,5.75,6.28,8.26,14.02,2.49,63.7,52.5,0.118627135552451,12.5028
2015-07-03,12.2956,14350.1229,9.25,5.75,6,8.26,16.79,2.4,64.3,52.5,0.118627135552451,12.7397
2015-07-10,12.4056,14456.4134,9.25,5.75,6.13,8.16,16.83,2.42,64.3,52.5,0.118627135552451,12.7182
2015-07-17,12.3395,14065.513,9.25,5.75,6.1,8.06,11.95,2.34,64.3,52.5,0.118627135552451,12.8471
2015-07-24,12.5028,13699.6835,9.5,6,6.28,8.12,13.74,2.27,64.3,52.5,0.118627135552451,12.901
2015-07-31,12.7397,13752.8409,9.5,6,6.4,8.25,12.12,2.2,64.3,52.5,0.118627135552451,13.1934
2015-08-07,12.7182,13898.5369,9.5,6,6.27,8.19,13.39,2.18,64.3,52.5,0.118627135552451,13.6398
2015-08-14,12.8471,14308.5787,9.5,6,6.3,8.15,12.83,2.2,64.3,52.5,0.118627135552451,13.6474
2015-08-21,12.901,14914.9418,9.5,6,6.25,8.28,28.03,2.05,64.3,52.5,0.118627135552451,13.1917
2015-08-28,13.1934,14970.1987,9.5,6,6.27,8.35,26.05,2.19,64.3,52.5,0.118627135552451,13.7437
2015-09-04,13.6398,15406.9368,9.5,6,6.117,8.5,27.8,2.13,64.3,52.5,0.118627135552451,13.9086
2015-09-11,13.6474,14970.1493,9.5,6,6.19,8.44,23.2,2.2,64.3,52.5,0.118627135552451,13.3634
2015-09-18,13.1917,15062.8307,9.5,6,5.909,8.36,22.28,2.13,64.3,52.5,0.118627135552451,13.155
2015-09-25,13.7437,15873.615,9.5,6,6.18,8.44,23.62,2.17,64.3,52.5,0.118627135552451,13.3861
2015-10-02,13.9086,15691.6899,9.5,6,6.15,8.39,20.94,1.99,64.5,52.5,0.118627135552451,13.8167
2015-10-09,13.3634,15312.8324,9.5,6,6.45,8.15,17.08,2.12,64.5,52.5,0.118627135552451,13.8956
2015-10-16,13.155,15426.7016,9.5,6,6.63,8.14,15.05,2.04,64.5,52.5,0.118627135552451,14.3095
2015-10-23,13.3861,15826.3229,9.5,6,6.071,8.34,14.46,2.09,64.5,52.5,0.118627135552451,13.9858
2015-10-30,13.8167,15859.4183,9.5,6,6.298,8.35,15.07,2.16,64.5,52.5,0.118627135552451,14.351
2015-11-06,13.8956,15233.0097,9.5,6,6.15,8.47,14.33,2.34,64.6,52.5,0.118627135552451,14.3721
2015-11-13,14.3095,15488.1974,9.5,6,6.16,8.58,20.08,2.28,64.6,52.5,0.118627135552451,15.415
2015-11-20,13.9858,15068.8456,9.75,6.25,6.32,8.43,15.47,2.26,64.6,52.5,0.118627135552451,15.1983
2015-11-27,14.351,15157.5,9.75,6.25,6.33,8.53,15.12,2.22,64.6,52.5,0.118627135552451,15.1861
2015-12-04,14.3721,15434.0778,9.75,6.25,6.35,8.69,14.81,2.28,64.8,52.5,0.118627135552451,15.5742
2015-12-11,15.415,16954.8336,9.75,6.25,6.184,10.12,24.39,2.13,64.8,52.5,0.118627135552451,16.0307
2015-12-18,15.1983,15922.9323,9.75,6.25,6.398,9.39,20.7,2.19,64.8,52.5,0.118627135552451,16.5924
2015-12-25,15.1861,16339.939,9.75,6.25,6.45,9.48,15.74,2.25,64.8,52.5,0.118627135552451,16.5145
2016-01-01,15.5742,16580.0781,9.75,6.25,6.484,9.74,18.21,2.27,65.3,43.58,1.26158320570536,16.0981
2016-01-08,16.0307,17679.2605,9.75,6.25,6.58,9.55,27.01,2.13,65.3,43.58,1.26158320570536,15.9154
2016-01-15,16.5924,18184.3645,9.75,6.25,6.7,9.64,27.02,2.03,65.3,43.58,1.26158320570536,15.7866
2016-01-22,16.5145,18101.4851,9.75,6.25,6.88,9.59,22.34,2.07,65.3,43.58,1.26158320570536,15.4273
2016-01-29,16.0981,17854.7352,10.25,6.75,7.334,9.32,20.2,1.94,65.3,43.58,1.26158320570536,15.5424
2016-02-05,15.9154,18353.3386,10.25,6.75,6.9,9.12,23.38,1.86,66.2,43.58,1.26158320570536,15.6512
2016-02-12,15.7866,19614.3196,10.25,6.75,7.25,9.18,25.4,1.74,66.2,43.58,1.26158320570536,15.2328
2016-02-19,15.4273,19012.7907,10.25,6.75,7.72,9.14,20.53,1.76,66.2,43.58,1.26158320570536,15.3048
2016-02-26,15.5424,19289.6389,10.25,6.75,7.35,9.3,19.81,1.76,66.2,43.58,1.26158320570536,15.4052
2016-03-04,15.6512,19821.1509,10.25,6.75,7.242,9.33,16.86,1.88,66.8,43.58,1.26158320570536,14.7481
2016-03-11,15.2328,19319.5719,10.25,6.75,6.939,9.12,16.5,1.98,66.8,43.58,1.26158320570536,15.0808
2016-03-18,15.3048,19105.1829,10.5,7,7.53,9.17,14.02,1.88,66.8,43.58,1.26158320570536,14.4954
2016-03-25,15.4052,18953.7325,10.5,7,7.5,9.35,14.74,1.91,66.8,43.58,1.26158320570536,14.3205
2016-04-01,14.7481,18197.1726,10.5,7,7.78,9.12,13.1,1.79,67.4,43.58,1.26158320570536,14.2182
2016-04-08,15.0808,18605.2632,10.5,7,7.134,9.23,15.36,1.72,67.4,43.58,1.26158320570536,15.0107
2016-04-15,14.4954,17985.7247,10.5,7,7.39,8.96,13.62,1.76,67.4,43.58,1.26158320570536,15.1152
2016-04-22,14.3205,17852.5825,10.5,7,7.78,9,13.22,1.89,67.4,43.58,1.26158320570536,15.7639
2016-04-29,14.2182,18157.0922,10.5,7,7.8,8.98,15.7,1.83,67.4,43.58,1.26158320570536,15.5415
2016-05-06,15.0107,19230.9132,10.5,7,7.75,9.16,14.72,1.79,67.5,43.58,1.26158320570536,15.5935
2016-05-13,15.1152,19338.2801,10.5,7,7.34,9.16,15.04,1.71,67.5,43.58,1.26158320570536,14.9059
2016-05-20,15.7639,19738.2075,10.5,7,7.66,9.4,15.2,1.85,67.5,43.58,1.26158320570536,15.1978
2016-05-27,15.5415,19072.77,10.5,7,7.85,9.37,13.12,1.85,67.5,43.58,1.26158320570536,14.921
2016-06-03,15.5935,18713.7405,10.5,7,7.44,9.27,13.47,1.71,67.9,43.58,1.26158320570536,14.683
2016-06-10,14.9059,19171.1916,10.5,7,7.39,9.02,17.03,1.64,67.9,43.58,1.26158320570536,14.727
2016-06-17,15.1978,19568.3891,10.5,7,7.66,9.08,19.41,1.62,67.9,43.58,1.26158320570536,14.314
2016-06-24,14.921,19651.3453,10.5,7,7.75,9.1,25.76,1.57,67.9,43.58,1.26158320570536,14.2208
2016-07-01,14.683,19416.7878,10.5,7,7.69,8.74,14.77,1.46,68.5,43.58,1.26158320570536,14.1532
2016-07-08,14.727,19841.5081,10.5,7,7.7,8.72,13.2,1.37,68.5,43.58,1.26158320570536,13.6935
2016-07-15,14.314,19036.533,10.5,7,7.45,8.68,12.67,1.6,68.5,43.58,1.26158320570536,13.3854
2016-07-22,14.2208,18912.3748,10.5,7,7.69,8.77,12.02,1.57,68.5,43.58,1.26158320570536,13.5118
2016-07-29,14.1532,18676.676,10.5,7,7.603,8.7,11.87,1.46,68.5,43.58,1.26158320570536,14.181
2016-08-05,13.6935,18692.9461,10.5,7,7.1,8.56,11.39,1.59,68.4,43.58,1.26158320570536,14.6663
2016-08-12,13.3854,17973.9305,10.5,7,7.25,8.46,11.55,1.51,68.4,43.58,1.26158320570536,14.2696
2016-08-19,13.5118,18197.6351,10.5,7,7.5,8.43,11.34,1.58,68.4,43.58,1.26158320570536,14.1289
2016-08-26,14.181,18591.0689,10.5,7,7.5,9.01,13.65,1.62,68.4,43.58,1.26158320570536,13.596
2016-09-02,14.6663,18965.4676,10.5,7,7.52,8.96,11.98,1.6,68.5,43.58,1.26158320570536,13.9679
2016-09-09,14.2696,19238.8167,10.5,7,7.52,8.71,17.5,1.67,68.5,43.58,1.26158320570536,13.92
2016-09-16,14.1289,18679.4872,10.5,7,7.51,8.66,15.37,1.7,68.5,43.58,1.26158320570536,14.2449
2016-09-23,13.596,18318.8356,10.5,7,7.08,8.52,12.29,1.62,68.5,43.58,1.26158320570536,14.0436
2016-09-30,13.9679,18278.6207,10.5,7,6.86,8.65,13.29,1.6,68.5,43.58,1.26158320570536,13.9372
2016-10-07,13.92,17312.3278,10.5,7,6.44,8.69,13.48,1.73,68.8,43.58,1.26158320570536,13.5043
2016-10-14,14.2449,17686.1777,10.5,7,8.25,8.81,16.12,1.8,68.8,43.58,1.26158320570536,14.2372
2016-10-21,14.0436,17766.8539,10.5,7,7.8,8.82,13.34,1.74,68.8,43.58,1.26158320570536,14.5491
2016-10-28,13.9372,17631.25,10.5,7,7.75,8.88,16.19,1.86,68.8,43.58,1.26158320570536,14.0599
2016-11-04,13.5043,17669.6065,10.5,7,6.96,8.66,22.51,1.79,69.1,43.58,1.26158320570536,14.0696
2016-11-11,14.2372,17775.321,10.5,7,7.43,9.1,14.17,2.15,69.1,43.58,1.26158320570536,13.7352
2016-11-18,14.5491,17389.2086,10.5,7,7.45,9.04,12.85,2.34,69.1,43.58,1.26158320570536,14.0357
2016-11-25,14.0599,16821.5297,10.5,7,7.037,9.06,12.34,2.36,69.1,43.58,1.26158320570536,14.0217
2016-12-02,14.0696,16491.9128,10.5,7,6.723,9.07,14.12,2.4,69.3,43.58,1.26158320570536,13.6282
2016-12-09,13.7352,16041.9532,10.5,7,6.88,8.9,11.75,2.47,69.3,43.58,1.26158320570536,13.6854
2016-12-16,14.0357,15844.3198,10.5,7,6.978,9.03,12.2,2.6,69.3,43.58,1.26158320570536,13.5366
2016-12-23,14.0217,15848.6014,10.5,7,6.842,8.96,11.44,2.55,69.3,43.58,1.26158320570536,13.5193
2016-12-30,13.6282,15896.5517,10.5,7,6.538,8.92,14.04,2.45,69.3,43.58,1.26158320570536,13.4688
2017-01-06,13.6854,16122.2603,10.5,7,7.07,8.83,11.32,2.42,69.8,54.25,2.13011000365961,13.4353
2017-01-13,13.5366,16126.3514,10.5,7,6.95,8.65,11.23,2.4,69.8,54.25,2.13011000365961,13.3847
2017-01-20,13.5193,16301.9701,10.5,7,6.92,8.71,11.54,2.48,69.8,54.25,2.13011000365961,13.0135
2017-01-27,13.4688,15963.9488,10.5,7,6.92,8.8,10.58,2.49,69.8,54.25,2.13011000365961,12.9128
2017-02-03,13.4353,16166.7776,10.5,7,6.739,8.85,10.97,2.49,70.5,54.25,2.13011000365961,13.126
2017-02-10,13.3847,16426.0375,10.5,7,7.05,8.76,10.85,2.41,70.5,54.25,2.13011000365961,13.306
2017-02-17,13.0135,16252.2906,10.5,7,6.98,8.64,11.49,2.42,70.5,54.25,2.13011000365961,12.7665
2017-02-24,12.9128,16271.0765,10.5,7,7.072,8.71,11.47,2.31,70.5,54.25,2.13011000365961,12.4908
2017-03-03,13.126,16047.3856,10.5,7,7.08,8.72,10.96,2.49,70.9,54.25,2.13011000365961,13.4599
2017-03-10,13.306,15805.0066,10.5,7,7.28,8.71,11.66,2.58,70.9,54.25,2.13011000365961,13.7402
2017-03-17,12.7665,15718.3504,10.5,7,7.08,8.52,11.28,2.5,70.9,54.25,2.13011000365961,13.4965
2017-03-24,12.4908,15533.0424,10.5,7,7.15,8.35,12.96,2.4,70.9,54.25,2.13011000365961,13.1604
2017-03-31,13.4599,16621.3235,10.5,7,6.858,8.78,12.37,2.4,70.9,54.25,2.13011000365961,13.3066
2017-04-07,13.7402,17453.4483,10.5,7,7.02,8.95,12.87,2.38,71,54.25,2.13011000365961,13.648
2017-04-14,13.4965,17343.1174,10.5,7,7.01,8.82,15.96,2.24,71,54.25,2.13011000365961,13.4094
2017-04-21,13.1604,16886.3636,10.5,7,7.15,8.63,14.63,2.24,71,54.25,2.13011000365961,13.2874
2017-04-28,13.3066,16835.1064,10.5,7,7.37,8.68,10.82,2.29,71,54.25,2.13011000365961,12.9424
2017-05-05,13.648,16739.8236,10.5,7,7.14,8.73,10.57,2.36,71.1,54.25,2.13011000365961,12.9424
2017-05-12,13.4094,16416.2216,10.5,7,7.4,8.74,10.4,2.33,71.1,54.25,2.13011000365961,12.9313
2017-05-19,13.2874,16581.7881,10.5,7,7.8,8.7,12.04,2.23,71.1,54.25,2.13011000365961,12.7054
2017-05-26,12.9424,16280.888,10.5,7,8.16,8.51,9.81,2.25,71.1,54.25,2.13011000365961,12.9279
2017-06-02,12.9424,16318.5328,10.5,7,7.5,8.78,9.75,2.15,71.3,54.25,2.13011000365961,13.0817
2017-06-09,12.9313,16392.2581,10.5,7,7.48,9.02,10.7,2.21,71.3,54.25,2.13011000365961,13.4716
2017-06-16,12.7054,16203.6082,10.5,7,7.63,8.99,10.38,2.16,71.3,54.25,2.13011000365961,13.1788
2017-06-23,12.9279,16269.4301,10.5,7,7.5,9.09,10.02,2.15,71.3,54.25,2.13011000365961,12.9787
2017-06-30,13.0817,16309.0551,10.5,7,7.45,9.29,11.18,2.31,71.3,54.25,2.13011000365961,13.0274
2017-07-07,13.4716,16305.5556,10.5,7,8.03,9.46,11.19,2.39,71.4,54.25,2.13011000365961,13.3518
2017-07-14,13.1788,15966.4276,10.5,7,7.62,9.23,9.51,2.33,71.4,54.25,2.13011000365961,13.4937
2017-07-21,12.9787,16122.739,10.25,6.75,7.25,9.08,9.36,2.24,71.4,54.25,2.13011000365961,13.2385
2017-07-28,13.0274,16435.5469,10.25,6.75,7.15,9.15,10.29,2.3,71.4,54.25,2.13011000365961,13.1516
2017-08-04,13.3518,16959.7315,10.25,6.75,7.4,9.16,10.03,2.27,71.5,54.25,2.13011000365961,12.9576
2017-08-11,13.4937,17324.3607,10.25,6.75,7.03,9.17,15.51,2.19,71.5,54.25,2.13011000365961,12.8247
2017-08-18,13.2385,17159.2715,10.25,6.75,7.1,9.04,14.26,2.19,71.5,54.25,2.13011000365961,13.1399
2017-08-25,13.1516,16945.6522,10.25,6.75,6.986,9.12,11.28,2.17,71.5,54.25,2.13011000365961,13.1908
2017-09-01,12.9576,17046.5116,10.25,6.75,6.966,9.1,10.13,2.16,71.8,54.25,2.13011000365961,13.4943
2017-09-08,12.8247,17356.1776,10.25,6.75,7.01,8.96,12.12,2.06,71.8,54.25,2.13011000365961,13.6944
2017-09-15,13.1399,17443.0171,10.25,6.75,6.812,8.99,10.17,2.2,71.8,54.25,2.13011000365961,13.3902
2017-09-22,13.1908,17096.3061,10.25,6.75,6.7,9,9.59,2.26,71.8,54.25,2.13011000365961,13.6213
2017-09-29,13.4943,17388.7009,10.25,6.75,7.6,9.13,9.51,2.33,71.8,54.25,2.13011000365961,14.2799
2017-10-06,13.6944,17448.2759,10.25,6.75,7.18,9.22,9.65,2.37,72.1,54.25,2.13011000365961,14.0711
2017-10-13,13.3902,17290,10.25,6.75,6.95,9.23,9.61,2.28,72.1,54.25,2.13011000365961,14.2788
2017-10-20,13.6213,17592.3764,10.25,6.75,7.25,9.4,9.97,2.39,72.1,54.25,2.13011000365961,14.2125
2017-10-27,14.2799,17897.2458,10.25,6.75,7.99,9.71,9.8,2.42,72.1,54.25,2.13011000365961,13.9383
2017-11-03,14.0711,18083.2148,10.25,6.75,6.876,9.66,9.14,2.34,72.1,54.25,2.13011000365961,13.6687
2017-11-10,14.2788,18453.6638,10.25,6.75,7.1,9.79,11.29,2.4,72.1,54.25,2.13011000365961,13.6988
2017-11-17,14.2125,18035.1124,10.25,6.75,7.05,9.82,11.43,2.35,72.1,54.25,2.13011000365961,13.4802
2017-11-24,13.9383,18039.5105,10.25,6.75,6.855,9.82,9.67,2.34,72.1,54.25,2.13011000365961,12.7144
2017-12-01,13.6687,17508.5734,10.25,6.75,6.613,9.78,11.43,2.37,72.4,54.25,2.13011000365961,12.294
2017-12-08,13.6988,16936.9064,10.25,6.75,6.517,9.71,9.58,2.38,72.4,54.25,2.13011000365961,12.3477
2017-12-15,13.4802,16723.3688,10.25,6.75,7.25,9.7,9.42,2.35,72.4,54.25,2.13011000365961,12.4182
2017-12-22,12.7144,16151.7857,10.25,6.75,7,9.29,9.9,2.48,72.4,54.25,2.13011000365961,12.1518
2017-12-29,12.294,15913.2841,10.25,6.75,10.25,9.16,11.04,2.4,72.4,54.25,2.13011000365961,11.8483
2018-01-05,12.3477,16306.0025,10.25,6.75,7.1,9.13,9.22,2.47,72.8,71.03,2.44258329692817,11.9532
2018-01-12,12.4182,16561.0212,10.25,6.75,7.46,9.14,10.16,2.55,72.8,71.03,2.44258329692817,12.0832
2018-01-19,12.1518,16324.8778,10.25,6.75,6.833,9.03,11.27,2.64,72.8,71.03,2.44258329692817,11.6155
2018-01-26,11.8483,16116.0714,10.25,6.75,7.07,8.84,11.08,2.66,72.8,71.03,2.44258329692817,11.6382
2018-02-02,11.9532,16063.3253,10.25,6.75,6.916,8.97,17.31,2.84,73.2,71.03,2.44258329692817,11.8574
2018-02-09,12.0832,15882.5483,10.25,6.75,6.997,8.93,29.06,2.83,73.2,71.03,2.44258329692817,11.9021
2018-02-16,11.6155,15815.0525,10.25,6.75,7.218,8.63,19.46,2.87,73.2,71.03,2.44258329692817,11.9285
2018-02-23,11.6382,15357.5145,10.25,6.75,6.943,8.49,16.49,2.88,73.2,71.03,2.44258329692817,11.7932
2018-03-02,11.8574,15764.9343,10.25,6.75,7.15,8.59,19.59,2.86,73.5,71.03,2.44258329692817,11.8128
2018-03-09,11.9021,15658.7351,10.25,6.75,7.1,8.53,14.64,2.9,73.5,71.03,2.44258329692817,12.0635
2018-03-16,11.9285,15677.5286,10.25,6.75,7.03,8.59,15.8,2.85,73.5,71.03,2.44258329692817,12.0478
2018-03-23,11.7932,15817.3529,10.25,6.75,7.045,8.42,24.87,2.82,73.5,71.03,2.44258329692817,11.9969
2018-03-30,11.8128,15741.6766,10,6.5,7.35,8.33,19.97,2.74,73.5,71.03,2.44258329692817,12.3938
2018-04-06,12.0635,15963.101,10,6.5,6.86,8.43,21.49,2.77,74,71.03,2.44258329692817,12.645
2018-04-13,12.0478,16227.4975,10,6.5,6.75,8.47,17.41,2.82,74,71.03,2.44258329692817,12.3146
2018-04-20,11.9969,16155.0996,10,6.5,6.95,8.42,16.88,2.96,74,71.03,2.44258329692817,12.5732
2018-04-27,12.3938,16393.3002,10,6.5,6.95,8.64,15.41,2.96,74,71.03,2.44258329692817,12.4702
2018-05-04,12.645,16524.3131,10,6.5,6.533,8.75,14.77,2.95,74.2,71.03,2.44258329692817,12.6638
2018-05-11,12.3146,16199.5619,10,6.5,6.65,8.78,12.65,2.97,74.2,71.03,2.44258329692817,13.2609
2018-05-18,12.5732,16405.9424,10,6.5,6.65,8.94,13.42,3.06,74.2,71.03,2.44258329692817,13.3907
2018-05-25,12.4702,16309.5898,10,6.5,6.5,8.87,13.22,2.93,74.2,71.03,2.44258329692817,13.5607
2018-06-01,12.6638,16457.3451,10,6.5,6.5,9.01,13.46,2.89,74.4,71.03,2.44258329692817,13.7432
2018-06-08,13.2609,16979.0169,10,6.5,6.5,9.36,12.18,2.93,74.4,71.03,2.44258329692817,13.5396
2018-06-15,13.3907,17392.9453,10,6.5,6.5,9.37,11.98,2.93,74.4,71.03,2.44258329692817,13.3321
2018-06-22,13.5607,17086.4617,10,6.5,6.542,9.31,13.77,2.9,74.4,71.03,2.44258329692817,13.4712
2018-06-29,13.7432,17281.91,10,6.5,6.366,9.25,16.09,2.85,74.4,71.03,2.44258329692817,13.2126
2018-07-06,13.5396,16952.0206,10,6.5,6.613,9.09,13.37,2.82,75,71.03,2.44258329692817,13.4584
2018-07-13,13.3321,16531.4465,10,6.5,6.5,9.1,12.18,2.83,75,71.03,2.44258329692817,13.9231
2018-07-20,13.4712,16463.6667,10,6.5,6.61,9.11,12.86,2.89,75,71.03,2.44258329692817,14.7038
2018-07-27,13.2126,16127.5204,10,6.5,6.65,9,13.03,2.96,75,71.03,2.44258329692817,14.3141
2018-08-03,13.4584,16204.4434,10,6.5,6.586,9.09,11.64,2.95,74.9,71.03,2.44258329692817,14.6545
2018-08-10,13.9231,17128.283,10,6.5,6.43,9.23,13.16,2.87,74.9,71.03,2.44258329692817,15.1412
2018-08-17,14.7038,17463.0622,10,6.5,6.88,9.44,12.64,2.87,74.9,71.03,2.44258329692817,14.7924
2018-08-24,14.3141,17035.8791,10,6.5,6.45,9.32,11.99,2.82,74.9,71.03,2.44258329692817,14.243
2018-08-31,14.6545,17697.1455,10,6.5,7.35,9.38,12.86,2.86,74.9,71.03,2.44258329692817,14.1581
2018-09-07,15.1412,18117.3481,10,6.5,6.98,9.54,14.88,2.94,75.3,71.03,2.44258329692817,14.7946
2018-09-14,14.7924,17916.6363,10,6.5,6.5,9.52,12.07,2.99,75.3,71.03,2.44258329692817,14.4774
2018-09-21,14.243,17336.4553,10,6.5,6.65,9.46,11.68,3.07,75.3,71.03,2.44258329692817,14.4162
2018-09-28,14.1581,16808.6084,10,6.5,7.5,9.4,12.12,3.05,75.3,71.03,2.44258329692817,14.656
2018-10-05,14.7946,17700.0595,10,6.5,6.914,9.63,14.82,3.23,75.7,71.03,2.44258329692817,14.3016
2018-10-12,14.4774,17615.1213,10,6.5,6.675,9.66,21.31,3.15,75.7,71.03,2.44258329692817,14.2802
2018-10-19,14.4162,17626.3144,10,6.5,6.648,9.6,19.89,3.2,75.7,71.03,2.44258329692817,14.1681
2018-10-26,14.656,18145.499,10,6.5,6.7,9.78,24.16,3.08,75.7,71.03,2.44258329692817,13.7876
2018-11-02,14.3016,17668.0166,10,6.5,5.697,9.66,19.51,3.22,75.8,71.03,2.44258329692817,13.7147
2018-11-09,14.2802,17332.1553,10,6.5,6.266,9.63,17.36,3.19,75.8,71.03,2.44258329692817,14.0623
2018-11-16,14.1681,17149.698,10,6.5,6.38,9.59,18.14,3.08,75.8,71.03,2.44258329692817,14.3498
2018-11-23,13.7876,16967.7309,10.25,6.75,6.813,9.37,21.52,3.05,75.8,71.03,2.44258329692817,14.3181
2018-11-30,13.7147,16755.1616,10.25,6.75,6.549,9.36,18.07,3.01,75.8,71.03,2.44258329692817,14.4371
2018-12-07,14.0623,17391.493,10.25,6.75,6.647,9.52,23.23,2.85,75.7,71.03,2.44258329692817,14.1551
2018-12-14,14.3498,17776.5805,10.25,6.75,6.793,9.72,21.63,2.89,75.7,71.03,2.44258329692817,13.8401
2018-12-21,14.3181,18075.6696,10.25,6.75,6.848,9.5,30.11,2.79,75.7,71.03,2.44258329692817,13.7631
2018-12-28,14.4371,18395.4226,10.25,6.75,6.419,9.42,28.34,2.72,75.7,71.03,2.44258329692817,13.6823
2019-01-04,14.1551,18181.2973,10.25,6.75,5.977,9.28,21.38,2.67,75.6,64.39,1.81221007526021,13.2966
2019-01-11,13.8401,17878.6103,10.25,6.75,6.85,9.23,18.19,2.71,75.6,64.39,1.81221007526021,13.6505
2019-01-18,13.7631,17718.1835,10.25,6.75,6.75,9.31,17.8,2.79,75.6,64.39,1.81221007526021,14.1863
2019-01-25,13.6823,17561.2259,10.25,6.75,6.628,9.24,17.42,2.76,75.6,64.39,1.81221007526021,13.9843
2019-02-01,13.2966,17575.4303,10.25,6.75,6.406,9.08,16.14,2.7,76.2,64.39,1.81221007526021,14.1054
2019-02-08,13.6505,17856.4629,10.25,6.75,6.285,9.14,15.72,2.63,76.2,64.39,1.81221007526021,14.5496
2019-02-15,14.1863,18602.0321,10.25,6.75,6.9,9.45,14.91,2.66,76.2,64.39,1.81221007526021,14.4415
2019-02-22,13.9843,18539.2111,10.25,6.75,6.674,9.33,13.51,2.65,76.2,64.39,1.81221007526021,14.3451
2019-03-01,14.1054,18569.6175,10.25,6.75,6.704,9.27,13.57,2.76,76.8,64.39,1.81221007526021,14.5968
2019-03-08,14.5496,18773.9489,10.25,6.75,6.796,9.2,16.05,2.62,76.8,64.39,1.81221007526021,14.1024
2019-03-15,14.4415,18803.3639,10.25,6.75,6.792,9.26,12.88,2.59,76.8,64.39,1.81221007526021,13.9581
2019-03-22,14.3451,18933.9953,10.25,6.75,6.95,9.23,16.48,2.44,76.8,64.39,1.81221007526021,14.0699
2019-03-29,14.5968,18726.6148,10.25,6.75,6.85,9.23,13.71,2.41,76.8,64.39,1.81221007526021,14.3816
2019-04-05,14.1024,18144.551,10.25,6.75,6.799,9.06,12.82,2.5,77.2,64.39,1.81221007526021,14.5492
2019-04-12,13.9581,18068.3857,10.25,6.75,6.7,9.04,12.01,2.56,77.2,64.39,1.81221007526021,14.2549
2019-04-19,14.0699,17922.7528,10.25,6.75,6.75,9.01,12.09,2.57,77.2,64.39,1.81221007526021,14.3363
2019-04-26,14.3816,18396.0708,10.25,6.75,6.88,9.17,12.73,2.51,77.2,64.39,1.81221007526021,14.4264
2019-05-03,14.5492,18399.3716,10.25,6.75,6.787,9.18,12.87,2.54,77.5,64.39,1.81221007526021,14.7581
2019-05-10,14.2549,18249.3144,10.25,6.75,6.794,9.08,16.04,2.47,77.5,64.39,1.81221007526021,15.1165
2019-05-17,14.3363,18460.2593,10.25,6.75,6.87,9.14,15.96,2.39,77.5,64.39,1.81221007526021,14.8474
2019-05-24,14.4264,18461.822,10.25,6.75,6.85,8.99,15.85,2.32,77.5,64.39,1.81221007526021,14.4013
2019-05-31,14.7581,18989.5818,10.25,6.75,7.239,9.13,18.71,2.14,77.5,64.39,1.81221007526021,14.1487
2019-06-07,15.1165,19981.8778,10.25,6.75,6.95,9.26,16.3,2.09,77.7,64.39,1.81221007526021,14.0877
2019-06-14,14.8474,19938.7906,10.25,6.75,7.092,9.1,15.28,2.09,77.7,64.39,1.81221007526021,13.9174
2019-06-21,14.4013,19972.037,10.25,6.75,7,8.85,15.4,2.07,77.7,64.39,1.81221007526021,13.8574
2019-06-28,14.1487,19934.6202,10.25,6.75,7.001,8.84,15.08,2,77.7,64.39,1.81221007526021,14.1524
2019-07-05,14.0877,19978.7458,10.25,6.75,6.913,8.75,13.28,2.04,78,64.39,1.81221007526021,14.7089
2019-07-12,13.9174,19695.9216,10.25,6.75,7.05,8.71,12.39,2.12,78,64.39,1.81221007526021,15.0611
2019-07-19,13.8574,20000.5979,10,6.5,7.2,8.62,14.45,2.05,78,64.39,1.81221007526021,15.1825
2019-07-26,14.1524,20194.2846,10,6.5,7.01,8.91,12.16,2.08,78,64.39,1.81221007526021,15.1411
2019-08-02,14.7089,21151.8334,10,6.5,6.666,9.01,17.61,1.86,78.2,64.39,1.81221007526021,15.2324
2019-08-09,15.0611,22538.7801,10,6.5,6.5,9.04,17.97,1.74,78.2,64.39,1.81221007526021,14.7806
2019-08-16,15.1825,23022.4995,10,6.5,6.501,9.09,18.47,1.55,78.2,64.39,1.81221007526021,14.556
2019-08-23,15.1411,22749.6829,10,6.5,7.35,8.97,19.87,1.52,78.2,64.39,1.81221007526021,14.7992
2019-08-30,15.2324,23282.5504,10,6.5,7.607,8.9,18.98,1.5,78.2,64.39,1.81221007526021,15.071
2019-09-06,14.7806,22330.2367,10,6.5,6.5,8.82,15,1.55,78.4,64.39,1.81221007526021,15.1643
2019-09-13,14.556,21863.2988,10,6.5,6.97,8.77,13.74,1.9,78.4,64.39,1.81221007526021,14.9319
2019-09-20,14.7992,22394.698,10,6.5,6.88,8.91,15.32,1.74,78.4,64.39,1.81221007526021,14.7875
2019-09-27,15.071,22514.8161,10,6.5,6.704,9.01,17.22,1.69,78.4,64.39,1.81221007526021,14.6299
2019-10-04,15.1643,22681.4577,10,6.5,6.578,8.9,17.04,1.52,78.4,64.39,1.81221007526021,15.0719
2019-10-11,14.9319,22093.0647,10,6.5,6.58,8.91,15.58,1.76,78.4,64.39,1.81221007526021,14.7749
2019-10-18,14.7875,22212.1595,10,6.5,6.714,8.91,14.25,1.76,78.4,64.39,1.81221007526021,14.785
2019-10-25,14.6299,22062.2958,10,6.5,6.75,8.88,12.65,1.8,78.4,64.39,1.81221007526021,14.5949
2019-11-01,15.0719,22794.5818,10,6.5,6.47,9.21,12.3,1.73,78.5,64.39,1.81221007526021,14.6955
2019-11-08,14.7749,21630.7728,10,6.5,6.55,9.13,12.07,1.94,78.5,64.39,1.81221007526021,14.6419
2019-11-15,14.785,21561.2,10,6.5,7,9.08,12.05,1.84,78.5,64.39,1.81221007526021,14.5008
2019-11-22,14.5949,21545.9034,10,6.5,7.411,9.08,12.34,1.77,78.5,64.39,1.81221007526021,14.2105
2019-11-29,14.6955,21376.4796,10,6.5,7.075,9.2,12.62,1.78,78.5,64.39,1.81221007526021,14.1058
2019-12-06,14.6419,21480.5434,10,6.5,6.5,9.21,13.62,1.84,78.7,64.39,1.81221007526021,14.2243
2019-12-13,14.5008,21533.7243,10,6.5,6.68,9.11,12.63,1.82,78.7,64.39,1.81221007526021,14.2363
2019-12-20,14.2105,20986.9005,10,6.5,6.62,9.04,12.51,1.92,78.7,64.39,1.81221007526021,14.3698
2019-12-27,14.1058,21230.2457,10,6.5,6.5,8.95,13.43,1.88,78.7,64.39,1.81221007526021,14.3595
2020-01-03,14.2243,22137.463,10,6.5,6.35,9.02,14.02,1.8,78.9,41.77,1.23358439630629,14.8455
2020-01-10,14.2363,22086.7666,10,6.5,6.6,9.01,12.56,1.83,78.9,41.77,1.23358439630629,14.9915
2020-01-17,14.3698,22498.6092,9.75,6.25,6.75,9,12.1,1.84,78.9,41.77,1.23358439630629,14.8601
2020-01-24,14.3595,22416.0728,9.75,6.25,6.95,9.01,14.56,1.7,78.9,41.77,1.23358439630629,15.1746
2020-01-31,14.8455,23607.303,9.75,6.25,6.48,8.99,18.84,1.51,78.9,41.77,1.23358439630629,15.6171
2020-02-07,14.9915,23588.5331,9.75,6.25,6.52,8.82,15.47,1.59,79.6,41.77,1.23358439630629,15.5874
2020-02-14,14.8601,23434.4503,9.75,6.25,7,8.87,13.68,1.59,79.6,41.77,1.23358439630629,16.3201
2020-02-21,15.1746,24705.7848,9.75,6.25,7.2,8.83,17.08,1.46,79.6,41.77,1.23358439630629,17.1939
2020-02-28,15.6171,25226.1719,9.75,6.25,7.25,9.39,40.11,1.13,79.6,41.77,1.23358439630629,17.5046
2020-03-06,15.5874,26415.7938,9.75,6.25,6.55,9.36,41.94,0.74,80,41.77,1.23358439630629,18.7096
2020-03-13,16.3201,25593.5923,9.75,6.25,6.45,10.33,57.83,0.94,80,41.77,1.23358439630629,18.0868
2020-03-20,17.1939,26194.9477,8.75,5.25,5.85,11.94,66.04,0.92,80,41.77,1.23358439630629,18.8159
2020-03-27,17.5046,28429.1917,8.75,5.25,4.9,11.96,65.54,0.72,80,41.77,1.23358439630629,19.0722
2020-04-03,18.7096,30221.6042,8.75,5.25,5.018,11.72,46.8,0.62,79.5,41.77,1.23358439630629,18.0589
2020-04-10,18.0868,30007.7911,8.75,5.25,4.965,11.38,41.67,0.73,79.5,41.77,1.23358439630629,18.4869
2020-04-17,18.8159,31758.2259,7.75,4.25,2.113,10.87,38.15,0.65,79.5,41.77,1.23358439630629,18.5111
2020-04-24,19.0722,32667.4573,7.75,4.25,4.25,11.37,35.93,0.6,79.5,41.77,1.23358439630629,17.8171
2020-05-01,18.0589,31201.5826,7.75,4.25,4.65,10.84,37.19,0.64,79,41.77,1.23358439630629,17.5479
2020-05-08,18.4869,31087.2995,7.75,4.25,4.25,10.05,27.98,0.69,79,41.77,1.23358439630629,16.8481
2020-05-15,18.5111,32190.796,7.75,4.25,4.25,10.36,31.89,0.64,79,41.77,1.23358439630629,17.0858
2020-05-22,17.8171,30788.8009,7.25,3.75,3.5,9.72,28.16,0.66,79,41.77,1.23358439630629,17.411
2020-05-29,17.5479,30268.5514,7.25,3.75,4.3,9.72,27.51,0.65,79,41.77,1.23358439630629,17.2295
2020-06-05,16.8481,28501.2046,7.25,3.75,4,9.66,24.52,0.91,79.4,41.77,1.23358439630629,16.9659
2020-06-12,17.0858,29549.8216,7.25,3.75,4,10.04,36.09,0.71,79.4,41.77,1.23358439630629,16.8708
2020-06-19,17.411,30010.381,7.25,3.75,3.85,10.16,35.12,0.7,79.4,41.77,1.23358439630629,16.7276
2020-06-26,17.2295,30357.6804,7.25,3.75,4,10,34.73,0.64,79.4,41.77,1.23358439630629,16.7403
2020-07-03,16.9659,30233.4441,7.25,3.75,4,10.24,27.68,0.68,80.5,41.77,1.23358439630629,16.8821
2020-07-10,16.8708,30494.7813,7.25,3.75,3.75,10.44,27.29,0.65,80.5,41.77,1.23358439630629,17.6467
2020-07-17,16.7276,30090.8832,7.25,3.75,3.75,10.3,25.68,0.64,80.5,41.77,1.23358439630629,17.4595
2020-07-24,16.7403,31654.4417,7,3.5,3.8,10.07,25.84,0.59,80.5,41.77,1.23358439630629,17.2937
2020-07-31,16.8821,33518.9257,7,3.5,5.2,10.19,24.46,0.55,80.5,41.77,1.23358439630629,16.842
2020-08-07,17.6467,36144.3662,7,3.5,3.6,10.18,22.21,0.57,80.6,41.77,1.23358439630629,16.6546
2020-08-14,17.4595,33817.7323,7,3.5,3.6,10.14,22.05,0.71,80.6,41.77,1.23358439630629,16.7538
2020-08-21,17.2937,33102.3072,7,3.5,4.4,10.15,22.54,0.64,80.6,41.77,1.23358439630629,16.1366
2020-08-28,16.842,32616.5233,7,3.5,6,10.2,22.96,0.74,80.6,41.77,1.23358439630629,16.8591
2020-09-04,16.6546,32176.2143,7,3.5,5.75,10.02,30.75,0.72,80.7,41.77,1.23358439630629,16.6863
2020-09-11,16.7538,32575.1793,7,3.5,3.58,10.24,26.87,0.67,80.7,41.77,1.23358439630629,16.4729
2020-09-18,16.1366,31725.7626,7,3.5,3.4,10.09,25.83,0.7,80.7,41.77,1.23358439630629,16.5529
2020-09-25,16.8591,31929.8387,7,3.5,3.871,10.42,26.38,0.66,80.7,41.77,1.23358439630629,16.1907
2020-10-02,16.6863,31421.8761,7,3.5,3.9,10.41,27.63,0.7,81,41.77,1.23358439630629,16.3246
2020-10-09,16.4729,31596.8058,7,3.5,3.7,10.49,25,0.79,81,41.77,1.23358439630629,15.7343
2020-10-16,16.5529,31560.3688,7,3.5,3.77,10.39,27.41,0.76,81,41.77,1.23358439630629,15.6216
2020-10-23,16.1907,30937.5725,7,3.5,3.5,10.24,27.55,0.85,81,41.77,1.23358439630629,15.4251
2020-10-30,16.3246,30604.9396,7,3.5,3.88,10.34,38.02,0.88,81,41.77,1.23358439630629,15.1929
2020-11-06,15.7343,30545.7587,7,3.5,3.9,10.05,24.86,0.83,81,41.77,1.23358439630629,15.1937
2020-11-13,15.6216,29292.901,7,3.5,3.8,9.89,23.1,0.89,81,41.77,1.23358439630629,15.138
2020-11-20,15.4251,28780.436,7,3.5,3.8,9.82,23.7,0.83,81,41.77,1.23358439630629,14.6437
2020-11-27,15.1929,27376.8695,7,3.5,4.8,9.88,20.84,0.84,81,41.77,1.23358439630629,14.5957
2020-12-04,15.1937,27933.7534,7,3.5,4.35,9.97,20.79,0.97,81.1,41.77,1.23358439630629,14.6246
2020-12-11,15.138,27764.2233,7,3.5,3.5,9.83,23.31,0.9,81.1,41.77,1.23358439630629,15.3661
2020-12-18,14.6437,27389.0651,7,3.5,4.5,9.59,21.57,0.95,81.1,41.77,1.23358439630629,15.181
2020-12-25,14.5957,27375.1207,7,3.5,3.8,9.65,21.53,0.94,81.1,41.77,1.23358439630629,15.0771
2021-01-01,14.6246,27731.2984,7,3.5,7.5,9.7,22.75,0.93,81.4,70.67,4.69785886363742,15.1903
2021-01-08,15.3661,28574.1686,7,3.5,6,9.76,21.56,1.13,81.4,70.67,4.69785886363742,14.9266
2021-01-15,15.181,28049.5753,7,3.5,3.85,9.77,24.34,1.11,81.4,70.67,4.69785886363742,14.661
2021-01-22,15.0771,27946.5966,7,3.5,4.21,9.67,21.91,1.1,81.4,70.67,4.69785886363742,14.5616
2021-01-29,15.1903,27863.3291,7,3.5,5.25,9.69,33.09,1.11,81.4,70.67,4.69785886363742,14.8367
2021-02-05,14.9266,27006.6344,7,3.5,3.85,9.32,20.87,1.19,82,70.67,4.69785886363742,15.3047
2021-02-12,14.661,26571.0814,7,3.5,4.25,9.33,19.97,1.2,82,70.67,4.69785886363742,14.9757
2021-02-19,14.5616,26047.2457,7,3.5,3.65,9.63,22.05,1.34,82,70.67,4.69785886363742,14.654
2021-02-26,14.8367,26180.5288,7,3.5,3.7,9.78,27.95,1.44,82,70.67,4.69785886363742,15.0113
2021-03-05,15.3047,26003.6825,7,3.5,3.7,9.93,24.66,1.56,82.5,70.67,4.69785886363742,14.7241
2021-03-12,14.9757,25496.023,7,3.5,3.72,10.04,20.69,1.64,82.5,70.67,4.69785886363742,14.5894
2021-03-19,14.654,25684.1158,7,3.5,3.88,10.18,20.95,1.74,82.5,70.67,4.69785886363742,14.2549
2021-03-26,15.0113,25926.6337,7,3.5,4.25,10.34,18.86,1.67,82.5,70.67,4.69785886363742,14.2938
2021-04-02,14.7241,25233.871,7,3.5,5,10.35,17.33,1.72,83.1,70.67,4.69785886363742,14.3799
2021-04-09,14.5894,25481.6028,7,3.5,4.8,10.04,16.69,1.67,83.1,70.67,4.69785886363742,14.2393
2021-04-16,14.2549,25383.9967,7,3.5,3.48,9.88,16.25,1.59,83.1,70.67,4.69785886363742,14.1485
2021-04-23,14.2938,25467.8616,7,3.5,3.85,9.92,17.33,1.58,83.1,70.67,4.69785886363742,13.985900000000001
2021-04-30,14.3799,25547.8434,7,3.5,8.67,10.07,18.61,1.65,83.1,70.67,4.69785886363742,13.8194
2021-05-07,14.2393,25772.4948,7,3.5,4.67,9.86,16.69,1.6,83.2,70.67,4.69785886363742,13.6629
2021-05-14,14.1485,25857.2485,7,3.5,4.25,9.9,18.81,1.63,83.2,70.67,4.69785886363742,13.5667
2021-05-21,13.985900000000001,26138.5999,7,3.5,3.9,9.74,20.15,1.63,83.2,70.67,4.69785886363742,14.0811
2021-05-28,13.8194,26158.6321,7,3.5,6.95,9.68,16.76,1.58,83.2,70.67,4.69785886363742,14.1637
2021-06-04,13.6629,25415.7953,7,3.5,3.4,9.55,16.42,1.56,83.4,70.67,4.69785886363742,14.4582
2021-06-11,13.5667,25786.3716,7,3.5,3.6,9.28,15.65,1.47,83.4,70.67,4.69785886363742,14.2773
2021-06-18,14.0811,25413.1159,7,3.5,3.64,9.54,20.7,1.45,83.4,70.67,4.69785886363742,14.4485
2021-06-25,14.1637,25094.7935,7,3.5,3.54,9.61,15.62,1.54,83.4,70.67,4.69785886363742,14.7561
2021-07-02,14.4582,25552.9865,7,3.5,3.95,9.64,15.07,1.44,84.3,70.67,4.69785886363742,14.5593
2021-07-09,14.2773,25722.560700000002,7,3.5,3.5,9.54,16.18,1.37,84.3,70.67,4.69785886363742,14.5415
2021-07-16,14.4485,26323.1986,7,3.5,3.67,9.62,18.45,1.31,84.3,70.67,4.69785886363742,14.838
2021-07-23,14.7561,26585.233,7,3.5,3.69,9.71,17.2,1.3,84.3,70.67,4.69785886363742,15.353
2021-07-30,14.5593,26654.8395,7,3.5,3.8,9.6,18.24,1.24,84.3,70.67,4.69785886363742,14.9042
2021-08-06,14.5415,25902.3862,7,3.5,3.75,9.62,16.15,1.31,84.6,70.67,4.69785886363742,14.4109
2021-08-13,14.838,26148.1027,7,3.5,6,9.61,15.45,1.29,84.6,70.67,4.69785886363742,14.0946
2021-08-20,15.353,27148.4798,7,3.5,7.25,9.65,18.56,1.26,84.6,70.67,4.69785886363742,14.6129
2021-08-27,14.9042,26649.5034,7,3.5,5.95,9.51,16.39,1.31,84.6,70.67,4.69785886363742,14.6646
2021-09-03,14.4109,26060.7064,7,3.5,4.8,9.42,16.41,1.33,84.8,70.67,4.69785886363742,15.0323
2021-09-10,14.0946,25386.3213,7,3.5,5.07,9.5,20.95,1.35,84.8,70.67,4.69785886363742,14.9389
2021-09-17,14.6129,25799.0108,7,3.5,5.1,9.62,20.81,1.37,84.8,70.67,4.69785886363742,14.6865
2021-09-24,14.6646,25729.5288,7,3.5,4.7,9.75,17.75,1.47,84.8,70.67,4.69785886363742,14.6151
2021-10-01,15.0323,26221.9465,7,3.5,4.4,9.88,21.15,1.48,85.1,70.67,4.69785886363742,15.2746
2021-10-08,14.9389,26289.7874,7,3.5,4.4,10.09,18.77,1.61,85.1,70.67,4.69785886363742,15.2901
2021-10-15,14.6865,26096.3231,7,3.5,3.4,10.03,16.3,1.59,85.1,70.67,4.69785886363742,15.3157
2021-10-22,14.6151,26420.1214,7,3.5,3.45,10.07,15.43,1.66,85.1,70.67,4.69785886363742,15.6168
2021-10-29,15.2746,27125.0333,7,3.5,3.511,10.17,16.26,1.55,85.1,70.67,4.69785886363742,16.319
2021-11-05,15.2901,27291.8372,7,3.5,3.5,9.99,16.48,1.45,85.4,70.67,4.69785886363742,16.0342
2021-11-12,15.3157,28287.0212,7,3.5,4.4,9.76,16.29,1.58,85.4,70.67,4.69785886363742,16.0345
2021-11-19,15.6168,29215.6472,7.25,3.75,3.75,9.97,17.91,1.54,85.4,70.67,4.69785886363742,15.8767
2021-11-26,16.319,29549.1597,7.25,3.75,4.4,10.32,28.62,1.48,85.4,70.67,4.69785886363742,15.6357
2021-12-03,16.0342,28154.6968,7.25,3.75,5.35,10.13,30.67,1.35,85.9,70.67,4.69785886363742,15.8899
2021-12-10,16.0345,28267.2055,7.25,3.75,5.5,9.95,18.69,1.48,85.9,70.67,4.69785886363742,15.7
2021-12-17,15.8767,28632.39,7.25,3.75,4.85,9.83,21.57,1.41,85.9,70.67,4.69785886363742,15.32
2021-12-24,15.6357,27893.0739,7.25,3.75,4.1,9.74,17.96,1.5,85.9,70.67,4.69785886363742,15.1567
2021-12-31,15.8899,28935.1002,7.25,3.75,6.6,9.82,17.22,1.52,85.9,70.67,4.69785886363742,15.4935
2022-01-07,15.7,28097.3028,7.25,3.75,4.66,9.84,18.76,1.76,86.1,100.45,8.00279982052121,15.2606
2022-01-14,15.32,28031.5905,7.25,3.75,4.45,9.85,19.19,1.78,86.1,100.45,8.00279982052121,15.1005
2022-01-21,15.1567,27734.7656,7.25,3.75,5.03,9.7,28.85,1.75,86.1,100.45,8.00279982052121,14.9354
2022-01-28,15.4935,27790.549,7.5,4,5.25,9.79,27.66,1.78,86.1,100.45,8.00279982052121,15.326
2022-02-04,15.2606,28005.7478,7.5,4,3.45,9.67,23.22,1.93,86.6,100.45,8.00279982052121,15.2827
2022-02-11,15.1005,27710.3048,7.5,4,3.9,9.65,27.36,1.92,86.6,100.45,8.00279982052121,15.0824
2022-02-18,14.9354,28469.6263,7.5,4,3.98,9.47,27.75,1.92,86.6,100.45,8.00279982052121,14.9391
2022-02-25,15.326,28763.9883,7.5,4,4.9,9.77,27.59,1.97,86.6,100.45,8.00279982052121,14.543
2022-03-04,15.2827,30101.3932,7.5,4,4.4,10.03,31.98,1.74,87.5,100.45,8.00279982052121,14.581
2022-03-11,15.0824,29795.9542,7.5,4,4.48,10.17,30.75,2,87.5,100.45,8.00279982052121,14.7138
2022-03-18,14.9391,28995.9242,7.5,4,3.885,10.01,23.87,2.14,87.5,100.45,8.00279982052121,14.6483
2022-03-25,14.543,28521.6543,7.75,4.25,4.95,10.02,20.81,2.48,87.5,100.45,8.00279982052121,15.4949
2022-04-01,14.581,28256.0162,7.75,4.25,4.25,9.97,19.63,2.39,88.1,100.45,8.00279982052121,15.8889
2022-04-08,14.7138,28550.7434,7.75,4.25,4,9.92,21.16,2.72,88.1,100.45,8.00279982052121,16.0525
2022-04-15,14.6483,28940.2634,7.75,4.25,3.388,10.1,22.7,2.83,88.1,100.45,8.00279982052121,16.0337
2022-04-22,15.4949,30290.539,7.75,4.25,4.25,10.26,28.21,2.9,88.1,100.45,8.00279982052121,15.8428
2022-04-29,15.8889,30169.8991,7.75,4.25,5.25,10.39,33.4,2.89,88.1,100.45,8.00279982052121,15.6402
2022-05-06,16.0525,30002.294,7.75,4.25,4.2,10.41,30.19,3.12,88.7,100.45,8.00279982052121,15.4117
2022-05-13,16.0337,29472.4905,7.75,4.25,5.8,10.39,28.87,2.93,88.7,100.45,8.00279982052121,15.4804
2022-05-20,15.8428,29155.8007,8.25,4.75,5.96,10.25,29.43,2.78,88.7,100.45,8.00279982052121,15.9196
2022-05-27,15.6402,28914.5145,8.25,4.75,6.45,10.2,25.72,2.74,88.7,100.45,8.00279982052121,15.9334
2022-06-03,15.4117,28483.4607,8.25,4.75,6.05,10.62,24.79,2.96,89.6,100.45,8.00279982052121,16.3482
2022-06-10,15.4804,28956.1183,8.25,4.75,4.98,10.9,27.75,3.15,89.6,100.45,8.00279982052121,16.8419
2022-06-17,15.9196,29451.469,8.25,4.75,6,11.01,31.13,3.25,89.6,100.45,8.00279982052121,17.2362
2022-06-24,15.9334,28891.8723,8.25,4.75,4.3,10.93,27.23,3.13,89.6,100.45,8.00279982052121,17.016
2022-07-01,16.3482,29546.4301,8.25,4.75,5.9,11.27,26.7,2.88,91.1,100.45,8.00279982052121,16.5087
2022-07-08,16.8419,29317.7512,8.25,4.75,5.12,11.41,24.64,3.09,91.1,100.45,8.00279982052121,16.5781
2022-07-15,17.2362,29229.2706,8.25,4.75,5.5,11.75,24.23,2.93,91.1,100.45,8.00279982052121,16.1698
2022-07-22,17.016,29064.9546,9,5.5,6.42,11.35,23.03,2.77,91.1,100.45,8.00279982052121,16.8918
2022-07-29,16.5087,29133.985,9,5.5,7,11.06,21.33,2.67,91.1,100.45,8.00279982052121,16.8291
2022-08-05,16.5781,29899.1826,9,5.5,5.5,10.89,21.15,2.83,91.3,100.45,8.00279982052121,17.3139
2022-08-12,16.1698,29097.8611,9,5.5,5.5,10.56,19.53,2.84,91.3,100.45,8.00279982052121,17.284
2022-08-19,16.8918,29751.6036,9,5.5,5.62,10.99,20.6,2.98,91.3,100.45,8.00279982052121,17.655
2022-08-26,16.8291,29453.5289,9,5.5,5.68,10.93,25.56,3.04,91.3,100.45,8.00279982052121,17.7755
2022-09-02,17.3139,29484.449,9,5.5,5.15,11.11,25.47,3.2,91.4,100.45,8.00279982052121,17.8937
2022-09-09,17.284,29700.1796,9,5.5,5.74,11.12,22.79,3.33,91.4,100.45,8.00279982052121,17.9767
2022-09-16,17.655,29407.2699,9,5.5,5.379,11.08,26.3,3.45,91.4,100.45,8.00279982052121,18.1708
2022-09-23,17.7755,29530.4964,9.75,6.25,6.5,11.42,29.92,3.69,91.4,100.45,8.00279982052121,18.3618
2022-09-30,17.8937,30064.8671,9.75,6.25,6.35,11.69,31.62,3.83,91.4,100.45,8.00279982052121,18.1019
2022-10-07,17.9767,30883.0113,9.75,6.25,5.48,11.47,31.36,3.89,91.7,100.45,8.00279982052121,18.2961
2022-10-14,18.1708,30126.342,9.75,6.25,6.22,11.64,32.02,4,91.7,100.45,8.00279982052121,17.2798
2022-10-21,18.3618,29882.3835,9.75,6.25,6.32,11.86,29.69,4.21,91.7,100.45,8.00279982052121,17.389
2022-10-28,18.1019,29789.6215,9.75,6.25,6.38,11.59,25.75,4.02,91.7,100.45,8.00279982052121,17.0837
2022-11-04,18.2961,30008.0004,9.75,6.25,6.3,11.59,24.55,4.17,92,100.45,8.00279982052121,17.5034
2022-11-11,17.2798,30375.6161,9.75,6.25,6.25,11.02,22.52,3.82,92,100.45,8.00279982052121,17.161
2022-11-18,17.389,30406.4162,9.75,6.25,6.34,11.27,23.12,3.82,92,100.45,8.00279982052121,17.3492
2022-11-25,17.0837,30094.7469,10.5,7,6.95,11.08,20.5,3.68,92,100.45,8.00279982052121,17.114
2022-12-02,17.5034,31304.4587,10.5,7,7.065,11.68,19.06,3.51,92.4,100.45,8.00279982052121,16.9831
2022-12-09,17.161,31024.4468,10.5,7,7.11,11.42,22.83,3.57,92.4,100.45,8.00279982052121,17.1939
2022-12-16,17.3492,30826.6692,10.5,7,7.08,11.25,22.62,3.48,92.4,100.45,8.00279982052121,16.7265
2022-12-23,17.114,30700.5119,10.5,7,7.15,11.24,20.87,3.75,92.4,100.45,8.00279982052121,17.2468
2022-12-30,16.9831,30835.4423,10.5,7,7.2,11.3,21.67,3.88,92.4,100.45,8.00279982052121,17.2577
2023-01-06,17.1939,31738.2291,10.5,7,7.05,11.13,21.13,3.55,92.3,82.55,4.11633838374488,17.1455
2023-01-13,16.7265,32153.7766,10.5,7,7.15,10.83,18.35,3.49,92.3,82.55,4.11633838374488,17.7503
2023-01-20,17.2468,33102.8636,10.5,7,7.25,10.98,19.85,3.48,92.3,82.55,4.11633838374488,18.2712
2023-01-27,17.2577,33161.0688,10.75,7.25,7.67,10.86,18.51,3.52,92.3,82.55,4.11633838374488,18.309
2023-02-03,17.1455,32825.4317,10.75,7.25,7.65,10.79,18.33,3.53,93,82.55,4.11633838374488,18.1537
2023-02-10,17.7503,33216.6585,10.75,7.25,8,10.96,20.53,3.74,93,82.55,4.11633838374488,18.4585
2023-02-17,18.2712,33150.6857,10.75,7.25,8,11.15,20.02,3.82,93,82.55,4.11633838374488,18.3149
2023-02-24,18.309,33448.8153,10.75,7.25,7.31,11.16,21.67,3.95,93,82.55,4.11633838374488,18.1647
2023-03-03,18.1537,33365.9146,10.75,7.25,7.018,11.15,18.49,3.97,93.9,82.55,4.11633838374488,17.8139
2023-03-10,18.4585,33891.1873,10.75,7.25,7.6,11.24,24.8,3.7,93.9,82.55,4.11633838374488,18.1575
2023-03-17,18.3149,35804.681,10.75,7.25,7.47,11.33,25.51,3.39,93.9,82.55,4.11633838374488,18.1129
2023-03-24,18.1647,36261.4602,10.75,7.25,7.63,11.17,21.74,3.38,93.9,82.55,4.11633838374488,18.0983
2023-03-31,17.8139,35088.1703,11.25,7.75,7.65,11.12,18.7,3.48,93.9,82.55,4.11633838374488,18.4303
2023-04-07,18.1575,36795.9007,11.25,7.75,7.87,11.12,18.4,3.39,94.3,82.55,4.11633838374488,18.3544
2023-04-14,18.1129,36643.0335,11.25,7.75,8.08,11.21,17.07,3.52,94.3,82.55,4.11633838374488,19.3767
2023-04-21,18.0983,35927.6357,11.25,7.75,8.1,11.3,16.77,3.57,94.3,82.55,4.11633838374488,19.3487
2023-04-28,18.4303,36257.2281,11.25,7.75,8.49,11.38,15.78,3.44,94.3,82.55,4.11633838374488,19.7446
2023-05-05,18.3544,37301.1608,11.25,7.75,8.04,11.38,17.19,3.44,94.5,82.55,4.11633838374488,19.5325
2023-05-12,19.3767,38844.1161,11.25,7.75,7.95,12.09,17.03,3.46,94.5,82.55,4.11633838374488,18.8235
2023-05-19,19.3487,38226.6882,11.25,7.75,7.65,12.18,16.81,3.7,94.5,82.55,4.11633838374488,18.3303
2023-05-26,19.7446,38146.5475,11.75,8.25,8.2,12.3,17.95,3.8,94.5,82.55,4.11633838374488,18.6313
2023-06-02,19.5325,37853.9223,11.75,8.25,8.32,12.33,14.6,3.69,94.7,82.55,4.11633838374488,18.9237
2023-06-09,18.8235,36769.4326,11.75,8.25,8.96,11.94,13.83,3.75,94.7,82.55,4.11633838374488,19.0764
2023-06-16,18.3303,35660.0924,11.75,8.25,8.76,11.84,13.54,3.77,94.7,82.55,4.11633838374488,18.0212
2023-06-23,18.6313,36096.5425,11.75,8.25,8.46,11.91,13.44,3.74,94.7,82.55,4.11633838374488,17.956
2023-06-30,18.9237,35935.6665,11.75,8.25,8.55,11.79,13.59,3.81,94.7,82.55,4.11633838374488,17.8692
2023-07-07,19.0764,36354.2071,11.75,8.25,8.5,12.03,14.83,4.06,95.4,82.55,4.11633838374488,18.685
2023-07-14,18.0212,35482.7586,11.75,8.25,8.31,11.73,13.34,3.83,95.4,82.55,4.11633838374488,18.8743
2023-07-21,17.956,35236.6107,11.75,8.25,8.53,11.64,13.6,3.84,95.4,82.55,4.11633838374488,19.0725
2023-07-28,17.8692,34429.7886,11.75,8.25,8.65,11.55,13.33,3.96,95.4,82.55,4.11633838374488,18.6564
2023-08-04,18.685,35898.0414,11.75,8.25,8.3,11.72,17.1,4.05,95.7,82.55,4.11633838374488,18.7612
2023-08-11,18.8743,36168.1915,11.75,8.25,8.36,11.6,14.84,4.16,95.7,82.55,4.11633838374488,19.1072
2023-08-18,19.0725,35966.3391,11.75,8.25,8.83,11.88,17.3,4.26,95.7,82.55,4.11633838374488,19.0481
2023-08-25,18.6564,35559.833,11.75,8.25,8.56,11.65,15.68,4.25,95.7,82.55,4.11633838374488,18.8488
2023-09-01,18.7612,36550.0157,11.75,8.25,8.47,11.68,13.09,4.18,96.4,82.55,4.11633838374488,18.784
2023-09-08,19.1072,36739.5798,11.75,8.25,8.46,11.8,13.84,4.26,96.4,82.55,4.11633838374488,19.4202
2023-09-15,19.0481,36599.4763,11.75,8.25,8.29,12.05,13.79,4.33,96.4,82.55,4.11633838374488,18.9642
2023-09-22,18.8488,36063.1506,11.75,8.25,8.35,12.22,17.2,4.44,96.4,82.55,4.11633838374488,19.1057
2023-09-29,18.784,35228.8496,11.75,8.25,8.59,12.43,17.52,4.59,96.4,82.55,4.11633838374488,18.8845
2023-10-06,19.4202,35271.5664,11.75,8.25,8.06,12.45,17.45,4.78,97.3,82.55,4.11633838374488,18.4397
2023-10-13,18.9642,35894.4102,11.75,8.25,8.39,12.29,19.32,4.63,97.3,82.55,4.11633838374488,18.6541
2023-10-20,19.1057,37658.994,11.75,8.25,8.25,12.39,21.71,4.93,97.3,82.55,4.11633838374488,18.384
2023-10-27,18.8845,37296.6789,11.75,8.25,8.36,12.25,21.27,4.84,97.3,82.55,4.11633838374488,18.8957
2023-11-03,18.4397,36450.9357,11.75,8.25,8.3,11.92,14.91,4.57,97.2,82.55,4.11633838374488,18.8143
2023-11-10,18.6541,36478.5564,11.75,8.25,8.081,11.94,14.17,4.61,97.2,82.55,4.11633838374488,18.8313
2023-11-17,18.384,36471.5861,11.75,8.25,8.14,11.6,13.8,4.44,97.2,82.55,4.11633838374488,18.6113
2023-11-24,18.8957,37802.22,11.75,8.25,8.04,11.7,12.46,4.47,97.2,82.55,4.11633838374488,18.4175
2023-12-01,18.8143,38240.8436,11.75,8.25,8.59,11.57,12.63,4.22,97.2,82.55,4.11633838374488,18.5826
2023-12-08,18.8313,38117.2184,11.75,8.25,8.57,11.59,12.35,4.23,97.2,82.55,4.11633838374488,18.7906
2023-12-15,18.6113,37787.537,11.75,8.25,8.53,11.5,12.28,3.91,97.2,82.55,4.11633838374488,18.5818
2023-12-22,18.4175,37710.5127,11.75,8.25,8.38,11.4,13.03,3.9,97.2,82.55,4.11633838374488,18.9904
2023-12-29,18.5826,38071.3507,11.75,8.25,7.38,11.33,12.45,3.88,97.2,82.55,4.11633838374488,18.9156
2024-01-05,18.7906,38525.201,11.75,8.25,8.07,11.57,13.35,4.05,97.3,80.48,2.94952520485207,18.634
2024-01-12,18.5818,38119.1381,11.75,8.25,8.28,11.35,12.7,3.96,97.3,80.48,2.94952520485207,19.0113
2024-01-19,18.9904,38618.2305,11.75,8.25,8.46,11.44,13.3,4.15,97.3,80.48,2.94952520485207,18.8852
2024-01-26,18.9156,37874.0005,11.75,8.25,8.38,11.41,13.26,4.15,97.3,80.48,2.94952520485207,19.2452
2024-02-02,18.634,38486.4848,11.75,8.25,8.44,11.37,13.85,4.03,98.1,80.48,2.94952520485207,19.2279
2024-02-09,19.0113,38475.8802,11.75,8.25,8.45,11.56,12.93,4.17,98.1,80.48,2.94952520485207,18.6616
2024-02-16,18.8852,37928.8586,11.75,8.25,8.62,11.67,14.24,4.3,98.1,80.48,2.94952520485207,18.6815
2024-02-23,19.2452,39129.657,11.75,8.25,8.37,11.66,13.75,4.26,98.1,80.48,2.94952520485207,18.9907
2024-03-01,19.2279,39295.1202,11.75,8.25,8.39,11.67,13.11,4.19,98.9,80.48,2.94952520485207,18.9926
2024-03-08,18.6616,40407.4591,11.75,8.25,8.19,11.67,14.74,4.09,98.9,80.48,2.94952520485207,18.6668
2024-03-15,18.6815,40552.9074,11.75,8.25,8.02,11.96,14.41,4.31,98.9,80.48,2.94952520485207,18.6866
2024-03-22,18.9907,41055.1093,11.75,8.25,8.11,12.04,13.06,4.22,98.9,80.48,2.94952520485207,19.2467
2024-03-29,18.9926,41913.5366,11.75,8.25,8.16,12.27,13.01,4.2,98.9,80.48,2.94952520485207,18.9895
2024-04-05,18.6668,42842.5725,11.75,8.25,8.04,12.08,16.03,4.39,99.1,80.48,2.94952520485207,18.5622
2024-04-12,18.6866,45313.5186,11.75,8.25,7.862,12.28,17.31,4.5,99.1,80.48,2.94952520485207,18.4012
2024-04-19,19.2467,45587.2779,11.75,8.25,7.809,12.37,18.71,4.62,99.1,80.48,2.94952520485207,18.2194
2024-04-26,18.9895,44064.4577,11.75,8.25,8.41,12.36,15.03,4.67,99.1,80.48,2.94952520485207,18.4186
2024-05-03,18.5622,42438.5338,11.75,8.25,8.17,12.11,13.49,4.5,99.3,80.48,2.94952520485207,18.8538
2024-05-10,18.4012,43756.3995,11.75,8.25,8.045,12.11,12.55,4.5,99.3,80.48,2.94952520485207,18.8447
2024-05-17,18.2194,43587.8444,11.75,8.25,8.25,11.94,11.99,4.42,99.3,80.48,2.94952520485207,18.3748
2024-05-24,18.4186,43101.2423,11.75,8.25,8.19,12.04,11.93,4.46,99.3,80.48,2.94952520485207,17.9574
2024-05-31,18.8538,43828.2689,11.75,8.25,8.39,12.18,12.92,4.51,99.3,80.48,2.94952520485207,18.2138
2024-06-07,18.8447,43828.9006,11.75,8.25,8.223,12.18,12.22,4.43,99.4,80.48,2.94952520485207,18.2022
2024-06-14,18.3748,42870.6505,11.75,8.25,8.092,11.64,12.66,4.2,99.4,80.48,2.94952520485207,17.9533
2024-06-21,17.9574,42094.5653,11.75,8.25,8.085,11.25,13.2,4.25,99.4,80.48,2.94952520485207,18.35
2024-06-28,18.2138,42454.4808,11.75,8.25,8.04,11.39,12.44,4.36,99.4,80.48,2.94952520485207,18.2658
2024-07-05,18.2022,43352.8758,11.75,8.25,8.35,11.06,12.48,4.28,99.8,80.48,2.94952520485207,18.2067
2024-07-12,17.9533,43288.9137,11.75,8.25,8.03,10.92,12.46,4.18,99.8,80.48,2.94952520485207,18.3673
2024-07-19,18.35,44090.3086,11.75,8.25,8.55,11.01,16.52,4.25,99.8,80.48,2.94952520485207,17.9446
2024-07-26,18.2658,43477.6057,11.75,8.25,8.37,10.93,16.39,4.2,99.8,80.48,2.94952520485207,17.9553
2024-08-02,18.2067,44827.511,11.75,8.25,8.49,10.83,23.39,3.8,99.9,80.48,2.94952520485207,17.6113
2024-08-09,18.3673,44167.8502,11.75,8.25,8.41,10.89,20.37,3.94,99.9,80.48,2.94952520485207,17.7112
2024-08-16,17.9446,44240.3775,11.75,8.25,8.33,10.65,14.8,3.89,99.9,80.48,2.94952520485207,17.7564
2024-08-23,17.9553,44828.8694,11.75,8.25,8.17,10.61,15.86,3.81,99.9,80.48,2.94952520485207,17.5715
2024-08-30,17.6113,44594.2477,11.75,8.25,8.49,10.55,15,3.91,99.9,80.48,2.94952520485207,17.1564
2024-09-06,17.7112,44598.0111,11.75,8.25,8.17,10.42,22.38,3.72,100,80.48,2.94952520485207,17.4904
2024-09-13,17.7564,45546.6268,11.75,8.25,8.13,10.38,16.56,3.66,100,80.48,2.94952520485207,17.4565
2024-09-20,17.5715,43289.8523,11.5,8,8,10.14,16.15,3.73,100,80.48,2.94952520485207,17.593
2024-09-27,17.1564,45553.5946,11.5,8,8.05,10.01,16.96,3.75,100,80.48,2.94952520485207,17.6735
2024-10-04,17.4904,46453.3029,11.5,8,7.99,10.43,19.21,3.98,100,80.48,2.94952520485207,17.6574
2024-10-11,17.4565,46114.8489,11.5,8,7.93,10.35,20.46,4.08,100,80.48,2.94952520485207,17.4264
2024-10-18,17.593,47637.491,11.5,8,7.84,10.6,18.03,4.08,100,80.48,2.94952520485207,18.2358
2024-10-25,17.6735,48133.7965,11.5,8,7.96,10.57,20.33,4.25,100,80.48,2.94952520485207,18.0286
2024-11-01,17.6574,48259.235,11.5,8,7.74,10.57,21.88,4.37,99.9,80.48,2.94952520485207,18.0419
2024-11-08,17.4264,47101.1382,11.5,8,8,10.35,14.94,4.3,99.9,80.48,2.94952520485207,18.0388
2024-11-15,18.2358,46614.6438,11.5,8,8.29,10.4,16.14,4.43,99.9,80.48,2.94952520485207,17.8176
2024-11-22,18.0286,48838.7107,11.25,7.75,7.95,10.17,15.24,4.41,99.9,80.48,2.94952520485207,18.3414
2024-11-29,18.0419,48017.2833,11.25,7.75,7.84,10.14,13.51,4.18,99.9,80.48,2.94952520485207,18.7921
2024-12-06,18.0388,47363.7321,11.25,7.75,7.79,10.22,12.77,4.15,100,80.48,2.94952520485207,18.773
2024-12-13,17.8176,47649.3659,11.25,7.75,7.69,10.15,13.81,4.4,100,80.48,2.94952520485207,18.9368
2024-12-20,18.3414,47959.1687,11.25,7.75,8.07,10.4,18.36,4.52,100,80.48,2.94952520485207,18.7264
2024-12-27,18.7921,49096.1034,11.25,7.75,7.412,10.3,15.95,4.62,100,80.48,2.94952520485207,18.3118
2025-01-03,18.773,49593.9425,11.25,7.75,7.74,10.25,16.13,4.6,100.3,69.16,2.94952520485207,18.591
2025-01-10,18.9368,51234.5396,11.25,7.75,7.7,10.56,19.54,4.77,100.3,69.16,2.94952520485207,18.4284
2025-01-17,18.7264,50920.4633,11.25,7.75,7.77,10.51,15.97,4.61,100.3,69.16,2.94952520485207,18.3904
2025-01-24,18.3118,50936.4929,11.25,7.75,7.7,10.33,14.85,4.63,100.3,69.16,2.94952520485207,18.3322
2025-01-31,18.591,52225.3475,11,7.5,7.61,10.38,16.43,4.58,100.3,69.16,2.94952520485207,18.5065
2025-02-07,18.4284,52917.7535,11,7.5,7.47,10.4,16.54,4.49,101.2,69.16,2.94952520485207,18.0809
2025-02-14,18.3904,53764.319,11,7.5,7.21,10.48,14.77,4.47,101.2,69.16,2.94952520485207,18.1979
2025-02-21,18.3322,53771.2353,11,7.5,7.25,10.59,18.21,4.42,101.2,69.16,2.94952520485207,18.1741
2025-02-28,18.5065,52599.8168,11,7.5,7.468,10.52,19.63,4.24,101.2,69.16,2.94952520485207,18.1883
2025-03-07,18.0809,53311.3331,11,7.5,7.29,10.93,23.37,4.32,101.6,69.16,2.94952520485207,19.0919
2025-03-14,18.1979,54293.1018,11,7.5,7.2,10.98,21.77,4.31,101.6,69.16,2.94952520485207,19.3565
2025-03-21,18.1741,55241.9428,11,7.5,7.05,11.05,19.28,4.25,101.6,69.16,2.94952520485207,18.8727
2025-03-28,18.1883,55787.4735,11,7.5,7.193,11.08,21.65,4.27,101.6,69.16,2.94952520485207,18.8032
2025-04-04,19.0919,58497.8371,11,7.5,6.63,11.49,45.31,4.01,101.9,69.16,2.94952520485207,18.473
2025-04-11,19.3565,61960.4868,11,7.5,7.31,11.49,37.56,4.48,101.9,69.16,2.94952520485207,18.1779
2025-04-18,18.8727,62247.4425,11,7.5,7.31,11.43,29.65,4.34,101.9,69.16,2.94952520485207,18.0516
2025-04-25,18.8032,61820.8463,11,7.5,7.28,11.19,24.84,4.29,101.9,69.16,2.94952520485207,17.9148
2025-05-02,18.473,59802.9997,11,7.5,7.35,11.14,22.68,4.33,102.1,69.16,2.94952520485207,17.8463
2025-05-09,18.1779,61816.2355,11,7.5,7.163,11.12,21.9,4.37,102.1,69.16,2.94952520485207,17.7727
2025-05-16,18.0516,57794.6369,11,7.5,7.37,10.98,17.24,4.43,102.1,69.16,2.94952520485207,17.9451
2025-05-23,17.9148,59794.1313,11,7.5,7.45,11.04,22.29,4.51,102.1,69.16,2.94952520485207,18.028
2025-05-30,17.8463,43450.2313,10.75,7.25,7.272,10.7,18.57,4.41,102.1,69.16,2.94952520485207,17.8626
2025-06-06,17.7727,59510.5628,10.75,7.25,6.981,10.54,16.77,4.51,102.4,69.16,2.94952520485207,17.5669
2025-06-13,17.9451,60918.4034,10.75,7.25,7.156,10.71,20.82,4.41,102.4,69.16,2.94952520485207,17.8262
2025-06-20,18.028,60492.1499,10.75,7.25,7.24,10.59,20.62,4.38,102.4,69.16,2.94952520485207,17.6783
2025-06-27,17.8626,58431.4913,10.75,7.25,7.49,10.49,16.32,4.29,102.4,69.16,2.94952520485207,17.7393
2025-07-04,17.5669,58701.2731,10.75,7.25,7.42,10.28,17.48,4.35,103.3,69.16,2.94952520485207,18.2913
2025-07-11,17.8262,59959.3168,10.75,7.25,7.28,10.42,16.4,4.43,103.3,69.16,2.94952520485207,17.7139
2025-07-18,17.6783,59299.5846,10.75,7.25,7.17,10.51,16.41,4.44,103.3,69.16,2.94952520485207,17.542
2025-07-25,17.7393,59444.5175,10.75,7.25,7.15,10.39,14.93,4.4,103.3,69.16,2.94952520485207,17.6679
2025-08-01,18.2913,59987.6624,10.5,7,6.945,10.14,20.38,4.23,103.2,69.16,2.94952520485207,17.7493
2025-08-08,17.7139,60208.1453,10.5,7,6.962,10.18,15.15,4.27,103.2,69.16,2.94952520485207,17.6962
2025-08-15,17.542,58772.3173,10.5,7,6.833,10.13,15.09,4.33,103.2,69.16,2.94952520485207,17.4027
2025-08-22,17.6679,58444.4008,10.5,7,6.94,10.14,14.22,4.26,103.2,69.16,2.94952520485207,17.328
2025-08-29,17.7493,60457.8834,10.5,7,6.9,10.12,15.36,4.23,103.2,69.16,2.94952520485207,17.4483
2025-09-05,17.6962,62604.7334,10.5,7,6.748,10.13,15.18,4.1,103.4,69.16,2.94952520485207,17.2491
2025-09-12,17.4027,63397.4451,10.5,7,6.21,9.9,14.76,4.06,103.4,69.16,2.94952520485207,17.2245
2025-09-19,17.328,63578.494,10.5,7,5.925,9.73,15.45,4.14,103.4,69.16,2.94952520485207,17.4711
2025-09-26,17.4483,65403.1305,10.5,7,6.701,9.66,15.29,4.2,103.4,69.16,2.94952520485207,17.3507
2025-10-03,17.2491,66777.1228,10.5,7,6.899,9.66,16.65,4.13,103.5,69.16,2.94952520485207,17.3066
2025-10-10,17.2245,68803.8518,10.5,7,6.57,9.57,21.66,4.05,103.5,69.16,2.94952520485207,17.3809
2025-10-17,17.4711,74519.4483,10.5,7,6.632,9.55,20.78,4.02,103.5,69.16,2.94952520485207,17.1141
2025-10-24,17.3507,70442.7507,10.5,7,6.841,9.45,16.37,4.02,103.5,69.16,2.94952520485207,17.2863
2025-10-31,17.3066,69670.103,10.5,7,6.902,9.34,17.44,4.11,103.5,69.16,2.94952520485207,17.1635
2025-11-07,17.3809,69379.5256,10.5,7,7.13,9.23,19.08,4.11,103.4,69.16,2.94952520485207,16.9318
2025-11-14,17.1141,70665.703,10.5,7,6.969,9.05,19.83,4.14,103.4,69.16,2.94952520485207,16.8368
2025-11-21,17.2863,70393.1419,10.25,6.75,6.73,9.06,23.43,4.06,103.4,69.16,2.94952520485207,16.7606
2025-11-28,17.1635,71487.3359,10.25,6.75,7,8.98,16.35,4.02,103.4,69.16,2.94952520485207,16.6744
2025-12-05,16.9318,71674.8468,10.25,6.75,6.689,8.71,15.41,4.14,103.6,69.16,2.94952520485207,16.535
2025-12-12,16.8368,73054.7014,10.25,6.75,6.27,8.8,15.74,4.19,103.6,69.16,2.94952520485207,16.552
2025-12-19,16.7606,72713.1217,10.25,6.75,6.11,8.79,14.91,4.16,103.6,69.16,2.94952520485207,16.3829
2025-12-26,16.6744,74314.9117,10.25,6.75,4.997,8.75,13.6,4.14,103.6,69.16,2.94952520485207,16.1806
2026-01-02,16.535,72168.4387,10.25,6.75,5.502,8.59,14.51,4.19,103.7,69.16,2.94952520485207,15.9238
2026-01-09,16.552,73893.5806,10.25,6.75,6.64,8.77,14.49,4.18,103.7,69.16,2.94952520485207,16.1649
2026-01-16,16.3829,75649.996,10.25,6.75,6.29,8.69,15.86,4.24,103.7,69.16,2.94952520485207,16.0353
2026-01-23,16.1806,80008.8336,10.25,6.75,6.57,8.53,16.09,4.24,103.7,69.16,2.94952520485207,16.1535
2026-01-30,15.9238,80364.9717,10.25,6.75,6.57,8.4,17.44,4.26,103.7,69.16,2.94952520485207,15.8928
2026-02-06,16.1649,78858.9742,10.25,6.75,6.311,8.37,17.76,4.22,104.1,69.16,2.94952520485207,16.6164
2026-02-13,16.0353,79534.1891,10.25,6.75,6.55,8.25,20.6,4.04,104.1,69.16,2.94952520485207,16.8894
2026-02-20,16.1535,81183.7019,10.25,6.75,6.338,8.28,19.09,4.08,104.1,69.16,2.94952520485207,16.7824
2026-02-27,15.8928,83032.9004,10.25,6.75,6.602,8.19,19.86,3.97,104.1,69.16,2.94952520485207,17.1302
2026-03-06,16.6164,85790.0854,10.25,6.75,6.67,8.62,29.49,4.15,104.6,69.16,2.94952520485207,16.9611
2026-03-13,16.8894,84931.9032,10.25,6.75,6.371,9.12,27.19,4.28,104.6,69.16,2.94952520485207,16.4623
2026-03-20,16.7824,78202.9844,10.25,6.75,6.654,9.3,26.78,4.39,104.6,69.16,2.94952520485207,16.3779
2026-03-27,17.1302,76659.5848,10.25,6.75,6.6,9.41,31.05,4.44,104.6,69.16,2.94952520485207,16.6276
2026-04-03,16.9611,78488.8794,10.25,6.75,6.41,9.36,23.87,4.35,105.8,69.16,2.94952520485207,16.7766
2026-04-10,16.4623,77919.3255,10.25,6.75,6.483,8.83,19.23,4.31,105.8,69.16,2.94952520485207,16.4266
2026-04-17,16.3779,78368.5247,10.25,6.75,6.03,8.7,17.48,4.26,105.8,69.16,2.94952520485207,16.6666
2026-04-24,16.6276,77833.9964,10.25,6.75,6.73,8.94,18.71,4.31,105.8,69.16,2.94952520485207,16.4709
2026-05-01,16.7766,77317.7173,10.25,6.75,6.608,9.13,16.99,4.39,106.6,69.16,2.94952520485207,16.2653
2026-05-08,16.4266,77318.4491,10.25,6.75,6.35,8.94,17.19,4.38,106.6,69.16,2.94952520485207,16.2815
2026-05-15,16.6666,75805.6492,10.25,6.75,6.51,9.07,18.43,4.59,106.6,69.16,2.94952520485207,16.2682
2026-05-22,16.4709,74084.7044,10.25,6.75,6.52,9.08,16.7,4.56,106.6,69.16,2.94952520485207,16.4775
2026-05-29,16.2653,73664.4228,10.5,7,6.85,8.72,15.32,4.45,106.6,69.16,2.94952520485207,16.455
2026-06-05,16.2815,72534.1709,10.5,7,6.93,8.86,21.51,4.55,106.6,69.16,2.94952520485207,16.2146
2026-06-12,16.2682,68601.441,10.5,7,6.89,8.77,17.68,4.48,106.6,69.16,2.94952520485207,16.3105
2026-06-19,16.4775,68528.4689,10.5,7,6.7,8.58,16.78,4.46,106.6,69.16,2.94952520485207,16.4794
2026-06-26,16.455,66806.0928,10.5,7,6.84,8.49,18.41,4.38,106.6,69.16,2.94952520485207,NA
2026-07-03,16.2146,67641.765,10.5,7,6.88,8.5,15.81,4.49,106.6,69.16,2.94952520485207,NA
2026-07-10,16.3105,66845.4624,10.5,7,6.89,8.57,15.03,4.56,106.6,69.16,2.94952520485207,NA
2026-07-17,16.4794,65895.1459,10.5,7,6.83,8.75,18.77,4.55,106.6,69.16,2.94952520485207,NA
