observation_date,VIXCLS
2/1/1990,17.24
3/1/1990,18.19
4/1/1990,19.22
5/1/1990,20.11
8/1/1990,20.26
9/1/1990,22.2
10/1/1990,22.44
11/1/1990,20.05
12/1/1990,24.64
15/1/1990,26.34
16/1/1990,24.18
17/1/1990,24.16
18/1/1990,24.34
19/1/1990,22.5
22/1/1990,26.7
23/1/1990,24.72
24/1/1990,25.39
25/1/1990,25.63
26/1/1990,26.28
29/1/1990,26.44
30/1/1990,27.25
31/1/1990,25.36
1/2/1990,24.87
2/2/1990,24.32
5/2/1990,24.54
6/2/1990,24.69
7/2/1990,24.29
8/2/1990,23.77
9/2/1990,23.69
12/2/1990,24.38
13/2/1990,23.76
14/2/1990,22.05
15/2/1990,19.71
16/2/1990,20.78
19/2/1990,
20/2/1990,22.78
21/2/1990,23.89
22/2/1990,22.54
23/2/1990,23.69
26/2/1990,23.56
27/2/1990,22.69
28/2/1990,21.99
1/3/1990,21.9
2/3/1990,21.34
5/3/1990,22.03
6/3/1990,20.55
7/3/1990,19.1
8/3/1990,19.74
9/3/1990,20.3
12/3/1990,20.07
13/3/1990,21.05
14/3/1990,19.65
15/3/1990,18.81
16/3/1990,17.62
19/3/1990,18.29
20/3/1990,19.06
21/3/1990,20.1
22/3/1990,22.74
23/3/1990,20.46
26/3/1990,19.59
27/3/1990,21.01
28/3/1990,19.77
29/3/1990,18.46
30/3/1990,19.73
2/4/1990,22.84
3/4/1990,20.44
4/4/1990,22.03
5/4/1990,21.21
6/4/1990,21.76
9/4/1990,22.3
10/4/1990,21.69
11/4/1990,17.73
12/4/1990,19.8
13/4/1990,
16/4/1990,20.75
17/4/1990,20.38
18/4/1990,22.67
19/4/1990,22.46
20/4/1990,23.33
23/4/1990,24.16
24/4/1990,21.7
25/4/1990,20.86
26/4/1990,20.25
27/4/1990,22.19
30/4/1990,19.52
1/5/1990,18.43
2/5/1990,19.32
3/5/1990,17.81
4/5/1990,17.28
7/5/1990,17.65
8/5/1990,18.49
9/5/1990,18.64
10/5/1990,18.59
11/5/1990,19.81
14/5/1990,20.14
15/5/1990,19.49
16/5/1990,17.71
17/5/1990,17.27
18/5/1990,17.2
21/5/1990,16.72
22/5/1990,17.84
23/5/1990,17.18
24/5/1990,17.7
25/5/1990,17.32
28/5/1990,
29/5/1990,18.75
30/5/1990,17.44
31/5/1990,17.37
1/6/1990,17.09
4/6/1990,18.39
5/6/1990,18.97
6/6/1990,17.42
7/6/1990,16.88
8/6/1990,17.58
11/6/1990,16.34
12/6/1990,16.6
13/6/1990,17.38
14/6/1990,17.4
15/6/1990,15.9
18/6/1990,17.71
19/6/1990,15.23
20/6/1990,15.27
21/6/1990,14.72
22/6/1990,19.36
25/6/1990,17.06
26/6/1990,16.29
27/6/1990,16
28/6/1990,16.18
29/6/1990,15.5
2/7/1990,16.26
3/7/1990,16.11
4/7/1990,
5/7/1990,17.25
6/7/1990,16.41
9/7/1990,16.66
10/7/1990,16.92
11/7/1990,16.68
12/7/1990,17.06
13/7/1990,17.09
16/7/1990,16.75
17/7/1990,16.66
18/7/1990,18.9
19/7/1990,18.56
20/7/1990,15.63
23/7/1990,23.68
24/7/1990,21.79
25/7/1990,20.19
26/7/1990,20.26
27/7/1990,21.12
30/7/1990,21.16
31/7/1990,21.11
1/8/1990,21.64
2/8/1990,20.43
3/8/1990,28.74
6/8/1990,35.91
7/8/1990,32.75
8/8/1990,28.27
9/8/1990,24.39
10/8/1990,25.75
13/8/1990,25.74
14/8/1990,24.18
15/8/1990,23.31
16/8/1990,27.16
17/8/1990,27.53
20/8/1990,26.46
21/8/1990,28.9
22/8/1990,30.55
23/8/1990,36.47
24/8/1990,33.93
27/8/1990,29.63
28/8/1990,29.12
29/8/1990,27.38
30/8/1990,29.89
31/8/1990,29.9
3/9/1990,
4/9/1990,29.58
5/9/1990,28.52
6/9/1990,30.19
7/9/1990,28.73
10/9/1990,29.34
11/9/1990,28.38
12/9/1990,28.12
13/9/1990,29.33
14/9/1990,30.56
17/9/1990,29.55
18/9/1990,28.82
19/9/1990,27.88
20/9/1990,28.66
21/9/1990,30.04
24/9/1990,30.56
25/9/1990,28.81
26/9/1990,28.19
27/9/1990,28.67
28/9/1990,29.11
1/10/1990,28.06
2/10/1990,27.28
3/10/1990,27.9
4/10/1990,27.51
5/10/1990,27.85
8/10/1990,28.04
9/10/1990,30.71
10/10/1990,31.19
11/10/1990,33.98
12/10/1990,31.94
15/10/1990,31.64
16/10/1990,31.45
17/10/1990,31.37
18/10/1990,29.6
19/10/1990,27.86
22/10/1990,27.27
23/10/1990,27.57
24/10/1990,28.28
25/10/1990,29.04
26/10/1990,30.75
29/10/1990,31.54
30/10/1990,30.52
31/10/1990,30.04
1/11/1990,30.25
2/11/1990,30.03
5/11/1990,29.85
6/11/1990,29.11
7/11/1990,30.87
8/11/1990,30.79
9/11/1990,26.96
12/11/1990,25.6
13/11/1990,24.58
14/11/1990,22.89
15/11/1990,22.57
16/11/1990,21.34
19/11/1990,20.95
20/11/1990,20.09
21/11/1990,21.09
22/11/1990,
23/11/1990,20.98
26/11/1990,22.76
27/11/1990,22.86
28/11/1990,22.96
29/11/1990,23.91
30/11/1990,22.16
3/12/1990,22.29
4/12/1990,22.03
5/12/1990,20.94
6/12/1990,22.62
7/12/1990,22.59
10/12/1990,23.58
11/12/1990,23.75
12/12/1990,21.28
13/12/1990,23.05
14/12/1990,23.85
17/12/1990,24.85
18/12/1990,23.11
19/12/1990,23.08
20/12/1990,23.13
21/12/1990,22.66
24/12/1990,24.03
25/12/1990,
26/12/1990,24.18
27/12/1990,24.81
28/12/1990,25.05
31/12/1990,26.38
1/1/1991,
2/1/1991,26.62
3/1/1991,27.93
4/1/1991,27.19
7/1/1991,28.95
8/1/1991,30.38
9/1/1991,33.3
10/1/1991,31.33
11/1/1991,32.63
14/1/1991,36.2
15/1/1991,36.16
16/1/1991,33.2
17/1/1991,27.45
18/1/1991,25.39
21/1/1991,24.33
22/1/1991,24.9
23/1/1991,23.92
24/1/1991,22.86
25/1/1991,22.2
28/1/1991,23.05
29/1/1991,23.17
30/1/1991,21.37
31/1/1991,20.91
1/2/1991,21.04
4/2/1991,21.86
5/2/1991,21.46
6/2/1991,22.68
7/2/1991,23.6
8/2/1991,23.38
11/2/1991,22.56
12/2/1991,22.26
13/2/1991,20.86
14/2/1991,21.48
15/2/1991,19.57
18/2/1991,
19/2/1991,19.84
20/2/1991,22.26
21/2/1991,20.78
22/2/1991,21.01
25/2/1991,22.86
26/2/1991,20.38
27/2/1991,21.26
28/2/1991,21.23
1/3/1991,
4/3/1991,20.86
5/3/1991,20.45
6/3/1991,20.55
7/3/1991,21.05
8/3/1991,20.81
11/3/1991,20.88
12/3/1991,18.82
13/3/1991,16.09
14/3/1991,14.94
15/3/1991,14.9
18/3/1991,15.79
19/3/1991,16.11
20/3/1991,16.04
21/3/1991,16.86
22/3/1991,16.49
25/3/1991,16.76
26/3/1991,16.31
27/3/1991,16.55
28/3/1991,16.88
29/3/1991,
1/4/1991,17.42
2/4/1991,17.4
3/4/1991,17.61
4/4/1991,18.01
5/4/1991,17.63
8/4/1991,17.41
9/4/1991,20.12
10/4/1991,19.73
11/4/1991,17.24
12/4/1991,18.45
15/4/1991,16.5
16/4/1991,15.82
17/4/1991,15.47
18/4/1991,16.26
19/4/1991,15.68
22/4/1991,16.78
23/4/1991,17.02
24/4/1991,16.72
25/4/1991,17.15
26/4/1991,17.27
29/4/1991,18.27
30/4/1991,18.24
1/5/1991,17.77
2/5/1991,17.52
3/5/1991,17.24
6/5/1991,17.92
7/5/1991,17.46
8/5/1991,17.78
9/5/1991,17.17
10/5/1991,17.54
13/5/1991,17.66
14/5/1991,18
15/5/1991,18.38
16/5/1991,17.24
17/5/1991,16.64
20/5/1991,17.1
21/5/1991,16.07
22/5/1991,16.16
23/5/1991,16.11
24/5/1991,15.23
27/5/1991,
28/5/1991,15.67
29/5/1991,15.9
30/5/1991,16.02
31/5/1991,15.93
3/6/1991,16.87
4/6/1991,16.17
5/6/1991,16.4
6/6/1991,16.93
7/6/1991,16.98
10/6/1991,17.47
11/6/1991,17.32
12/6/1991,17.72
13/6/1991,16.99
14/6/1991,15.98
17/6/1991,15.5
18/6/1991,16.14
19/6/1991,17.44
20/6/1991,16.75
21/6/1991,16.51
24/6/1991,18.28
25/6/1991,17.85
26/6/1991,17.98
27/6/1991,17.87
28/6/1991,19.55
1/7/1991,18.64
2/7/1991,17.63
3/7/1991,19.47
4/7/1991,
5/7/1991,18.35
8/7/1991,20.29
9/7/1991,19.76
10/7/1991,19.19
11/7/1991,17.39
12/7/1991,18.29
15/7/1991,17.78
16/7/1991,17.49
17/7/1991,17.52
18/7/1991,15.77
19/7/1991,15.5
22/7/1991,16.9
23/7/1991,16.58
24/7/1991,16.41
25/7/1991,15.74
26/7/1991,15.45
29/7/1991,15.67
30/7/1991,15.47
31/7/1991,15.18
1/8/1991,15.47
2/8/1991,15.26
5/8/1991,15.92
6/8/1991,15.54
7/8/1991,15.56
8/8/1991,15.98
9/8/1991,15.45
12/8/1991,15.26
13/8/1991,14.73
14/8/1991,15.09
15/8/1991,15.19
16/8/1991,16.01
19/8/1991,21.19
20/8/1991,18.86
21/8/1991,15.62
22/8/1991,14.59
23/8/1991,14.41
26/8/1991,14.81
27/8/1991,15.46
28/8/1991,15.31
29/8/1991,14.82
30/8/1991,14.46
2/9/1991,
3/9/1991,16.57
4/9/1991,17.18
5/9/1991,17.31
6/9/1991,16.76
9/9/1991,17.73
10/9/1991,18.22
11/9/1991,17.96
12/9/1991,16.21
13/9/1991,17.88
16/9/1991,17.82
17/9/1991,17.68
18/9/1991,17.56
19/9/1991,17.56
20/9/1991,17.08
23/9/1991,16.38
24/9/1991,16.04
25/9/1991,15.68
26/9/1991,15.35
27/9/1991,16.31
30/9/1991,15.85
1/10/1991,14.81
2/10/1991,15.81
3/10/1991,17.04
4/10/1991,15.63
7/10/1991,18.58
8/10/1991,17.81
9/10/1991,18.54
10/10/1991,17.8
11/10/1991,17.6
14/10/1991,16.71
15/10/1991,16.22
16/10/1991,14.85
17/10/1991,16.32
18/10/1991,15.87
21/10/1991,16.66
22/10/1991,16.55
23/10/1991,16.26
24/10/1991,15.62
25/10/1991,15.75
28/10/1991,15.45
29/10/1991,15.55
30/10/1991,15.46
31/10/1991,15.48
1/11/1991,15.6
4/11/1991,16.35
5/11/1991,16.48
6/11/1991,16.47
7/11/1991,15.97
8/11/1991,15.43
11/11/1991,14.89
12/11/1991,14.04
13/11/1991,13.95
14/11/1991,13.96
15/11/1991,21.18
18/11/1991,18.28
19/11/1991,20.34
20/11/1991,20.4
21/11/1991,19.11
22/11/1991,21.2
25/11/1991,21.92
26/11/1991,19.8
27/11/1991,19.84
28/11/1991,
29/11/1991,20.26
2/12/1991,20.18
3/12/1991,19.7
4/12/1991,19.54
5/12/1991,20.19
6/12/1991,19.04
9/12/1991,19.74
10/12/1991,19.89
11/12/1991,20.57
12/12/1991,19.08
13/12/1991,17.88
16/12/1991,17.62
17/12/1991,18.12
18/12/1991,17.78
19/12/1991,17.96
20/12/1991,17.65
23/12/1991,16.61
24/12/1991,15.67
25/12/1991,
26/12/1991,15.44
27/12/1991,15.7
30/12/1991,17.63
31/12/1991,19.31
1/1/1992,
2/1/1992,18.95
3/1/1992,18.75
6/1/1992,18.96
7/1/1992,19.23
8/1/1992,18.72
9/1/1992,18.96
10/1/1992,18.45
13/1/1992,18.01
14/1/1992,17.01
15/1/1992,17.39
16/1/1992,17.64
17/1/1992,16.32
20/1/1992,16.42
21/1/1992,17.92
22/1/1992,16.75
23/1/1992,16.46
24/1/1992,16.24
27/1/1992,16.67
28/1/1992,17.67
29/1/1992,17.62
30/1/1992,17.49
31/1/1992,17.4
3/2/1992,18.2
4/2/1992,17.96
5/2/1992,18.22
6/2/1992,18.79
7/2/1992,18.51
10/2/1992,18.56
11/2/1992,17.7
12/2/1992,17.37
13/2/1992,17.45
14/2/1992,17.03
17/2/1992,
18/2/1992,18.22
19/2/1992,17.16
20/2/1992,16.72
21/2/1992,16.87
24/2/1992,17.13
25/2/1992,16.35
26/2/1992,16.64
27/2/1992,16.51
28/2/1992,16.68
2/3/1992,16.88
3/3/1992,17.26
4/3/1992,17.89
5/3/1992,18.47
6/3/1992,19.75
9/3/1992,19.68
10/3/1992,18.68
11/3/1992,19.79
12/3/1992,19.72
13/3/1992,18.35
16/3/1992,18.46
17/3/1992,16.79
18/3/1992,16.69
19/3/1992,16.52
20/3/1992,16.82
23/3/1992,16.73
24/3/1992,16.32
25/3/1992,16.19
26/3/1992,16.29
27/3/1992,16.02
30/3/1992,15.97
31/3/1992,16.18
1/4/1992,16.48
2/4/1992,17.06
3/4/1992,16.72
6/4/1992,16.72
7/4/1992,18.81
8/4/1992,20.15
9/4/1992,17.89
10/4/1992,16.85
13/4/1992,16.99
14/4/1992,15.98
15/4/1992,15.15
16/4/1992,14.85
17/4/1992,
20/4/1992,15.93
21/4/1992,16.53
22/4/1992,15.96
23/4/1992,15.83
24/4/1992,15.71
27/4/1992,16.49
28/4/1992,16.24
29/4/1992,15.95
30/4/1992,15.53
1/5/1992,16.61
4/5/1992,16.92
5/5/1992,16.66
6/5/1992,16.81
7/5/1992,16.54
8/5/1992,15.65
11/5/1992,15.17
12/5/1992,15.68
13/5/1992,15.19
14/5/1992,15.49
15/5/1992,14.82
18/5/1992,14.62
19/5/1992,13.57
20/5/1992,13.62
21/5/1992,13.92
22/5/1992,13.73
25/5/1992,
26/5/1992,14.92
27/5/1992,13.99
28/5/1992,13.77
29/5/1992,13.86
1/6/1992,14.43
2/6/1992,14.57
3/6/1992,14.35
4/6/1992,13.66
5/6/1992,14.65
8/6/1992,15.19
9/6/1992,15.97
10/6/1992,16.62
11/6/1992,16.29
12/6/1992,14.95
15/6/1992,14.76
16/6/1992,15.22
17/6/1992,18.08
18/6/1992,18.2
19/6/1992,16.31
22/6/1992,16.66
23/6/1992,14.53
24/6/1992,14.4
25/6/1992,14.4
26/6/1992,14.67
29/6/1992,13.21
30/6/1992,13.35
1/7/1992,13.34
2/7/1992,13.88
3/7/1992,
6/7/1992,14.87
7/7/1992,15.83
8/7/1992,15.53
9/7/1992,14.6
10/7/1992,13.7
13/7/1992,14.01
14/7/1992,13.5
15/7/1992,12.52
16/7/1992,12.27
17/7/1992,12.6
20/7/1992,12.66
21/7/1992,12.6
22/7/1992,13.57
23/7/1992,13.33
24/7/1992,13.37
27/7/1992,13.9
28/7/1992,13.05
29/7/1992,13.44
30/7/1992,13.5
31/7/1992,13.17
3/8/1992,13.83
4/8/1992,13.58
5/8/1992,13.82
6/8/1992,14.23
7/8/1992,13.94
10/8/1992,14.51
11/8/1992,15.09
12/8/1992,14.88
13/8/1992,15.34
14/8/1992,14.66
17/8/1992,14.61
18/8/1992,13.84
19/8/1992,14.35
20/8/1992,14.48
21/8/1992,15.01
24/8/1992,16.19
25/8/1992,15.62
26/8/1992,14.5
27/8/1992,13.66
28/8/1992,13.14
31/8/1992,13.58
1/9/1992,13.4
2/9/1992,12.73
3/9/1992,12.88
4/9/1992,12.98
7/9/1992,
8/9/1992,13.65
9/9/1992,13.36
10/9/1992,12.92
11/9/1992,12.47
14/9/1992,13
15/9/1992,13.63
16/9/1992,14.72
17/9/1992,14.31
18/9/1992,13.74
21/9/1992,13.45
22/9/1992,13.88
23/9/1992,13.83
24/9/1992,13.44
25/9/1992,14.8
28/9/1992,15.19
29/9/1992,14.97
30/9/1992,14.28
1/10/1992,16.31
2/10/1992,17.79
5/10/1992,20.01
6/10/1992,19.95
7/10/1992,21.02
8/10/1992,19.26
9/10/1992,20.51
12/10/1992,19.49
13/10/1992,17.9
14/10/1992,18.42
15/10/1992,17.11
16/10/1992,17.01
19/10/1992,17.31
20/10/1992,16.87
21/10/1992,16.62
22/10/1992,15.84
23/10/1992,16.46
26/10/1992,16.32
27/10/1992,16.24
28/10/1992,15.95
29/10/1992,15.47
30/10/1992,16.15
2/11/1992,16.67
3/11/1992,17.33
4/11/1992,16.28
5/11/1992,15.38
6/11/1992,14.69
9/11/1992,14.23
10/11/1992,14.37
11/11/1992,13.99
12/11/1992,14.37
13/11/1992,14.61
16/11/1992,14.86
17/11/1992,15.01
18/11/1992,14.55
19/11/1992,14.33
20/11/1992,13.67
23/11/1992,13.4
24/11/1992,12.66
25/11/1992,12.5
26/11/1992,
27/11/1992,12.58
30/11/1992,13.01
1/12/1992,12.8
2/12/1992,12.56
3/12/1992,12.03
4/12/1992,11.81
7/12/1992,12
8/12/1992,11.73
9/12/1992,12.58
10/12/1992,12.75
11/12/1992,12.34
14/12/1992,12.66
15/12/1992,12.41
16/12/1992,12.58
17/12/1992,12.14
18/12/1992,11.66
21/12/1992,11.65
22/12/1992,11.75
23/12/1992,11.51
24/12/1992,11.57
25/12/1992,
28/12/1992,12.22
29/12/1992,12.29
30/12/1992,12.6
31/12/1992,12.57
1/1/1993,
4/1/1993,13.36
5/1/1993,13.35
6/1/1993,13.37
7/1/1993,14.72
8/1/1993,13.77
11/1/1993,12.86
12/1/1993,12.78
13/1/1993,12.42
14/1/1993,11.99
15/1/1993,11.57
18/1/1993,11.49
19/1/1993,12.06
20/1/1993,12.15
21/1/1993,11.69
22/1/1993,11.3
25/1/1993,11.38
26/1/1993,11.45
27/1/1993,12.01
28/1/1993,12.04
29/1/1993,12.42
1/2/1993,12.33
2/2/1993,12.25
3/2/1993,12.12
4/2/1993,12.29
5/2/1993,12.9
8/2/1993,13.22
9/2/1993,13.48
10/2/1993,13.43
11/2/1993,12.69
12/2/1993,12.38
15/2/1993,
16/2/1993,15.76
17/2/1993,15.9
18/2/1993,15.56
19/2/1993,15.02
22/2/1993,14.7
23/2/1993,15.04
24/2/1993,14.72
25/2/1993,13.76
26/2/1993,13.16
1/3/1993,13.6
2/3/1993,12.49
3/3/1993,13.13
4/3/1993,13.44
5/3/1993,14.08
8/3/1993,16.22
9/3/1993,14.17
10/3/1993,13.91
11/3/1993,14.26
12/3/1993,15.66
15/3/1993,14.74
16/3/1993,14.51
17/3/1993,14.53
18/3/1993,14.17
19/3/1993,13.23
22/3/1993,13.66
23/3/1993,13.02
24/3/1993,12.44
25/3/1993,12.08
26/3/1993,12.21
29/3/1993,12.63
30/3/1993,12.23
31/3/1993,12.53
1/4/1993,13.02
2/4/1993,14.5
5/4/1993,14.12
6/4/1993,14.24
7/4/1993,13.64
8/4/1993,12.83
9/4/1993,
12/4/1993,11.93
13/4/1993,11.7
14/4/1993,11.76
15/4/1993,10.96
16/4/1993,11.29
19/4/1993,12.06
20/4/1993,11.94
21/4/1993,12.11
22/4/1993,12.68
23/4/1993,13.36
26/4/1993,15.25
27/4/1993,13.93
28/4/1993,13.12
29/4/1993,12.8
30/4/1993,12.42
3/5/1993,12.9
4/5/1993,12.14
5/5/1993,12.38
6/5/1993,13.22
7/5/1993,13.01
10/5/1993,13.72
11/5/1993,13.35
12/5/1993,13.56
13/5/1993,14.76
14/5/1993,14.39
17/5/1993,14.13
18/5/1993,14.19
19/5/1993,14.29
20/5/1993,13.98
21/5/1993,14.51
24/5/1993,14.1
25/5/1993,14.04
26/5/1993,12.88
27/5/1993,13.1
28/5/1993,13.47
31/5/1993,
1/6/1993,13.67
2/6/1993,13.48
3/6/1993,13.54
4/6/1993,12.86
7/6/1993,14.07
8/6/1993,14.74
9/6/1993,13.96
10/6/1993,13.31
11/6/1993,12.71
14/6/1993,12.33
15/6/1993,11.99
16/6/1993,11.87
17/6/1993,11.66
18/6/1993,12.24
21/6/1993,12.25
22/6/1993,11.65
23/6/1993,12.04
24/6/1993,12.25
25/6/1993,11.25
28/6/1993,11.11
29/6/1993,11.29
30/6/1993,11.26
1/7/1993,11.51
2/7/1993,11.33
5/7/1993,
6/7/1993,13.87
7/7/1993,13.05
8/7/1993,12.24
9/7/1993,10.8
12/7/1993,10.85
13/7/1993,11.02
14/7/1993,10.78
15/7/1993,10.6
16/7/1993,10.96
19/7/1993,11.46
20/7/1993,11.05
21/7/1993,11.97
22/7/1993,11.69
23/7/1993,11.32
26/7/1993,11.32
27/7/1993,11.34
28/7/1993,11.37
29/7/1993,11.25
30/7/1993,11.73
2/8/1993,11.47
3/8/1993,11.49
4/8/1993,11.71
5/8/1993,12.03
6/8/1993,12.33
9/8/1993,12.39
10/8/1993,12.31
11/8/1993,12.07
12/8/1993,12.38
13/8/1993,12.19
16/8/1993,12.01
17/8/1993,11.59
18/8/1993,11.52
19/8/1993,11.63
20/8/1993,11.62
23/8/1993,12.15
24/8/1993,11.8
25/8/1993,12.1
26/8/1993,12.14
27/8/1993,11.91
30/8/1993,11.74
31/8/1993,11.85
1/9/1993,11.48
2/9/1993,11.87
3/9/1993,11.16
6/9/1993,
7/9/1993,12.9
8/9/1993,13.24
9/9/1993,12.67
10/9/1993,11.7
13/9/1993,12.16
14/9/1993,13.15
15/9/1993,12.7
16/9/1993,13.36
17/9/1993,13.39
20/9/1993,14.6
21/9/1993,17.3
22/9/1993,13.75
23/9/1993,13.36
24/9/1993,12.47
27/9/1993,12.49
28/9/1993,12.19
29/9/1993,12.63
30/9/1993,12.99
1/10/1993,11.83
4/10/1993,12.85
5/10/1993,12.97
6/10/1993,12.68
7/10/1993,13.14
8/10/1993,12.04
11/10/1993,12.26
12/10/1993,12.41
13/10/1993,11.38
14/10/1993,11
15/10/1993,10.87
18/10/1993,11.33
19/10/1993,11.61
20/10/1993,11.32
21/10/1993,11.2
22/10/1993,11.48
25/10/1993,11.83
26/10/1993,11.83
27/10/1993,12.01
28/10/1993,11.88
29/10/1993,11.46
1/11/1993,11.78
2/11/1993,11.74
3/11/1993,13.26
4/11/1993,14.68
5/11/1993,14.97
8/11/1993,14.31
9/11/1993,13.94
10/11/1993,13.72
11/11/1993,13.88
12/11/1993,13.33
15/11/1993,14.46
16/11/1993,15.11
17/11/1993,15.57
18/11/1993,14.65
19/11/1993,15.03
22/11/1993,15.9
23/11/1993,14.27
24/11/1993,13.51
25/11/1993,
26/11/1993,13.77
29/11/1993,14.12
30/11/1993,13.76
1/12/1993,13.83
2/12/1993,13.51
3/12/1993,12.69
6/12/1993,12.84
7/12/1993,12.41
8/12/1993,12.46
9/12/1993,12.43
10/12/1993,12.6
13/12/1993,10.98
14/12/1993,11.13
15/12/1993,11.03
16/12/1993,10.9
17/12/1993,11.08
20/12/1993,10.75
21/12/1993,10.08
22/12/1993,9.31
23/12/1993,9.48
24/12/1993,
27/12/1993,9.7
28/12/1993,9.82
29/12/1993,10.46
30/12/1993,10.69
31/12/1993,11.66
3/1/1994,12.57
4/1/1994,11.91
5/1/1994,10.94
6/1/1994,11.27
7/1/1994,10.96
10/1/1994,10.74
11/1/1994,11.29
12/1/1994,11.65
13/1/1994,12.08
14/1/1994,11.15
17/1/1994,11.88
18/1/1994,11.63
19/1/1994,11.76
20/1/1994,11.16
21/1/1994,11.09
24/1/1994,11.6
25/1/1994,11.38
26/1/1994,11.17
27/1/1994,10.3
28/1/1994,9.94
31/1/1994,10.63
1/2/1994,10.65
2/2/1994,10.61
3/2/1994,10.75
4/2/1994,15.25
7/2/1994,13.96
8/2/1994,13.66
9/2/1994,13.3
10/2/1994,14.24
11/2/1994,14.46
14/2/1994,14.28
15/2/1994,13.4
16/2/1994,13.13
17/2/1994,13.79
18/2/1994,14.7
21/2/1994,
22/2/1994,13.52
23/2/1994,13.91
24/2/1994,15.96
25/2/1994,14.8
28/2/1994,14.87
1/3/1994,15.83
2/3/1994,16.08
3/3/1994,16.36
4/3/1994,16
7/3/1994,14.26
8/3/1994,16.23
9/3/1994,14.41
10/3/1994,16.55
11/3/1994,14.87
14/3/1994,16.61
15/3/1994,14.78
16/3/1994,14.51
17/3/1994,12.76
18/3/1994,13.32
21/3/1994,14.34
22/3/1994,13.39
23/3/1994,12.31
24/3/1994,13.43
25/3/1994,13.67
28/3/1994,14.9
29/3/1994,16.49
30/3/1994,18.59
31/3/1994,20.45
1/4/1994,
4/4/1994,23.87
5/4/1994,18.13
6/4/1994,17.38
7/4/1994,16.98
8/4/1994,16.92
11/4/1994,16.61
12/4/1994,16.42
13/4/1994,17.02
14/4/1994,16.27
15/4/1994,15.98
18/4/1994,17.22
19/4/1994,16.93
20/4/1994,17.01
21/4/1994,14.93
22/4/1994,14.94
25/4/1994,14.26
26/4/1994,13.8
27/4/1994,
28/4/1994,14.51
29/4/1994,13.77
2/5/1994,14.11
3/5/1994,13.81
4/5/1994,14.29
5/5/1994,14.56
6/5/1994,15.08
9/5/1994,16.16
10/5/1994,15.19
11/5/1994,15.55
12/5/1994,15.46
13/5/1994,14.54
16/5/1994,14.67
17/5/1994,14.08
18/5/1994,12.55
19/5/1994,12.33
20/5/1994,12.79
23/5/1994,13.49
24/5/1994,12.73
25/5/1994,12.43
26/5/1994,12.5
27/5/1994,12.49
30/5/1994,
31/5/1994,13.03
1/6/1994,12.72
2/6/1994,12.73
3/6/1994,12.19
6/6/1994,13.03
7/6/1994,13.05
8/6/1994,13.32
9/6/1994,13.21
10/6/1994,12.69
13/6/1994,11.92
14/6/1994,11.6
15/6/1994,11.52
16/6/1994,11.22
17/6/1994,12.31
20/6/1994,13.96
21/6/1994,14.7
22/6/1994,14.02
23/6/1994,14.12
24/6/1994,16.72
27/6/1994,15.53
28/6/1994,15.04
29/6/1994,14.42
30/6/1994,14.97
1/7/1994,14.36
4/7/1994,
5/7/1994,14.92
6/7/1994,14.7
7/7/1994,14.01
8/7/1994,13.26
11/7/1994,13.83
12/7/1994,13.4
13/7/1994,12.42
14/7/1994,11.64
15/7/1994,11.28
18/7/1994,11.44
19/7/1994,11.65
20/7/1994,11.7
21/7/1994,11.65
22/7/1994,11.22
25/7/1994,11.46
26/7/1994,11.66
27/7/1994,11.93
28/7/1994,12.03
29/7/1994,11.13
1/8/1994,11.17
2/8/1994,11.27
3/8/1994,11.35
4/8/1994,12.18
5/8/1994,12.34
8/8/1994,12.41
9/8/1994,12.54
10/8/1994,11.91
11/8/1994,12.13
12/8/1994,11.09
15/8/1994,12.06
16/8/1994,11.39
17/8/1994,11.54
18/8/1994,12.07
19/8/1994,12.83
22/8/1994,12.62
23/8/1994,11.75
24/8/1994,11.57
25/8/1994,12.02
26/8/1994,12.19
29/8/1994,11.82
30/8/1994,11.23
31/8/1994,11.97
1/9/1994,11.86
2/9/1994,11.4
5/9/1994,
6/9/1994,11.69
7/9/1994,11.81
8/9/1994,11.86
9/9/1994,13.12
12/9/1994,14.01
13/9/1994,13.77
14/9/1994,13.09
15/9/1994,11.88
16/9/1994,12.8
19/9/1994,13.06
20/9/1994,14.45
21/9/1994,14.49
22/9/1994,13.89
23/9/1994,14.53
26/9/1994,14.56
27/9/1994,14.13
28/9/1994,13.25
29/9/1994,13.97
30/9/1994,14.28
3/10/1994,15.44
4/10/1994,16.66
5/10/1994,15.92
6/10/1994,16.24
7/10/1994,14.92
10/10/1994,14.72
11/10/1994,13.55
12/10/1994,14.51
13/10/1994,14.9
14/10/1994,13.32
17/10/1994,14.76
18/10/1994,14.59
19/10/1994,15.13
20/10/1994,15.99
21/10/1994,15.91
24/10/1994,16.97
25/10/1994,16.13
26/10/1994,15.7
27/10/1994,15.67
28/10/1994,14.56
31/10/1994,14.56
1/11/1994,14.84
2/11/1994,15.34
3/11/1994,15.58
4/11/1994,16.75
7/11/1994,17.37
8/11/1994,16.3
9/11/1994,16.42
10/11/1994,16
11/11/1994,16.5
14/11/1994,16.68
15/11/1994,16.66
16/11/1994,15.56
17/11/1994,15.91
18/11/1994,16
21/11/1994,16.13
22/11/1994,17.24
23/11/1994,18.41
24/11/1994,
25/11/1994,17.44
28/11/1994,16.83
29/11/1994,16.15
30/11/1994,15.95
1/12/1994,16.69
2/12/1994,16.55
5/12/1994,16.1
6/12/1994,16.05
7/12/1994,16.28
8/12/1994,18.15
9/12/1994,16.04
12/12/1994,15.46
13/12/1994,14.48
14/12/1994,13.03
15/12/1994,12.87
16/12/1994,12.79
19/12/1994,13.02
20/12/1994,12.98
21/12/1994,12.05
22/12/1994,12.42
23/12/1994,11.82
26/12/1994,
27/12/1994,12.07
28/12/1994,12.81
29/12/1994,12.86
30/12/1994,13.2
2/1/1995,
3/1/1995,14.25
4/1/1995,13.53
5/1/1995,13.5
6/1/1995,13.13
9/1/1995,13.33
10/1/1995,12.52
11/1/1995,12.15
12/1/1995,12.83
13/1/1995,11.1
16/1/1995,11.14
17/1/1995,11.79
18/1/1995,11.57
19/1/1995,11.86
20/1/1995,12.15
23/1/1995,12.79
24/1/1995,11.94
25/1/1995,11.46
26/1/1995,11.25
27/1/1995,11.25
30/1/1995,12.26
31/1/1995,11.96
1/2/1995,11.73
2/2/1995,11.13
3/2/1995,10.98
6/2/1995,11.22
7/2/1995,11.17
8/2/1995,11.42
9/2/1995,11.63
10/2/1995,11.28
13/2/1995,11.41
14/2/1995,11.43
15/2/1995,11.52
16/2/1995,11.61
17/2/1995,11.71
20/2/1995,
21/2/1995,12.05
22/2/1995,11.39
23/2/1995,11.15
24/2/1995,10.84
27/2/1995,12.51
28/2/1995,11.75
1/3/1995,11.65
2/3/1995,12.02
3/3/1995,11.45
6/3/1995,12.17
7/3/1995,14.22
8/3/1995,13.72
9/3/1995,13.36
10/3/1995,12.38
13/3/1995,12.15
14/3/1995,12.1
15/3/1995,12.42
16/3/1995,11.95
17/3/1995,11.8
20/3/1995,11.34
21/3/1995,11.53
22/3/1995,11.29
23/3/1995,11.43
24/3/1995,11.19
27/3/1995,11.83
28/3/1995,11.33
29/3/1995,12.51
30/3/1995,12.62
31/3/1995,13.37
3/4/1995,13.5
4/4/1995,12.62
5/4/1995,12.96
6/4/1995,12.81
7/4/1995,12.85
10/4/1995,12.79
11/4/1995,12.73
12/4/1995,12.04
13/4/1995,11.48
14/4/1995,
17/4/1995,12.33
18/4/1995,12.96
19/4/1995,13.09
20/4/1995,12.1
21/4/1995,11.86
24/4/1995,11.92
25/4/1995,12.41
26/4/1995,12.28
27/4/1995,11.93
28/4/1995,11.75
1/5/1995,12.14
2/5/1995,11.88
3/5/1995,11.69
4/5/1995,12.64
5/5/1995,12.06
8/5/1995,12.22
9/5/1995,12.75
10/5/1995,13.08
11/5/1995,12.98
12/5/1995,11.84
15/5/1995,12.38
16/5/1995,12.2
17/5/1995,12.36
18/5/1995,13.13
19/5/1995,12.81
22/5/1995,11.68
23/5/1995,11.55
24/5/1995,11.26
25/5/1995,11.63
26/5/1995,12.2
29/5/1995,
30/5/1995,12.52
31/5/1995,12.85
1/6/1995,12.21
2/6/1995,12.98
5/6/1995,13.45
6/6/1995,13
7/6/1995,12.84
8/6/1995,12.89
9/6/1995,12.76
12/6/1995,11.91
13/6/1995,11.29
14/6/1995,11.29
15/6/1995,11.23
16/6/1995,10.75
19/6/1995,11.21
20/6/1995,11.16
21/6/1995,11.32
22/6/1995,11.44
23/6/1995,11.12
26/6/1995,11.8
27/6/1995,12.37
28/6/1995,11.74
29/6/1995,11.59
30/6/1995,11.38
3/7/1995,11.57
4/7/1995,
5/7/1995,12.1
6/7/1995,11.52
7/7/1995,11.77
10/7/1995,12.19
11/7/1995,12.25
12/7/1995,12.31
13/7/1995,12.56
14/7/1995,12.08
17/7/1995,12.26
18/7/1995,12.68
19/7/1995,13.49
20/7/1995,12.78
21/7/1995,12.37
24/7/1995,12.55
25/7/1995,12.77
26/7/1995,13.18
27/7/1995,13.18
28/7/1995,13.18
31/7/1995,13.49
1/8/1995,13.56
2/8/1995,13.66
3/8/1995,13.78
4/8/1995,13.21
7/8/1995,13.1
8/8/1995,13.06
9/8/1995,12.75
10/8/1995,13
11/8/1995,12.9
14/8/1995,13.24
15/8/1995,12.35
16/8/1995,12.45
17/8/1995,12.13
18/8/1995,12.03
21/8/1995,13.42
22/8/1995,12.6
23/8/1995,13.17
24/8/1995,12.94
25/8/1995,12.33
28/8/1995,12.48
29/8/1995,12.65
30/8/1995,12.03
31/8/1995,11.52
1/9/1995,11.29
4/9/1995,
5/9/1995,11.65
6/9/1995,11.65
7/9/1995,11.85
8/9/1995,11.16
11/9/1995,11.51
12/9/1995,11.46
13/9/1995,11.35
14/9/1995,11.1
15/9/1995,11.58
18/9/1995,12.34
19/9/1995,12.67
20/9/1995,12.35
21/9/1995,12.5
22/9/1995,12.46
25/9/1995,13.22
26/9/1995,12.9
27/9/1995,12.9
28/9/1995,12.46
29/9/1995,12.74
2/10/1995,13.95
3/10/1995,14.5
4/10/1995,14.86
5/10/1995,15.74
6/10/1995,13.98
9/10/1995,14.85
10/10/1995,14.97
11/10/1995,14.57
12/10/1995,14.24
13/10/1995,13.67
16/10/1995,14.62
17/10/1995,14.03
18/10/1995,14.05
19/10/1995,13.55
20/10/1995,13.46
23/10/1995,14.17
24/10/1995,13.85
25/10/1995,14.49
26/10/1995,15.59
27/10/1995,14.63
30/10/1995,14.26
31/10/1995,13.83
1/11/1995,13.41
2/11/1995,13.19
3/11/1995,12.26
6/11/1995,12.74
7/11/1995,13.05
8/11/1995,12.16
9/11/1995,12.46
10/11/1995,12.97
13/11/1995,13.2
14/11/1995,13.38
15/11/1995,12.95
16/11/1995,12.57
17/11/1995,12.49
20/11/1995,12.37
21/11/1995,11.74
22/11/1995,11.81
23/11/1995,
24/11/1995,11.87
27/11/1995,12.43
28/11/1995,11.57
29/11/1995,11.65
30/11/1995,11.58
1/12/1995,11.11
4/12/1995,10.66
5/12/1995,11.65
6/12/1995,12.7
7/12/1995,12.74
8/12/1995,11.12
11/12/1995,11.06
12/12/1995,10.63
13/12/1995,10.36
14/12/1995,11.07
15/12/1995,11.44
18/12/1995,14.55
19/12/1995,13.16
20/12/1995,12.2
21/12/1995,10.77
22/12/1995,11.51
25/12/1995,
26/12/1995,11.49
27/12/1995,11.98
28/12/1995,12.25
29/12/1995,12.52
1/1/1996,
2/1/1996,12.19
3/1/1996,12.1
4/1/1996,13.78
5/1/1996,13.58
8/1/1996,13.11
9/1/1996,15.21
10/1/1996,16.4
11/1/1996,14.69
12/1/1996,14.23
15/1/1996,14.99
16/1/1996,14.09
17/1/1996,14.25
18/1/1996,13.58
19/1/1996,12.7
22/1/1996,13.34
23/1/1996,13.56
24/1/1996,12.54
25/1/1996,12.94
26/1/1996,12
29/1/1996,12.19
30/1/1996,12.42
31/1/1996,12.53
1/2/1996,12.65
2/2/1996,13.23
5/2/1996,13.46
6/2/1996,14.59
7/2/1996,14.11
8/2/1996,13.89
9/2/1996,14.63
12/2/1996,14.69
13/2/1996,14.94
14/2/1996,15.59
15/2/1996,16.13
16/2/1996,15.37
19/2/1996,
20/2/1996,16.8
21/2/1996,14.47
22/2/1996,14.56
23/2/1996,14.78
26/2/1996,16.38
27/2/1996,16.63
28/2/1996,16.72
29/2/1996,17.04
1/3/1996,16.72
4/3/1996,16.67
5/3/1996,16.1
6/3/1996,16.56
7/3/1996,16.49
8/3/1996,20.7
11/3/1996,19.4
12/3/1996,19.09
13/3/1996,18.13
14/3/1996,16.93
15/3/1996,16.54
18/3/1996,17.31
19/3/1996,18.35
20/3/1996,18.66
21/3/1996,17.74
22/3/1996,17.05
25/3/1996,17.84
26/3/1996,17.8
27/3/1996,17.89
28/3/1996,18.16
29/3/1996,18.88
1/4/1996,17.9
2/4/1996,16.45
3/4/1996,16.33
4/4/1996,16.18
5/4/1996,
8/4/1996,18.72
9/4/1996,17.32
10/4/1996,20.22
11/4/1996,19.65
12/4/1996,17.38
15/4/1996,16.83
16/4/1996,16.45
17/4/1996,17.07
18/4/1996,16.41
19/4/1996,15.12
22/4/1996,15.38
23/4/1996,15.01
24/4/1996,14.91
25/4/1996,14.72
26/4/1996,14.75
29/4/1996,15.45
30/4/1996,15.83
1/5/1996,16.07
2/5/1996,18.62
3/5/1996,16.7
6/5/1996,16.92
7/5/1996,16.87
8/5/1996,15.78
9/5/1996,16.99
10/5/1996,15.61
13/5/1996,15.16
14/5/1996,14.9
15/5/1996,15.59
16/5/1996,15.71
17/5/1996,15.13
20/5/1996,15.8
21/5/1996,16
22/5/1996,15.5
23/5/1996,16.17
24/5/1996,15.54
27/5/1996,
28/5/1996,16.92
29/5/1996,17.15
30/5/1996,16.02
31/5/1996,16.07
3/6/1996,16.86
4/6/1996,16.18
5/6/1996,16.04
6/6/1996,16.84
7/6/1996,16.1
10/6/1996,16.78
11/6/1996,16.68
12/6/1996,17
13/6/1996,17.12
14/6/1996,18.64
17/6/1996,17.46
18/6/1996,17.45
19/6/1996,17.54
20/6/1996,16.97
21/6/1996,15.8
24/6/1996,15.91
25/6/1996,15.43
26/6/1996,15.23
27/6/1996,14.19
28/6/1996,13.68
1/7/1996,13.78
2/7/1996,14.19
3/7/1996,14.21
4/7/1996,
5/7/1996,16.09
8/7/1996,16.42
9/7/1996,15.49
10/7/1996,15.51
11/7/1996,17.81
12/7/1996,17.09
15/7/1996,20.11
16/7/1996,20.1
17/7/1996,19.22
18/7/1996,17.93
19/7/1996,17.26
22/7/1996,20.41
23/7/1996,21.55
24/7/1996,21.44
25/7/1996,19.39
26/7/1996,17.45
29/7/1996,20.09
30/7/1996,20.53
31/7/1996,19.46
1/8/1996,18.76
2/8/1996,16.19
5/8/1996,17.36
6/8/1996,16.93
7/8/1996,16.24
8/8/1996,16.04
9/8/1996,15.77
12/8/1996,15.57
13/8/1996,16.41
14/8/1996,15.96
15/8/1996,15.46
16/8/1996,14.81
19/8/1996,15.27
20/8/1996,14.73
21/8/1996,14.52
22/8/1996,13.71
23/8/1996,14.18
26/8/1996,15.38
27/8/1996,15.11
28/8/1996,15.1
29/8/1996,16.22
30/8/1996,17.01
2/9/1996,
3/9/1996,18.47
4/9/1996,18.64
5/9/1996,20.51
6/9/1996,17.1
9/9/1996,16.36
10/9/1996,16.25
11/9/1996,16.06
12/9/1996,15.97
13/9/1996,15.2
16/9/1996,15.43
17/9/1996,15.74
18/9/1996,15.86
19/9/1996,16.03
20/9/1996,15.65
23/9/1996,16.46
24/9/1996,16.45
25/9/1996,16.22
26/9/1996,16.11
27/9/1996,16.1
30/9/1996,16.95
1/10/1996,17.05
2/10/1996,16.78
3/10/1996,16.77
4/10/1996,14.8
7/10/1996,15.11
8/10/1996,15.58
9/10/1996,16.09
10/10/1996,16.26
11/10/1996,15.07
14/10/1996,15.13
15/10/1996,15.83
16/10/1996,15.6
17/10/1996,15.41
18/10/1996,15.08
21/10/1996,15.98
22/10/1996,16.4
23/10/1996,16.45
24/10/1996,16.89
25/10/1996,17.29
28/10/1996,18.34
29/10/1996,18.28
30/10/1996,18.48
31/10/1996,18.11
1/11/1996,17.89
4/11/1996,18.04
5/11/1996,17.65
6/11/1996,16.97
7/11/1996,17.21
8/11/1996,15.78
11/11/1996,14.04
12/11/1996,15.36
13/11/1996,14.89
14/11/1996,13.79
15/11/1996,14.36
18/11/1996,15.12
19/11/1996,15.23
20/11/1996,15.94
21/11/1996,15.77
22/11/1996,14.92
25/11/1996,15.91
26/11/1996,16.97
27/11/1996,16.96
28/11/1996,
29/11/1996,17.14
2/12/1996,17.93
3/12/1996,18.68
4/12/1996,17.93
5/12/1996,18.14
6/12/1996,18.82
9/12/1996,17.75
10/12/1996,17.88
11/12/1996,19.68
12/12/1996,20.45
13/12/1996,21.09
16/12/1996,21.99
17/12/1996,20.77
18/12/1996,19.42
19/12/1996,18.77
20/12/1996,18.85
23/12/1996,19.5
24/12/1996,18.68
25/12/1996,
26/12/1996,18.59
27/12/1996,19.13
30/12/1996,19.51
31/12/1996,20.92
1/1/1997,
2/1/1997,21.14
3/1/1997,19.13
6/1/1997,19.89
7/1/1997,19.35
8/1/1997,20.24
9/1/1997,20.91
10/1/1997,19.63
13/1/1997,19.84
14/1/1997,19.27
15/1/1997,19.4
16/1/1997,19.61
17/1/1997,18.63
20/1/1997,18.6
21/1/1997,17.81
22/1/1997,17.09
23/1/1997,18.47
24/1/1997,19.33
27/1/1997,20.16
28/1/1997,20.74
29/1/1997,20.23
30/1/1997,19.47
31/1/1997,
3/2/1997,19.58
4/2/1997,19.43
5/2/1997,21.06
6/2/1997,20.16
7/2/1997,18.9
10/2/1997,20.65
11/2/1997,19.97
12/2/1997,19.48
13/2/1997,19.23
14/2/1997,19.18
17/2/1997,
18/2/1997,19.7
19/2/1997,20.61
20/2/1997,21.41
21/2/1997,20.55
24/2/1997,19.84
25/2/1997,19.98
26/2/1997,20.74
27/2/1997,21.08
28/2/1997,21.1
3/3/1997,20.89
4/3/1997,20.62
5/3/1997,19.49
6/3/1997,20.48
7/3/1997,19.32
10/3/1997,19
11/3/1997,19.25
12/3/1997,19.61
13/3/1997,19.79
14/3/1997,19.81
17/3/1997,20.95
18/3/1997,21.26
19/3/1997,21.74
20/3/1997,21.22
21/3/1997,19.69
24/3/1997,20.06
25/3/1997,19.26
26/3/1997,18.32
27/3/1997,20.5
28/3/1997,
31/3/1997,22.14
1/4/1997,20.84
2/4/1997,21.3
3/4/1997,21.19
4/4/1997,19.23
7/4/1997,18.51
8/4/1997,18.44
9/4/1997,18.56
10/4/1997,19.01
11/4/1997,19.76
14/4/1997,19.09
15/4/1997,18.25
16/4/1997,17.64
17/4/1997,18.71
18/4/1997,18.75
21/4/1997,20.1
22/4/1997,19.52
23/4/1997,20.48
24/4/1997,20.83
25/4/1997,21.15
28/4/1997,21.34
29/4/1997,19.81
30/4/1997,20.06
1/5/1997,19.87
2/5/1997,17.51
5/5/1997,20.13
6/5/1997,20.85
7/5/1997,21.34
8/5/1997,21.26
9/5/1997,20.11
12/5/1997,20.25
13/5/1997,20.81
14/5/1997,21.09
15/5/1997,19.91
16/5/1997,21.57
19/5/1997,21.48
20/5/1997,19.26
21/5/1997,19.28
22/5/1997,18.77
23/5/1997,18.08
26/5/1997,
27/5/1997,19.36
28/5/1997,19.28
29/5/1997,19.02
30/5/1997,19.19
2/6/1997,20.85
3/6/1997,20.01
4/6/1997,20.1
5/6/1997,20.36
6/6/1997,18.94
9/6/1997,19.46
10/6/1997,19.04
11/6/1997,18.85
12/6/1997,18.51
13/6/1997,19.27
16/6/1997,19.77
17/6/1997,20.17
18/6/1997,20.45
19/6/1997,20.1
20/6/1997,20.2
23/6/1997,21.19
24/6/1997,20.74
25/6/1997,21.5
26/6/1997,21.82
27/6/1997,21.22
30/6/1997,21.53
1/7/1997,21
2/7/1997,19.7
3/7/1997,17.82
4/7/1997,
7/7/1997,19.13
8/7/1997,18.76
9/7/1997,20.4
10/7/1997,19.92
11/7/1997,19.06
14/7/1997,19.58
15/7/1997,19
16/7/1997,19.36
17/7/1997,20.54
18/7/1997,22.28
21/7/1997,23.51
22/7/1997,21.77
23/7/1997,21.3
24/7/1997,20.96
25/7/1997,20.82
28/7/1997,21.84
29/7/1997,22.02
30/7/1997,21.39
31/7/1997,21.48
1/8/1997,22.29
4/8/1997,21.94
5/8/1997,20.64
6/8/1997,20.05
7/8/1997,19.77
8/8/1997,22.46
11/8/1997,22.77
12/8/1997,23.75
13/8/1997,24.52
14/8/1997,23.11
15/8/1997,24.45
18/8/1997,24.37
19/8/1997,22.64
20/8/1997,21.09
21/8/1997,23.83
22/8/1997,24.74
25/8/1997,24.1
26/8/1997,24.73
27/8/1997,24.26
28/8/1997,24.51
29/8/1997,24.76
1/9/1997,
2/9/1997,24.53
3/9/1997,24.95
4/9/1997,25.27
5/9/1997,24.31
8/9/1997,24.4
9/9/1997,23.89
10/9/1997,24.64
11/9/1997,25.99
12/9/1997,25.17
15/9/1997,25.74
16/9/1997,23.77
17/9/1997,24.1
18/9/1997,23.48
19/9/1997,22.74
22/9/1997,22.08
23/9/1997,22
24/9/1997,22.64
25/9/1997,22.96
26/9/1997,22.26
29/9/1997,22.23
30/9/1997,22.91
1/10/1997,22.32
2/10/1997,22.27
3/10/1997,21.54
6/10/1997,21.61
7/10/1997,20.29
8/10/1997,20.77
9/10/1997,22.31
10/10/1997,19.75
13/10/1997,20.26
14/10/1997,19.99
15/10/1997,20.05
16/10/1997,20.53
17/10/1997,21.69
20/10/1997,20.72
21/10/1997,19.53
22/10/1997,19.86
23/10/1997,22.99
24/10/1997,23.17
27/10/1997,31.12
28/10/1997,31.22
29/10/1997,33.75
30/10/1997,38.2
31/10/1997,35.09
3/11/1997,32.09
4/11/1997,32.24
5/11/1997,32.18
6/11/1997,32.57
7/11/1997,36.27
10/11/1997,36.63
11/11/1997,36.38
12/11/1997,37.84
13/11/1997,36.64
14/11/1997,33.66
17/11/1997,31.58
18/11/1997,31.55
19/11/1997,29.93
20/11/1997,27.32
21/11/1997,26.65
24/11/1997,29.8
25/11/1997,28.95
26/11/1997,
27/11/1997,
28/11/1997,27.43
1/12/1997,26.01
2/12/1997,25.66
3/12/1997,23.92
4/12/1997,23.84
5/12/1997,22.65
8/12/1997,23.22
9/12/1997,23.36
10/12/1997,24.55
11/12/1997,27.63
12/12/1997,27.92
15/12/1997,27.37
16/12/1997,26.11
17/12/1997,26.33
18/12/1997,27.19
19/12/1997,29.18
22/12/1997,28.56
23/12/1997,29.86
24/12/1997,30.27
25/12/1997,
26/12/1997,29.27
29/12/1997,26.79
30/12/1997,24.38
31/12/1997,24.01
1/1/1998,
2/1/1998,23.42
5/1/1998,24.36
6/1/1998,25.66
7/1/1998,25.07
8/1/1998,26.01
9/1/1998,28.69
12/1/1998,28.02
13/1/1998,25.17
14/1/1998,23.75
15/1/1998,23.45
16/1/1998,21.65
19/1/1998,
20/1/1998,21.65
21/1/1998,22.53
22/1/1998,23.16
23/1/1998,23.32
26/1/1998,23.97
27/1/1998,22.27
28/1/1998,22.06
29/1/1998,21.65
30/1/1998,21.47
2/2/1998,21.36
3/2/1998,20.67
4/2/1998,20.55
5/2/1998,21.29
6/2/1998,20.51
9/2/1998,21.55
10/2/1998,20.66
11/2/1998,20.38
12/2/1998,19.73
13/2/1998,19.84
16/2/1998,
17/2/1998,20.76
18/2/1998,19.66
19/2/1998,19.88
20/2/1998,19
23/2/1998,18.99
24/2/1998,19.35
25/2/1998,18.62
26/2/1998,18.63
27/2/1998,18.55
2/3/1998,19.19
3/3/1998,19.04
4/3/1998,19.58
5/3/1998,20.93
6/3/1998,19.14
9/3/1998,20.23
10/3/1998,19.43
11/3/1998,18.89
12/3/1998,18.25
13/3/1998,18.71
16/3/1998,18.51
17/3/1998,18.66
18/3/1998,18.29
19/3/1998,17.76
20/3/1998,18.69
23/3/1998,19.98
24/3/1998,20.51
25/3/1998,22.54
26/3/1998,22.81
27/3/1998,23.47
30/3/1998,24.66
31/3/1998,24.22
1/4/1998,23.37
2/4/1998,21.98
3/4/1998,21.82
6/4/1998,22.47
7/4/1998,23.66
8/4/1998,23.17
9/4/1998,21.51
10/4/1998,
13/4/1998,22.77
14/4/1998,21.61
15/4/1998,20.89
16/4/1998,22.06
17/4/1998,20.76
20/4/1998,20.39
21/4/1998,19.91
22/4/1998,19.44
23/4/1998,20.6
24/4/1998,21.97
27/4/1998,26.09
28/4/1998,24.17
29/4/1998,22.78
30/4/1998,21.18
1/5/1998,19.34
4/5/1998,20.32
5/5/1998,21.46
6/5/1998,22.79
7/5/1998,23.39
8/5/1998,20.57
11/5/1998,21.05
12/5/1998,20.98
13/5/1998,20.44
14/5/1998,19.64
15/5/1998,20.44
18/5/1998,21.69
19/5/1998,20.39
20/5/1998,19.89
21/5/1998,19.38
22/5/1998,18.99
25/5/1998,
26/5/1998,22.07
27/5/1998,22.59
28/5/1998,20.74
29/5/1998,21.32
1/6/1998,22.83
2/6/1998,22
3/6/1998,22.85
4/6/1998,21.22
5/6/1998,19.78
8/6/1998,20.58
9/6/1998,20.52
10/6/1998,21.48
11/6/1998,23.57
12/6/1998,22.78
15/6/1998,25.94
16/6/1998,24.8
17/6/1998,22.89
18/6/1998,22.4
19/6/1998,21.92
22/6/1998,21.94
23/6/1998,20.17
24/6/1998,20.02
25/6/1998,20.25
26/6/1998,19.36
29/6/1998,19.57
30/6/1998,19.71
1/7/1998,18
2/7/1998,17.67
3/7/1998,
6/7/1998,18.63
7/7/1998,18.62
8/7/1998,17.82
9/7/1998,18.16
10/7/1998,17.92
13/7/1998,18.26
14/7/1998,17.88
15/7/1998,17.89
16/7/1998,16.97
17/7/1998,16.23
20/7/1998,17.34
21/7/1998,20.1
22/7/1998,20.32
23/7/1998,23.01
24/7/1998,23.01
27/7/1998,23.13
28/7/1998,25.25
29/7/1998,24.79
30/7/1998,22.66
31/7/1998,24.8
3/8/1998,25.98
4/8/1998,31.06
5/8/1998,29.83
6/8/1998,28.2
7/8/1998,27.02
10/8/1998,28.75
11/8/1998,31.91
12/8/1998,28.55
13/8/1998,29.92
14/8/1998,34.34
17/8/1998,31.86
18/8/1998,28.4
19/8/1998,28.69
20/8/1998,30
21/8/1998,33.14
24/8/1998,31.8
25/8/1998,30.33
26/8/1998,31.14
27/8/1998,38.55
28/8/1998,39.6
31/8/1998,44.28
1/9/1998,36.48
2/9/1998,36.76
3/9/1998,41.43
4/9/1998,43.31
7/9/1998,
8/9/1998,37.9
9/9/1998,39.66
10/9/1998,45.29
11/9/1998,43.74
14/9/1998,38.57
15/9/1998,36.58
16/9/1998,35.94
17/9/1998,39.23
18/9/1998,38.63
21/9/1998,38.58
22/9/1998,36.62
23/9/1998,32.47
24/9/1998,34.66
25/9/1998,34.55
28/9/1998,34.87
29/9/1998,36.08
30/9/1998,40.95
1/10/1998,43.48
2/10/1998,40.47
5/10/1998,42.81
6/10/1998,41.2
7/10/1998,43.51
8/10/1998,45.74
9/10/1998,42.2
12/10/1998,40.07
13/10/1998,40.23
14/10/1998,38.96
15/10/1998,33.34
16/10/1998,34.82
19/10/1998,33.13
20/10/1998,33.11
21/10/1998,33.21
22/10/1998,31.53
23/10/1998,32.27
26/10/1998,32.38
27/10/1998,32.95
28/10/1998,32.42
29/10/1998,29.5
30/10/1998,28.05
2/11/1998,27.26
3/11/1998,27.76
4/11/1998,27.37
5/11/1998,26.01
6/11/1998,25.7
9/11/1998,28.09
10/11/1998,28.17
11/11/1998,28.47
12/11/1998,29.28
13/11/1998,29.03
16/11/1998,28.9
17/11/1998,27.95
18/11/1998,27.13
19/11/1998,25.5
20/11/1998,22.47
23/11/1998,21.84
24/11/1998,23.28
25/11/1998,22.15
26/11/1998,
27/11/1998,22.09
30/11/1998,26.01
1/12/1998,24.97
2/12/1998,25.43
3/12/1998,28.7
4/12/1998,25.31
7/12/1998,24.9
8/12/1998,25.58
9/12/1998,25.66
10/12/1998,26.81
11/12/1998,27.72
14/12/1998,31.31
15/12/1998,29.42
16/12/1998,29.96
17/12/1998,27.96
18/12/1998,25.04
21/12/1998,23.86
22/12/1998,22.78
23/12/1998,20.21
24/12/1998,21.48
25/12/1998,
28/12/1998,23.5
29/12/1998,22.18
30/12/1998,23.34
31/12/1998,24.42
1/1/1999,
4/1/1999,26.17
5/1/1999,24.46
6/1/1999,23.34
7/1/1999,24.37
8/1/1999,23.28
11/1/1999,25.46
12/1/1999,28.1
13/1/1999,30.11
14/1/1999,32.98
15/1/1999,29.24
18/1/1999,
19/1/1999,29.24
20/1/1999,28.6
21/1/1999,30.92
22/1/1999,31.95
25/1/1999,31.13
26/1/1999,29.23
27/1/1999,29.73
28/1/1999,28.11
29/1/1999,26.25
1/2/1999,27.67
2/2/1999,28.16
3/2/1999,27.88
4/2/1999,29.48
5/2/1999,29.67
8/2/1999,30.27
9/2/1999,31.36
10/2/1999,30.45
11/2/1999,27.42
12/2/1999,29.76
15/2/1999,
16/2/1999,29.65
17/2/1999,30.65
18/2/1999,30.45
19/2/1999,29.3
22/2/1999,25.87
23/2/1999,26.49
24/2/1999,27.21
25/2/1999,28.01
26/2/1999,27.88
1/3/1999,28.37
2/3/1999,29.22
3/3/1999,29.04
4/3/1999,26.67
5/3/1999,24.08
8/3/1999,24.54
9/3/1999,25.02
10/3/1999,24.79
11/3/1999,24.37
12/3/1999,24.84
15/3/1999,25.24
16/3/1999,25.15
17/3/1999,25.57
18/3/1999,24.13
19/3/1999,24.32
22/3/1999,25
23/3/1999,27.27
24/3/1999,26.6
25/3/1999,24.33
26/3/1999,24.04
29/3/1999,23.54
30/3/1999,22.73
31/3/1999,23.26
1/4/1999,22.06
2/4/1999,
5/4/1999,22.19
6/4/1999,22.65
7/4/1999,22.81
8/4/1999,22.59
9/4/1999,21.77
12/4/1999,21.93
13/4/1999,22.73
14/4/1999,24.94
15/4/1999,23.93
16/4/1999,23.9
19/4/1999,26.42
20/4/1999,25.02
21/4/1999,23.31
22/4/1999,22.62
23/4/1999,22.76
26/4/1999,23.53
27/4/1999,23.36
28/4/1999,24.4
29/4/1999,25.06
30/4/1999,25.07
3/5/1999,24.15
4/5/1999,25.62
5/5/1999,25.19
6/5/1999,27.44
7/5/1999,25.36
10/5/1999,26.62
11/5/1999,25.62
12/5/1999,26.13
13/5/1999,25.02
14/5/1999,26.86
17/5/1999,27.28
18/5/1999,27.26
19/5/1999,25.08
20/5/1999,24.46
21/5/1999,24.4
24/5/1999,27.62
25/5/1999,28.9
26/5/1999,27.57
27/5/1999,28.12
28/5/1999,25.39
31/5/1999,
1/6/1999,26.62
2/6/1999,26.21
3/6/1999,26.2
4/6/1999,23.43
7/6/1999,23.78
8/6/1999,24.02
9/6/1999,23.9
10/6/1999,25.32
11/6/1999,25.9
14/6/1999,26.51
15/6/1999,25.91
16/6/1999,22.4
17/6/1999,21.95
18/6/1999,21.75
21/6/1999,21.81
22/6/1999,21.7
23/6/1999,21.32
24/6/1999,23.06
25/6/1999,21.76
28/6/1999,22.63
29/6/1999,22.51
30/6/1999,21.09
1/7/1999,19.69
2/7/1999,18.66
5/7/1999,
6/7/1999,20.73
7/7/1999,20.35
8/7/1999,20.24
9/7/1999,17.96
12/7/1999,19.73
13/7/1999,19.95
14/7/1999,19.71
15/7/1999,18.68
16/7/1999,17.42
19/7/1999,19.07
20/7/1999,21.79
21/7/1999,21.46
22/7/1999,23.05
23/7/1999,23.32
26/7/1999,24.98
27/7/1999,23.23
28/7/1999,22.85
29/7/1999,24.52
30/7/1999,24.64
2/8/1999,25.59
3/8/1999,26.27
4/8/1999,27.4
5/8/1999,27.01
6/8/1999,26.6
9/8/1999,27.66
10/8/1999,28.45
11/8/1999,25.39
12/8/1999,25.03
13/8/1999,22.31
16/8/1999,23.07
17/8/1999,21.67
18/8/1999,23.3
19/8/1999,24.39
20/8/1999,22.95
23/8/1999,22.55
24/8/1999,22.4
25/8/1999,20.96
26/8/1999,21.21
27/8/1999,21.83
30/8/1999,24.63
31/8/1999,24.45
1/9/1999,22.93
2/9/1999,24.53
3/9/1999,20.98
6/9/1999,
7/9/1999,23.44
8/9/1999,23.82
9/9/1999,23.01
10/9/1999,22.03
13/9/1999,22.89
14/9/1999,23.77
15/9/1999,24.56
16/9/1999,25.25
17/9/1999,23.3
20/9/1999,24.03
21/9/1999,25.65
22/9/1999,25.19
23/9/1999,27.84
24/9/1999,27.79
27/9/1999,26.4
28/9/1999,26.06
29/9/1999,26.49
30/9/1999,25.41
1/10/1999,24.93
4/10/1999,24.46
5/10/1999,24.79
6/10/1999,22.06
7/10/1999,23.58
8/10/1999,20.49
11/10/1999,20.63
12/10/1999,22.84
13/10/1999,25.96
14/10/1999,26.05
15/10/1999,28.75
18/10/1999,28.19
19/10/1999,26.56
20/10/1999,23.9
21/10/1999,24.02
22/10/1999,21.64
25/10/1999,23.6
26/10/1999,24.26
27/10/1999,24.2
28/10/1999,21.34
29/10/1999,22.2
1/11/1999,22.09
2/11/1999,23.1
3/11/1999,23.16
4/11/1999,23
5/11/1999,21.66
8/11/1999,21.87
9/11/1999,22.7
10/11/1999,22.26
11/11/1999,22.07
12/11/1999,21.65
15/11/1999,22.74
16/11/1999,20.73
17/11/1999,20.96
18/11/1999,19.76
19/11/1999,19.11
22/11/1999,19.98
23/11/1999,21
24/11/1999,20.26
25/11/1999,
26/11/1999,22.33
29/11/1999,23.57
30/11/1999,24.18
1/12/1999,22.23
2/12/1999,21.77
3/12/1999,19.32
6/12/1999,20.58
7/12/1999,21.09
8/12/1999,21.25
9/12/1999,21.19
10/12/1999,21.48
13/12/1999,21.72
14/12/1999,23.06
15/12/1999,22.03
16/12/1999,21.91
17/12/1999,21.35
20/12/1999,23.78
21/12/1999,22.66
22/12/1999,22.43
23/12/1999,21.12
24/12/1999,
27/12/1999,23.07
28/12/1999,22.97
29/12/1999,23.09
30/12/1999,24.76
31/12/1999,24.64
3/1/2000,24.21
4/1/2000,27.01
5/1/2000,26.41
6/1/2000,25.73
7/1/2000,21.72
10/1/2000,21.71
11/1/2000,22.5
12/1/2000,22.84
13/1/2000,21.71
14/1/2000,19.66
17/1/2000,
18/1/2000,21.5
19/1/2000,21.72
20/1/2000,21.75
21/1/2000,20.82
24/1/2000,24.07
25/1/2000,23.02
26/1/2000,23.03
27/1/2000,23.54
28/1/2000,26.14
31/1/2000,24.95
1/2/2000,23.45
2/2/2000,23.12
3/2/2000,22.01
4/2/2000,21.54
7/2/2000,22.79
8/2/2000,21.25
9/2/2000,22.9
10/2/2000,23.07
11/2/2000,24.42
14/2/2000,24.38
15/2/2000,22.92
16/2/2000,23.51
17/2/2000,23.17
18/2/2000,26
21/2/2000,
22/2/2000,25.86
23/2/2000,23.89
24/2/2000,24.38
25/2/2000,25.2
28/2/2000,24.68
29/2/2000,23.37
1/3/2000,21.64
2/3/2000,21.06
3/3/2000,19.21
6/3/2000,21.5
7/3/2000,24.31
8/3/2000,23.82
9/3/2000,22.21
10/3/2000,21.24
13/3/2000,22.85
14/3/2000,24.41
15/3/2000,22.34
16/3/2000,20.77
17/3/2000,22.37
20/3/2000,22.96
21/3/2000,21.7
22/3/2000,21.49
23/3/2000,22.26
24/3/2000,23.31
27/3/2000,24.53
28/3/2000,24.86
29/3/2000,24.1
30/3/2000,25.47
31/3/2000,24.11
3/4/2000,24.03
4/4/2000,27.12
5/4/2000,28.41
6/4/2000,27.15
7/4/2000,24.39
10/4/2000,25.99
11/4/2000,27.25
12/4/2000,28.98
13/4/2000,29.4
14/4/2000,33.49
17/4/2000,28.95
18/4/2000,26.12
19/4/2000,27.02
20/4/2000,25.85
21/4/2000,
24/4/2000,27.37
25/4/2000,25.24
26/4/2000,26.97
27/4/2000,26.19
28/4/2000,26.2
1/5/2000,25.88
2/5/2000,28.5
3/5/2000,31.63
4/5/2000,30.77
5/5/2000,27.53
8/5/2000,28.2
9/5/2000,28.93
10/5/2000,29.87
11/5/2000,27.76
12/5/2000,26.05
15/5/2000,24.86
16/5/2000,24.34
17/5/2000,23.98
18/5/2000,23.96
19/5/2000,25.44
22/5/2000,26
23/5/2000,25.87
24/5/2000,24.32
25/5/2000,24.58
26/5/2000,24.47
29/5/2000,
30/5/2000,23.62
31/5/2000,23.65
1/6/2000,22.36
2/6/2000,21.48
5/6/2000,22.71
6/6/2000,23.05
7/6/2000,22.48
8/6/2000,22.77
9/6/2000,22.14
12/6/2000,22.32
13/6/2000,21.67
14/6/2000,21.48
15/6/2000,20.68
16/6/2000,20.5
19/6/2000,20.63
20/6/2000,20.88
21/6/2000,20.61
22/6/2000,22
23/6/2000,22.34
26/6/2000,22.45
27/6/2000,21.8
28/6/2000,20.29
29/6/2000,19.7
30/6/2000,19.54
3/7/2000,19.83
4/7/2000,
5/7/2000,21.16
6/7/2000,20.94
7/7/2000,19.22
10/7/2000,20.33
11/7/2000,20.11
12/7/2000,20.03
13/7/2000,20.03
14/7/2000,19.32
17/7/2000,19.45
18/7/2000,19.75
19/7/2000,19.65
20/7/2000,18.94
21/7/2000,18.94
24/7/2000,19.92
25/7/2000,19.39
26/7/2000,19.67
27/7/2000,19.6
28/7/2000,20.84
31/7/2000,20.74
1/8/2000,20.55
2/8/2000,20
3/8/2000,19.99
4/8/2000,18.62
7/8/2000,19.03
8/8/2000,18.79
9/8/2000,19.18
10/8/2000,19.19
11/8/2000,18.55
14/8/2000,17.88
15/8/2000,17.98
16/8/2000,18.02
17/8/2000,17.48
18/8/2000,17.05
21/8/2000,17.35
22/8/2000,17.47
23/8/2000,17.38
24/8/2000,17.04
25/8/2000,16.53
28/8/2000,16.54
29/8/2000,16.89
30/8/2000,17.69
31/8/2000,16.84
1/9/2000,17.53
4/9/2000,
5/9/2000,19.82
6/9/2000,20.79
7/9/2000,19.42
8/9/2000,18.46
11/9/2000,18.4
12/9/2000,18.59
13/9/2000,18.32
14/9/2000,18.26
15/9/2000,18.52
18/9/2000,20.25
19/9/2000,19.54
20/9/2000,19.93
21/9/2000,20.18
22/9/2000,20.74
25/9/2000,21.41
26/9/2000,21.88
27/9/2000,21.67
28/9/2000,19.47
29/9/2000,20.57
2/10/2000,21.23
3/10/2000,21.85
4/10/2000,21.54
5/10/2000,21.03
6/10/2000,22.71
9/10/2000,24.02
10/10/2000,24.86
11/10/2000,26.57
12/10/2000,30.51
13/10/2000,27.6
16/10/2000,26.79
17/10/2000,27.84
18/10/2000,28.72
19/10/2000,25.09
20/10/2000,24.24
23/10/2000,24.69
24/10/2000,24.28
25/10/2000,26.65
26/10/2000,28.62
27/10/2000,26.47
30/10/2000,25.46
31/10/2000,23.63
1/11/2000,24.28
2/11/2000,23.92
3/11/2000,23.67
6/11/2000,24.52
7/11/2000,24.91
8/11/2000,25.66
9/11/2000,27.2
10/11/2000,28.53
13/11/2000,29.06
14/11/2000,26.81
15/11/2000,26.15
16/11/2000,25.05
17/11/2000,24.81
20/11/2000,27.43
21/11/2000,26.62
22/11/2000,27.71
23/11/2000,
24/11/2000,26
27/11/2000,26.93
28/11/2000,27.64
29/11/2000,27.49
30/11/2000,29.65
1/12/2000,27.48
4/12/2000,27.78
5/12/2000,24.99
6/12/2000,25.07
7/12/2000,25.34
8/12/2000,22.41
11/12/2000,23.51
12/12/2000,24.88
13/12/2000,23.63
14/12/2000,24.86
15/12/2000,26.55
18/12/2000,27.7
19/12/2000,27.17
20/12/2000,31.74
21/12/2000,29.66
22/12/2000,27.55
25/12/2000,
26/12/2000,28.73
27/12/2000,28.14
28/12/2000,26.57
29/12/2000,26.85
1/1/2001,
2/1/2001,29.99
3/1/2001,26.6
4/1/2001,26.97
5/1/2001,28.67
8/1/2001,29.84
9/1/2001,27.99
10/1/2001,26.8
11/1/2001,25.79
12/1/2001,24.56
15/1/2001,
16/1/2001,25.28
17/1/2001,24.93
18/1/2001,23.37
19/1/2001,23.24
22/1/2001,23.25
23/1/2001,21.57
24/1/2001,22.03
25/1/2001,22.64
26/1/2001,22.57
29/1/2001,22.61
30/1/2001,22.57
31/1/2001,22.02
1/2/2001,21.66
2/2/2001,21.95
5/2/2001,22.19
6/2/2001,21.98
7/2/2001,21.67
8/2/2001,21.46
9/2/2001,22.03
12/2/2001,21.92
13/2/2001,21.37
14/2/2001,21.52
15/2/2001,20.27
16/2/2001,22.12
19/2/2001,
20/2/2001,24.69
21/2/2001,25.75
22/2/2001,26.76
23/2/2001,27.21
26/2/2001,25.43
27/2/2001,26.49
28/2/2001,28.35
1/3/2001,28.08
2/3/2001,27.43
5/3/2001,27.12
6/3/2001,25.89
7/3/2001,24.12
8/3/2001,24.29
9/3/2001,25.62
12/3/2001,30.32
13/3/2001,27.55
14/3/2001,29.61
15/3/2001,28.56
16/3/2001,29.91
19/3/2001,29.78
20/3/2001,30.96
21/3/2001,31.93
22/3/2001,32.84
23/3/2001,30.45
26/3/2001,29.04
27/3/2001,27.04
28/3/2001,28.58
29/3/2001,29.17
30/3/2001,28.64
2/4/2001,31.21
3/4/2001,34.72
4/4/2001,34.07
5/4/2001,29.94
6/4/2001,31.69
9/4/2001,31.91
10/4/2001,29.44
11/4/2001,28.46
12/4/2001,26.12
13/4/2001,
16/4/2001,26.33
17/4/2001,25.61
18/4/2001,24.13
19/4/2001,24.16
20/4/2001,25.38
23/4/2001,28.16
24/4/2001,28.49
25/4/2001,27.4
26/4/2001,25.96
27/4/2001,24.02
30/4/2001,25.48
1/5/2001,24.2
2/5/2001,24.23
3/5/2001,25.78
4/5/2001,23.91
7/5/2001,24.86
8/5/2001,24.44
9/5/2001,24.35
10/5/2001,24
11/5/2001,23.54
14/5/2001,24.26
15/5/2001,23.71
16/5/2001,21.89
17/5/2001,21.47
18/5/2001,21.23
21/5/2001,20.76
22/5/2001,21.35
23/5/2001,22.08
24/5/2001,20.57
25/5/2001,20.6
28/5/2001,
29/5/2001,22.14
30/5/2001,22.76
31/5/2001,22.64
1/6/2001,21.59
4/6/2001,21.38
5/6/2001,19.58
6/6/2001,20.39
7/6/2001,19.67
8/6/2001,19.92
11/6/2001,20.7
12/6/2001,20.7
13/6/2001,21.45
14/6/2001,23.12
15/6/2001,22.81
18/6/2001,23.17
19/6/2001,22.34
20/6/2001,21.71
21/6/2001,19.38
22/6/2001,20.02
25/6/2001,20.67
26/6/2001,21.2
27/6/2001,20.88
28/6/2001,20.01
29/6/2001,19.06
2/7/2001,18.76
3/7/2001,18.92
4/7/2001,
5/7/2001,20.09
6/7/2001,21.63
9/7/2001,22.48
10/7/2001,23.25
11/7/2001,24.01
12/7/2001,22.09
13/7/2001,21.14
16/7/2001,22.91
17/7/2001,22.61
18/7/2001,23.6
19/7/2001,22.51
20/7/2001,22.34
23/7/2001,23.74
24/7/2001,25.24
25/7/2001,24
26/7/2001,23.01
27/7/2001,22
30/7/2001,22.69
31/7/2001,21.62
1/8/2001,20.56
2/8/2001,20.09
3/8/2001,19.89
6/8/2001,21.89
7/8/2001,21.01
8/8/2001,22.32
9/8/2001,21.75
10/8/2001,20.55
13/8/2001,20.42
14/8/2001,20.48
15/8/2001,20.91
16/8/2001,21.54
17/8/2001,23.84
20/8/2001,22.87
21/8/2001,24.4
22/8/2001,22.44
23/8/2001,22.23
24/8/2001,19.71
27/8/2001,20.56
28/8/2001,22
29/8/2001,23.03
30/8/2001,25.41
31/8/2001,24.92
3/9/2001,
4/9/2001,25.85
5/9/2001,26.35
6/9/2001,28.61
7/9/2001,30.99
10/9/2001,31.84
11/9/2001,
12/9/2001,
13/9/2001,
14/9/2001,
17/9/2001,41.76
18/9/2001,38.87
19/9/2001,40.56
20/9/2001,43.74
21/9/2001,42.66
24/9/2001,37.75
25/9/2001,35.81
26/9/2001,35.26
27/9/2001,34
28/9/2001,31.93
1/10/2001,32.32
2/10/2001,31.18
3/10/2001,31.34
4/10/2001,31.97
5/10/2001,33.39
8/10/2001,35.12
9/10/2001,34.83
10/10/2001,31.6
11/10/2001,31.5
12/10/2001,35.27
15/10/2001,35.31
16/10/2001,32.88
17/10/2001,35.08
18/10/2001,34.95
19/10/2001,34.11
22/10/2001,32.25
23/10/2001,32
24/10/2001,30.95
25/10/2001,29.46
26/10/2001,28.42
29/10/2001,31.64
30/10/2001,33.46
31/10/2001,33.56
1/11/2001,32.31
2/11/2001,30.71
5/11/2001,30.5
6/11/2001,28.8
7/11/2001,29.13
8/11/2001,28.62
9/11/2001,27.44
12/11/2001,29.35
13/11/2001,26.47
14/11/2001,26.56
15/11/2001,25.56
16/11/2001,25.07
19/11/2001,24.46
20/11/2001,24.12
21/11/2001,24.19
22/11/2001,
23/11/2001,23.25
26/11/2001,23.79
27/11/2001,24
28/11/2001,25.9
29/11/2001,25.18
30/11/2001,23.84
3/12/2001,25.77
4/12/2001,24.08
5/12/2001,23.02
6/12/2001,23.71
7/12/2001,23.49
10/12/2001,25.62
11/12/2001,25.3
12/12/2001,24.87
13/12/2001,25.91
14/12/2001,24.63
17/12/2001,24.26
18/12/2001,23.29
19/12/2001,22.58
20/12/2001,23.67
21/12/2001,22.5
24/12/2001,22.62
25/12/2001,
26/12/2001,22.29
27/12/2001,21.59
28/12/2001,21.4
31/12/2001,23.8
1/1/2002,
2/1/2002,22.71
3/1/2002,21.34
4/1/2002,20.45
7/1/2002,21.94
8/1/2002,21.83
9/1/2002,22.13
10/1/2002,22.36
11/1/2002,22.6
14/1/2002,23.58
15/1/2002,22.7
16/1/2002,23.45
17/1/2002,22.25
18/1/2002,22.52
21/1/2002,
22/1/2002,23.61
23/1/2002,21.88
24/1/2002,21.15
25/1/2002,21.01
28/1/2002,21.14
29/1/2002,24.35
30/1/2002,23.22
31/1/2002,21.09
1/2/2002,21.12
4/2/2002,24.87
5/2/2002,25.45
6/2/2002,26.09
7/2/2002,25.11
8/2/2002,23.26
11/2/2002,21.78
12/2/2002,21.62
13/2/2002,20.85
14/2/2002,21.77
15/2/2002,22.37
18/2/2002,
19/2/2002,24.43
20/2/2002,22.66
21/2/2002,23.8
22/2/2002,22.86
25/2/2002,21.84
26/2/2002,21.68
27/2/2002,21.49
28/2/2002,21.59
1/3/2002,19.96
4/3/2002,20.5
5/3/2002,20.3
6/3/2002,19.94
7/3/2002,20.04
8/3/2002,19.27
11/3/2002,19.84
12/3/2002,19.59
13/3/2002,19.46
14/3/2002,19.2
15/3/2002,18.42
18/3/2002,18.93
19/3/2002,18.16
20/3/2002,18.46
21/3/2002,18.15
22/3/2002,17.77
25/3/2002,18.48
26/3/2002,18.13
27/3/2002,17.7
28/3/2002,17.4
29/3/2002,
1/4/2002,18.73
2/4/2002,19.16
3/4/2002,20.2
4/4/2002,19.78
5/4/2002,19.13
8/4/2002,19.61
9/4/2002,19.47
10/4/2002,18.19
11/4/2002,20.3
12/4/2002,19.42
15/4/2002,19.82
16/4/2002,18.11
17/4/2002,18.43
18/4/2002,19.29
19/4/2002,18.3
22/4/2002,19.77
23/4/2002,20.28
24/4/2002,20.77
25/4/2002,20.95
26/4/2002,22.14
29/4/2002,24.05
30/4/2002,21.91
1/5/2002,20.06
2/5/2002,20.07
3/5/2002,20.19
6/5/2002,22.56
7/5/2002,21.94
8/5/2002,20.39
9/5/2002,21.56
10/5/2002,22.41
13/5/2002,20.72
14/5/2002,19.35
15/5/2002,19.19
16/5/2002,18.5
17/5/2002,17.7
20/5/2002,19.24
21/5/2002,20.05
22/5/2002,19.58
23/5/2002,18.23
24/5/2002,18.9
27/5/2002,
28/5/2002,20.31
29/5/2002,20.39
30/5/2002,20.61
31/5/2002,19.98
3/6/2002,23.37
4/6/2002,23.89
5/6/2002,22.61
6/6/2002,24.16
7/6/2002,23.51
10/6/2002,23.72
11/6/2002,24.45
12/6/2002,24.15
13/6/2002,25.02
14/6/2002,25.96
17/6/2002,24.64
18/6/2002,24.24
19/6/2002,26.06
20/6/2002,27.48
21/6/2002,27.23
24/6/2002,26.98
25/6/2002,27.84
26/6/2002,28.42
27/6/2002,26.29
28/6/2002,25.4
1/7/2002,27.11
2/7/2002,28.96
3/7/2002,29.42
4/7/2002,
5/7/2002,27.11
8/7/2002,28.25
9/7/2002,30.22
10/7/2002,34.1
11/7/2002,33.85
12/7/2002,32.94
15/7/2002,35.03
16/7/2002,36.65
17/7/2002,35.45
18/7/2002,35.12
19/7/2002,38.17
22/7/2002,41.87
23/7/2002,44.92
24/7/2002,39.86
25/7/2002,39.27
26/7/2002,35.51
29/7/2002,31.33
30/7/2002,31.92
31/7/2002,32.03
1/8/2002,36.95
2/8/2002,41.29
5/8/2002,45.08
6/8/2002,42.03
7/8/2002,38.73
8/8/2002,36.33
9/8/2002,35.33
12/8/2002,37.05
13/8/2002,35.82
14/8/2002,32.36
15/8/2002,29.43
16/8/2002,28.81
19/8/2002,28.61
20/8/2002,29.59
21/8/2002,28.23
22/8/2002,27.75
23/8/2002,29.32
26/8/2002,29.89
27/8/2002,30.11
28/8/2002,33.32
29/8/2002,33.67
30/8/2002,32.64
2/9/2002,
3/9/2002,39.97
4/9/2002,37.44
5/9/2002,38.86
6/9/2002,36.33
9/9/2002,36.45
10/9/2002,35.08
11/9/2002,34.81
12/9/2002,37.5
13/9/2002,35.82
16/9/2002,36.74
17/9/2002,38.01
18/9/2002,37.52
19/9/2002,40.65
20/9/2002,38.98
23/9/2002,39.68
24/9/2002,40.52
25/9/2002,37.33
26/9/2002,34.6
27/9/2002,36.97
30/9/2002,39.69
1/10/2002,34.12
2/10/2002,36.83
3/10/2002,37.31
4/10/2002,39.46
7/10/2002,42.64
8/10/2002,41.02
9/10/2002,42.13
10/10/2002,37.55
11/10/2002,35.7
14/10/2002,36.04
15/10/2002,34.02
16/10/2002,36
17/10/2002,34.1
18/10/2002,33.53
21/10/2002,33.11
22/10/2002,34.09
23/10/2002,33.2
24/10/2002,34.03
25/10/2002,30
28/10/2002,31.07
29/10/2002,32.27
30/10/2002,31.23
31/10/2002,31.14
1/11/2002,29.3
4/11/2002,30.82
5/11/2002,31.23
6/11/2002,30.73
7/11/2002,31.42
8/11/2002,29.41
11/11/2002,31.3
12/11/2002,30.58
13/11/2002,31.24
14/11/2002,28.67
15/11/2002,26.65
18/11/2002,27.66
19/11/2002,27.41
20/11/2002,25.32
21/11/2002,23.81
22/11/2002,23.16
25/11/2002,24.07
26/11/2002,25.97
27/11/2002,27.25
28/11/2002,
29/11/2002,27.5
2/12/2002,27.46
3/12/2002,28.33
4/12/2002,28.92
5/12/2002,30.1
6/12/2002,28.88
9/12/2002,30.78
10/12/2002,28.76
11/12/2002,27.76
12/12/2002,27.29
13/12/2002,28.18
16/12/2002,26.24
17/12/2002,26.66
18/12/2002,28.29
19/12/2002,30.21
20/12/2002,26.71
23/12/2002,26.2
24/12/2002,26.49
25/12/2002,
26/12/2002,27.37
27/12/2002,29.55
30/12/2002,29.62
31/12/2002,28.62
1/1/2003,
2/1/2003,25.39
3/1/2003,24.68
6/1/2003,24.91
7/1/2003,25.13
8/1/2003,25.53
9/1/2003,24.25
10/1/2003,24.32
13/1/2003,24.9
14/1/2003,24.57
15/1/2003,25.51
16/1/2003,25.01
17/1/2003,25.7
20/1/2003,
21/1/2003,27.59
22/1/2003,29.01
23/1/2003,27.53
24/1/2003,31.51
27/1/2003,34.69
28/1/2003,31.93
29/1/2003,31.26
30/1/2003,31.32
31/1/2003,31.17
3/2/2003,31.02
4/2/2003,32.76
5/2/2003,33.04
6/2/2003,33.35
7/2/2003,34.01
10/2/2003,33.99
11/2/2003,33.68
12/2/2003,34.33
13/2/2003,33.7
14/2/2003,32.62
17/2/2003,
18/2/2003,31.11
19/2/2003,31.31
20/2/2003,31.16
21/2/2003,30.25
24/2/2003,31.98
25/2/2003,31.74
26/2/2003,31.94
27/2/2003,30.53
28/2/2003,29.63
3/3/2003,30.43
4/3/2003,31.83
5/3/2003,30.38
6/3/2003,31.37
7/3/2003,31.08
10/3/2003,33.31
11/3/2003,33.61
12/3/2003,33.51
13/3/2003,31.76
14/3/2003,30.98
17/3/2003,31.75
18/3/2003,30.43
19/3/2003,31.54
20/3/2003,30.44
21/3/2003,28.67
24/3/2003,30.39
25/3/2003,28.75
26/3/2003,28.23
27/3/2003,27.96
28/3/2003,27.75
31/3/2003,29.15
1/4/2003,28.36
2/4/2003,28.02
3/4/2003,28.21
4/4/2003,29.13
7/4/2003,28.45
8/4/2003,27.13
9/4/2003,27.11
10/4/2003,25.6
11/4/2003,24.44
14/4/2003,23.41
15/4/2003,22.56
16/4/2003,22.52
17/4/2003,21.5
18/4/2003,
21/4/2003,21.95
22/4/2003,20.7
23/4/2003,20.8
24/4/2003,20.33
25/4/2003,20.8
28/4/2003,20.84
29/4/2003,20.76
30/4/2003,21.21
1/5/2003,21.59
2/5/2003,20.63
5/5/2003,21.13
6/5/2003,20.8
7/5/2003,21
8/5/2003,21.24
9/5/2003,19.69
12/5/2003,19.52
13/5/2003,19.91
14/5/2003,20
15/5/2003,19.24
16/5/2003,18.4
19/5/2003,20.51
20/5/2003,21.29
21/5/2003,21.21
22/5/2003,19.78
23/5/2003,19.17
26/5/2003,
27/5/2003,19.99
28/5/2003,20.03
29/5/2003,20.43
30/5/2003,19.47
2/6/2003,20.85
3/6/2003,20.84
4/6/2003,20.62
5/6/2003,20.83
6/6/2003,21.25
9/6/2003,22.15
10/6/2003,20.64
11/6/2003,20.21
12/6/2003,20.41
13/6/2003,20.66
16/6/2003,20.22
17/6/2003,20.01
18/6/2003,19.76
19/6/2003,19.8
20/6/2003,19.14
23/6/2003,20.58
24/6/2003,20.75
25/6/2003,20.81
26/6/2003,19.4
27/6/2003,19.16
30/6/2003,19.52
1/7/2003,19.46
2/7/2003,19.03
3/7/2003,19.39
4/7/2003,
7/7/2003,20.06
8/7/2003,19.48
9/7/2003,18.93
10/7/2003,19.19
11/7/2003,18.47
14/7/2003,19.59
15/7/2003,19.55
16/7/2003,19.76
17/7/2003,20.22
18/7/2003,19.11
21/7/2003,19.78
22/7/2003,19.17
23/7/2003,18.64
24/7/2003,18.6
25/7/2003,17.75
28/7/2003,18.36
29/7/2003,18.67
30/7/2003,18.85
31/7/2003,19.49
1/8/2003,20.75
4/8/2003,21.27
5/8/2003,22.68
6/8/2003,21.5
7/8/2003,20.26
8/8/2003,19.59
11/8/2003,19.75
12/8/2003,17.94
13/8/2003,18.77
14/8/2003,18.47
15/8/2003,18.27
18/8/2003,18.18
19/8/2003,17.86
20/8/2003,17.82
21/8/2003,17.84
22/8/2003,18.55
25/8/2003,19.53
26/8/2003,19.49
27/8/2003,19.13
28/8/2003,18.48
29/8/2003,18.63
1/9/2003,
2/9/2003,19.02
3/9/2003,19.44
4/9/2003,18.71
5/9/2003,18.17
8/9/2003,18.26
9/9/2003,18.85
10/9/2003,20.01
11/9/2003,19.25
12/9/2003,18.68
15/9/2003,19.28
16/9/2003,18.03
17/9/2003,18.15
18/9/2003,17.57
19/9/2003,17.54
22/9/2003,19.65
23/9/2003,19.47
24/9/2003,21.22
25/9/2003,22.26
26/9/2003,22.23
29/9/2003,21.67
30/9/2003,22.72
1/10/2003,21.07
2/10/2003,20.8
3/10/2003,19.5
6/10/2003,19.51
7/10/2003,19.41
8/10/2003,19.18
9/10/2003,18.82
10/10/2003,18.45
13/10/2003,17.55
14/10/2003,17.37
15/10/2003,17.69
16/10/2003,17.19
17/10/2003,17.62
20/10/2003,17.04
21/10/2003,16.55
22/10/2003,17.67
23/10/2003,17.68
24/10/2003,17.71
27/10/2003,18.05
28/10/2003,16.82
29/10/2003,16.43
30/10/2003,16.33
31/10/2003,16.1
3/11/2003,16.55
4/11/2003,16.55
5/11/2003,16.86
6/11/2003,16.74
7/11/2003,16.93
10/11/2003,17.62
11/11/2003,17.54
12/11/2003,16.75
13/11/2003,16.47
14/11/2003,16.94
17/11/2003,18.6
18/11/2003,19.11
19/11/2003,18.8
20/11/2003,19.48
21/11/2003,18.98
24/11/2003,17.44
25/11/2003,16.71
26/11/2003,16.23
27/11/2003,
28/11/2003,16.32
1/12/2003,16.77
2/12/2003,16.27
3/12/2003,16.63
4/12/2003,16.3
5/12/2003,17.09
8/12/2003,16.54
9/12/2003,17.63
10/12/2003,17.87
11/12/2003,16.73
12/12/2003,16.41
15/12/2003,17.23
16/12/2003,15.93
17/12/2003,15.58
18/12/2003,16.16
19/12/2003,16.42
22/12/2003,16.94
23/12/2003,16.49
24/12/2003,16.66
25/12/2003,
26/12/2003,17.45
29/12/2003,17.09
30/12/2003,17.68
31/12/2003,18.31
1/1/2004,
2/1/2004,18.22
5/1/2004,17.49
6/1/2004,16.73
7/1/2004,15.5
8/1/2004,15.61
9/1/2004,16.75
12/1/2004,16.82
13/1/2004,18.04
14/1/2004,16.75
15/1/2004,15.56
16/1/2004,15
19/1/2004,
20/1/2004,15.21
21/1/2004,14.34
22/1/2004,14.71
23/1/2004,14.84
26/1/2004,14.55
27/1/2004,15.35
28/1/2004,16.78
29/1/2004,17.14
30/1/2004,16.63
2/2/2004,17.11
3/2/2004,17.34
4/2/2004,17.87
5/2/2004,17.71
6/2/2004,16
9/2/2004,16.39
10/2/2004,15.94
11/2/2004,15.39
12/2/2004,15.31
13/2/2004,15.58
16/2/2004,
17/2/2004,15.4
18/2/2004,15.59
19/2/2004,15.8
20/2/2004,16.04
23/2/2004,16.29
24/2/2004,15.9
25/2/2004,14.93
26/2/2004,14.83
27/2/2004,14.55
1/3/2004,14.44
2/3/2004,14.86
3/3/2004,14.55
4/3/2004,14.4
5/3/2004,14.48
8/3/2004,15.79
9/3/2004,16.6
10/3/2004,18.67
11/3/2004,20.67
12/3/2004,18.3
15/3/2004,21.13
16/3/2004,20.34
17/3/2004,18.11
18/3/2004,18.53
19/3/2004,19.15
22/3/2004,21.58
23/3/2004,20.67
24/3/2004,19.81
25/3/2004,17.88
26/3/2004,17.33
29/3/2004,16.5
30/3/2004,16.28
31/3/2004,16.74
1/4/2004,16.65
2/4/2004,15.64
5/4/2004,14.97
6/4/2004,15.32
7/4/2004,15.76
8/4/2004,16.26
9/4/2004,
12/4/2004,15.28
13/4/2004,17.26
14/4/2004,15.62
15/4/2004,15.74
16/4/2004,14.94
19/4/2004,15.42
20/4/2004,16.67
21/4/2004,15.6
22/4/2004,14.61
23/4/2004,14.01
26/4/2004,14.77
27/4/2004,15.07
28/4/2004,16.29
29/4/2004,16.6
30/4/2004,17.19
3/5/2004,16.62
4/5/2004,16.55
5/5/2004,15.77
6/5/2004,17.05
7/5/2004,18.13
10/5/2004,19.77
11/5/2004,18.57
12/5/2004,18.14
13/5/2004,18.86
14/5/2004,18.47
17/5/2004,19.96
18/5/2004,19.33
19/5/2004,18.93
20/5/2004,18.67
21/5/2004,18.49
24/5/2004,18.08
25/5/2004,15.96
26/5/2004,15.97
27/5/2004,15.28
28/5/2004,15.5
31/5/2004,
1/6/2004,16.3
2/6/2004,16.08
3/6/2004,17.03
4/6/2004,16.78
7/6/2004,15.39
8/6/2004,15.01
9/6/2004,15.39
10/6/2004,15.04
11/6/2004,15.04
14/6/2004,16.07
15/6/2004,15.05
16/6/2004,14.79
17/6/2004,15.15
18/6/2004,14.99
21/6/2004,15.26
22/6/2004,14.31
23/6/2004,13.98
24/6/2004,14.81
25/6/2004,15.19
28/6/2004,16.07
29/6/2004,15.47
30/6/2004,14.34
1/7/2004,15.2
2/7/2004,15.08
5/7/2004,
6/7/2004,16.25
7/7/2004,15.81
8/7/2004,16.2
9/7/2004,15.78
12/7/2004,14.96
13/7/2004,14.46
14/7/2004,13.76
15/7/2004,14.71
16/7/2004,14.34
19/7/2004,15.17
20/7/2004,14.17
21/7/2004,16.41
22/7/2004,15.75
23/7/2004,16.5
26/7/2004,17.3
27/7/2004,16.55
28/7/2004,16.15
29/7/2004,15.68
30/7/2004,15.32
2/8/2004,15.37
3/8/2004,16.03
4/8/2004,16.21
5/8/2004,18.32
6/8/2004,19.34
9/8/2004,18.89
10/8/2004,17.47
11/8/2004,18.04
12/8/2004,19.08
13/8/2004,17.98
16/8/2004,17.57
17/8/2004,17.02
18/8/2004,16.23
19/8/2004,16.96
20/8/2004,16
23/8/2004,15.88
24/8/2004,15.33
25/8/2004,14.98
26/8/2004,14.91
27/8/2004,14.71
30/8/2004,15.44
31/8/2004,15.29
1/9/2004,14.91
2/9/2004,14.28
3/9/2004,13.91
6/9/2004,
7/9/2004,14.07
8/9/2004,14.06
9/9/2004,14.01
10/9/2004,13.76
13/9/2004,13.17
14/9/2004,13.56
15/9/2004,14.64
16/9/2004,14.39
17/9/2004,14.03
20/9/2004,14.43
21/9/2004,13.66
22/9/2004,14.74
23/9/2004,14.8
24/9/2004,14.28
27/9/2004,14.62
28/9/2004,13.83
29/9/2004,13.21
30/9/2004,13.34
1/10/2004,12.75
4/10/2004,13.41
5/10/2004,13.95
6/10/2004,13.28
7/10/2004,14.5
8/10/2004,15.05
11/10/2004,14.71
12/10/2004,15.05
13/10/2004,15.42
14/10/2004,16.43
15/10/2004,15.04
18/10/2004,14.71
19/10/2004,15.13
20/10/2004,14.85
21/10/2004,14.54
22/10/2004,15.28
25/10/2004,16.58
26/10/2004,16.39
27/10/2004,15.72
28/10/2004,15.39
29/10/2004,16.27
1/11/2004,16.27
2/11/2004,16.18
3/11/2004,14.04
4/11/2004,13.97
5/11/2004,13.84
8/11/2004,13.8
9/11/2004,13.61
10/11/2004,13.08
11/11/2004,13.04
12/11/2004,13.33
15/11/2004,13.38
16/11/2004,13.21
17/11/2004,13.21
18/11/2004,12.98
19/11/2004,13.5
22/11/2004,12.97
23/11/2004,12.67
24/11/2004,12.72
25/11/2004,
26/11/2004,12.79
29/11/2004,13.3
30/11/2004,13.24
1/12/2004,12.97
2/12/2004,12.98
3/12/2004,12.96
6/12/2004,13.19
7/12/2004,13.67
8/12/2004,13.19
9/12/2004,12.88
10/12/2004,12.76
13/12/2004,12.54
14/12/2004,12.73
15/12/2004,12.35
16/12/2004,12.27
17/12/2004,11.95
20/12/2004,11.83
21/12/2004,11.55
22/12/2004,11.45
23/12/2004,11.23
24/12/2004,
27/12/2004,12.14
28/12/2004,12
29/12/2004,11.62
30/12/2004,12.56
31/12/2004,13.29
3/1/2005,14.08
4/1/2005,13.98
5/1/2005,14.09
6/1/2005,13.58
7/1/2005,13.49
10/1/2005,13.23
11/1/2005,13.19
12/1/2005,12.56
13/1/2005,12.84
14/1/2005,12.43
17/1/2005,
18/1/2005,12.47
19/1/2005,13.18
20/1/2005,13.83
21/1/2005,14.36
24/1/2005,14.65
25/1/2005,14.06
26/1/2005,13.44
27/1/2005,13.24
28/1/2005,13.24
31/1/2005,12.82
1/2/2005,12.03
2/2/2005,11.66
3/2/2005,11.79
4/2/2005,11.21
7/2/2005,11.73
8/2/2005,11.6
9/2/2005,12
10/2/2005,11.51
11/2/2005,11.43
14/2/2005,11.52
15/2/2005,11.27
16/2/2005,11.1
17/2/2005,11.77
18/2/2005,11.18
21/2/2005,
22/2/2005,13.14
23/2/2005,12.39
24/2/2005,11.57
25/2/2005,11.49
28/2/2005,12.08
1/3/2005,12.04
2/3/2005,12.5
3/3/2005,12.93
4/3/2005,11.94
7/3/2005,12.26
8/3/2005,12.4
9/3/2005,12.7
10/3/2005,12.49
11/3/2005,12.8
14/3/2005,12.39
15/3/2005,13.15
16/3/2005,13.49
17/3/2005,13.29
18/3/2005,13.14
21/3/2005,13.61
22/3/2005,14.27
23/3/2005,14.06
24/3/2005,13.42
25/3/2005,
28/3/2005,13.75
29/3/2005,14.49
30/3/2005,13.64
31/3/2005,14.02
1/4/2005,14.09
4/4/2005,14.11
5/4/2005,13.68
6/4/2005,13.15
7/4/2005,12.33
8/4/2005,12.62
11/4/2005,11.98
12/4/2005,11.3
13/4/2005,13.31
14/4/2005,14.53
15/4/2005,17.74
18/4/2005,16.56
19/4/2005,14.96
20/4/2005,16.92
21/4/2005,14.41
22/4/2005,15.38
25/4/2005,14.62
26/4/2005,14.91
27/4/2005,14.87
28/4/2005,16.86
29/4/2005,15.31
2/5/2005,15.12
3/5/2005,14.53
4/5/2005,13.85
5/5/2005,13.98
6/5/2005,14.05
9/5/2005,13.75
10/5/2005,14.91
11/5/2005,14.45
12/5/2005,16.12
13/5/2005,16.32
16/5/2005,15.68
17/5/2005,14.57
18/5/2005,13.63
19/5/2005,13.32
20/5/2005,13.14
23/5/2005,12.95
24/5/2005,12.69
25/5/2005,12.58
26/5/2005,12.24
27/5/2005,12.15
30/5/2005,
31/5/2005,13.29
1/6/2005,12.36
2/6/2005,11.84
3/6/2005,12.15
6/6/2005,12.28
7/6/2005,12.39
8/6/2005,12.7
9/6/2005,12.08
10/6/2005,11.96
13/6/2005,11.65
14/6/2005,11.79
15/6/2005,11.46
16/6/2005,11.15
17/6/2005,11.48
20/6/2005,11.47
21/6/2005,11.08
22/6/2005,11.05
23/6/2005,12.13
24/6/2005,12.18
27/6/2005,12.52
28/6/2005,11.58
29/6/2005,11.77
30/6/2005,12.04
1/7/2005,11.4
4/7/2005,
5/7/2005,11.68
6/7/2005,12.27
7/7/2005,12.49
8/7/2005,11.45
11/7/2005,11.28
12/7/2005,10.95
13/7/2005,10.84
14/7/2005,10.81
15/7/2005,10.33
18/7/2005,10.77
19/7/2005,10.45
20/7/2005,10.23
21/7/2005,10.97
22/7/2005,10.52
25/7/2005,11.1
26/7/2005,10.99
27/7/2005,10.36
28/7/2005,10.52
29/7/2005,11.57
1/8/2005,12.08
2/8/2005,11.75
3/8/2005,11.83
4/8/2005,12.52
5/8/2005,12.48
8/8/2005,13.21
9/8/2005,12.4
10/8/2005,12.38
11/8/2005,12.42
12/8/2005,12.74
15/8/2005,12.26
16/8/2005,13.52
17/8/2005,13.3
18/8/2005,13.42
19/8/2005,13.42
22/8/2005,13.42
23/8/2005,13.34
24/8/2005,14.17
25/8/2005,13.73
26/8/2005,13.72
29/8/2005,13.52
30/8/2005,13.65
31/8/2005,12.6
1/9/2005,13.15
2/9/2005,13.57
5/9/2005,
6/9/2005,12.93
7/9/2005,12.52
8/9/2005,12.93
9/9/2005,11.98
12/9/2005,11.65
13/9/2005,12.39
14/9/2005,12.91
15/9/2005,12.49
16/9/2005,11.22
19/9/2005,12.14
20/9/2005,12.64
21/9/2005,13.79
22/9/2005,13.33
23/9/2005,12.96
26/9/2005,13.04
27/9/2005,12.76
28/9/2005,12.63
29/9/2005,12.24
30/9/2005,11.92
3/10/2005,12.46
4/10/2005,13.2
5/10/2005,14.55
6/10/2005,14.96
7/10/2005,14.59
10/10/2005,15.55
11/10/2005,15.63
12/10/2005,16.22
13/10/2005,16.47
14/10/2005,14.87
17/10/2005,14.67
18/10/2005,15.33
19/10/2005,13.5
20/10/2005,16.11
21/10/2005,16.13
24/10/2005,14.74
25/10/2005,14.53
26/10/2005,14.59
27/10/2005,16.02
28/10/2005,14.25
31/10/2005,15.32
1/11/2005,14.85
2/11/2005,13.48
3/11/2005,13
4/11/2005,13.17
7/11/2005,13.1
8/11/2005,13.08
9/11/2005,12.8
10/11/2005,11.9
11/11/2005,11.63
14/11/2005,12.18
15/11/2005,12.23
16/11/2005,12.26
17/11/2005,11.25
18/11/2005,11.12
21/11/2005,10.82
22/11/2005,10.6
23/11/2005,10.96
24/11/2005,
25/11/2005,10.88
28/11/2005,11.84
29/11/2005,11.89
30/11/2005,12.06
1/12/2005,11.24
2/12/2005,11.01
5/12/2005,11.6
6/12/2005,11.52
7/12/2005,12.18
8/12/2005,12.21
9/12/2005,11.69
12/12/2005,11.47
13/12/2005,11.11
14/12/2005,10.48
15/12/2005,10.73
16/12/2005,10.68
19/12/2005,11.38
20/12/2005,11.19
21/12/2005,10.81
22/12/2005,10.29
23/12/2005,10.27
26/12/2005,
27/12/2005,11.57
28/12/2005,11.35
29/12/2005,11.61
30/12/2005,12.07
2/1/2006,
3/1/2006,11.14
4/1/2006,11.37
5/1/2006,11.31
6/1/2006,11
9/1/2006,11.13
10/1/2006,10.86
11/1/2006,10.94
12/1/2006,11.2
13/1/2006,11.23
16/1/2006,
17/1/2006,11.91
18/1/2006,12.25
19/1/2006,11.98
20/1/2006,14.56
23/1/2006,13.93
24/1/2006,13.31
25/1/2006,12.87
26/1/2006,12.42
27/1/2006,11.97
30/1/2006,12.39
31/1/2006,12.95
1/2/2006,12.36
2/2/2006,13.23
3/2/2006,12.96
6/2/2006,13.04
7/2/2006,13.59
8/2/2006,12.83
9/2/2006,13.12
10/2/2006,12.87
13/2/2006,13.35
14/2/2006,12.25
15/2/2006,12.31
16/2/2006,11.48
17/2/2006,12.01
20/2/2006,
21/2/2006,12.41
22/2/2006,11.88
23/2/2006,11.87
24/2/2006,11.46
27/2/2006,11.59
28/2/2006,12.34
1/3/2006,11.54
2/3/2006,11.72
3/3/2006,11.96
6/3/2006,12.74
7/3/2006,12.66
8/3/2006,12.32
9/3/2006,12.68
10/3/2006,11.85
13/3/2006,11.37
14/3/2006,10.74
15/3/2006,11.35
16/3/2006,11.98
17/3/2006,12.12
20/3/2006,11.79
21/3/2006,11.62
22/3/2006,11.21
23/3/2006,11.17
24/3/2006,11.19
27/3/2006,11.46
28/3/2006,11.58
29/3/2006,10.95
30/3/2006,11.57
31/3/2006,11.39
3/4/2006,11.57
4/4/2006,11.14
5/4/2006,11.13
6/4/2006,11.45
7/4/2006,12.26
10/4/2006,12.19
11/4/2006,13
12/4/2006,12.76
13/4/2006,12.38
14/4/2006,
17/4/2006,12.58
18/4/2006,11.4
19/4/2006,11.32
20/4/2006,11.64
21/4/2006,11.59
24/4/2006,11.75
25/4/2006,11.75
26/4/2006,11.76
27/4/2006,11.84
28/4/2006,11.59
1/5/2006,12.54
2/5/2006,11.99
3/5/2006,11.99
4/5/2006,11.86
5/5/2006,11.62
8/5/2006,12
9/5/2006,11.99
10/5/2006,11.78
11/5/2006,12.49
12/5/2006,14.19
15/5/2006,13.57
16/5/2006,13.35
17/5/2006,16.26
18/5/2006,16.99
19/5/2006,17.18
22/5/2006,17.72
23/5/2006,18.26
24/5/2006,17.36
25/5/2006,15.5
26/5/2006,14.26
29/5/2006,
30/5/2006,18.66
31/5/2006,16.44
1/6/2006,14.52
2/6/2006,14.32
5/6/2006,16.65
6/6/2006,17.34
7/6/2006,17.8
8/6/2006,18.35
9/6/2006,18.12
12/6/2006,20.96
13/6/2006,23.81
14/6/2006,21.46
15/6/2006,15.9
16/6/2006,17.25
19/6/2006,17.83
20/6/2006,16.69
21/6/2006,15.52
22/6/2006,15.88
23/6/2006,15.89
26/6/2006,15.62
27/6/2006,16.4
28/6/2006,15.79
29/6/2006,13.03
30/6/2006,13.08
3/7/2006,13.05
4/7/2006,
5/7/2006,14.15
6/7/2006,13.65
7/7/2006,13.97
10/7/2006,14.02
11/7/2006,13.14
12/7/2006,14.49
13/7/2006,17.79
14/7/2006,18.05
17/7/2006,18.64
18/7/2006,17.74
19/7/2006,15.55
20/7/2006,16.21
21/7/2006,17.4
24/7/2006,14.98
25/7/2006,14.85
26/7/2006,14.62
27/7/2006,14.94
28/7/2006,14.33
31/7/2006,14.95
1/8/2006,15.05
2/8/2006,14.34
3/8/2006,14.46
4/8/2006,14.34
7/8/2006,15.23
8/8/2006,15.23
9/8/2006,15.2
10/8/2006,14.46
11/8/2006,14.3
14/8/2006,14.26
15/8/2006,13.42
16/8/2006,12.41
17/8/2006,12.24
18/8/2006,11.64
21/8/2006,12.22
22/8/2006,12.19
23/8/2006,12.4
24/8/2006,12.4
25/8/2006,12.31
28/8/2006,12.18
29/8/2006,12.28
30/8/2006,12.22
31/8/2006,12.31
1/9/2006,11.96
4/9/2006,
5/9/2006,12.63
6/9/2006,13.74
7/9/2006,13.88
8/9/2006,13.16
11/9/2006,12.99
12/9/2006,11.92
13/9/2006,11.18
14/9/2006,11.55
15/9/2006,11.76
18/9/2006,11.78
19/9/2006,11.98
20/9/2006,11.39
21/9/2006,12.25
22/9/2006,12.59
25/9/2006,12.12
26/9/2006,11.53
27/9/2006,11.58
28/9/2006,11.72
29/9/2006,11.98
2/10/2006,12.57
3/10/2006,12.24
4/10/2006,11.86
5/10/2006,11.98
6/10/2006,11.56
9/10/2006,11.68
10/10/2006,11.52
11/10/2006,11.62
12/10/2006,11.09
13/10/2006,10.75
16/10/2006,11.09
17/10/2006,11.73
18/10/2006,11.34
19/10/2006,10.9
20/10/2006,10.63
23/10/2006,11.08
24/10/2006,10.78
25/10/2006,10.66
26/10/2006,10.56
27/10/2006,10.8
30/10/2006,11.2
31/10/2006,11.1
1/11/2006,11.51
2/11/2006,11.42
3/11/2006,11.16
6/11/2006,11.16
7/11/2006,11.09
8/11/2006,10.75
9/11/2006,11.01
10/11/2006,10.79
13/11/2006,10.86
14/11/2006,10.5
15/11/2006,10.31
16/11/2006,10.16
17/11/2006,10.05
20/11/2006,9.97
21/11/2006,9.9
22/11/2006,10.14
23/11/2006,
24/11/2006,10.73
27/11/2006,12.3
28/11/2006,11.62
29/11/2006,10.83
30/11/2006,10.91
1/12/2006,11.66
4/12/2006,11.23
5/12/2006,11.27
6/12/2006,11.33
7/12/2006,12.67
8/12/2006,12.07
11/12/2006,10.71
12/12/2006,10.65
13/12/2006,10.18
14/12/2006,9.97
15/12/2006,10.05
18/12/2006,10.6
19/12/2006,10.3
20/12/2006,10.26
21/12/2006,10.53
22/12/2006,11.36
25/12/2006,
26/12/2006,11.26
27/12/2006,10.64
28/12/2006,10.99
29/12/2006,11.56
1/1/2007,
2/1/2007,
3/1/2007,12.04
4/1/2007,11.51
5/1/2007,12.14
8/1/2007,12
9/1/2007,11.91
10/1/2007,11.47
11/1/2007,10.87
12/1/2007,10.15
15/1/2007,
16/1/2007,10.74
17/1/2007,10.59
18/1/2007,10.85
19/1/2007,10.4
22/1/2007,10.77
23/1/2007,10.34
24/1/2007,9.89
25/1/2007,11.22
26/1/2007,11.13
29/1/2007,11.45
30/1/2007,10.96
31/1/2007,10.42
1/2/2007,10.31
2/2/2007,10.08
5/2/2007,10.55
6/2/2007,10.65
7/2/2007,10.32
8/2/2007,10.44
9/2/2007,11.1
12/2/2007,11.61
13/2/2007,10.34
14/2/2007,10.23
15/2/2007,10.22
16/2/2007,10.02
19/2/2007,
20/2/2007,10.24
21/2/2007,10.2
22/2/2007,10.18
23/2/2007,10.58
26/2/2007,11.15
27/2/2007,18.31
28/2/2007,15.42
1/3/2007,15.82
2/3/2007,18.61
5/3/2007,19.63
6/3/2007,15.96
7/3/2007,15.24
8/3/2007,14.29
9/3/2007,14.09
12/3/2007,13.99
13/3/2007,18.13
14/3/2007,17.27
15/3/2007,16.43
16/3/2007,16.79
19/3/2007,14.59
20/3/2007,13.27
21/3/2007,12.19
22/3/2007,12.93
23/3/2007,12.95
26/3/2007,13.16
27/3/2007,13.48
28/3/2007,14.98
29/3/2007,15.14
30/3/2007,14.64
2/4/2007,14.53
3/4/2007,13.46
4/4/2007,13.24
5/4/2007,13.23
6/4/2007,
9/4/2007,13.14
10/4/2007,12.68
11/4/2007,13.49
12/4/2007,12.71
13/4/2007,12.2
16/4/2007,11.98
17/4/2007,12.14
18/4/2007,12.42
19/4/2007,12.54
20/4/2007,12.07
23/4/2007,13.04
24/4/2007,13.12
25/4/2007,13.21
26/4/2007,12.79
27/4/2007,12.45
30/4/2007,14.22
1/5/2007,13.51
2/5/2007,13.08
3/5/2007,13.09
4/5/2007,12.91
7/5/2007,13.15
8/5/2007,13.21
9/5/2007,12.88
10/5/2007,13.6
11/5/2007,12.95
14/5/2007,13.96
15/5/2007,14.01
16/5/2007,13.5
17/5/2007,13.51
18/5/2007,12.76
21/5/2007,13.3
22/5/2007,13.06
23/5/2007,13.24
24/5/2007,14.08
25/5/2007,13.34
28/5/2007,
29/5/2007,13.53
30/5/2007,12.83
31/5/2007,13.05
1/6/2007,12.78
4/6/2007,13.29
5/6/2007,13.63
6/6/2007,14.87
7/6/2007,17.06
8/6/2007,14.84
11/6/2007,14.71
12/6/2007,16.67
13/6/2007,14.73
14/6/2007,13.64
15/6/2007,13.94
18/6/2007,13.42
19/6/2007,12.85
20/6/2007,14.67
21/6/2007,14.21
22/6/2007,15.75
25/6/2007,16.65
26/6/2007,18.89
27/6/2007,15.53
28/6/2007,15.54
29/6/2007,16.23
2/7/2007,15.4
3/7/2007,14.92
4/7/2007,
5/7/2007,15.48
6/7/2007,14.72
9/7/2007,15.16
10/7/2007,17.57
11/7/2007,16.64
12/7/2007,15.54
13/7/2007,15.15
16/7/2007,15.59
17/7/2007,15.63
18/7/2007,16
19/7/2007,15.23
20/7/2007,16.95
23/7/2007,16.81
24/7/2007,18.55
25/7/2007,18.1
26/7/2007,20.74
27/7/2007,24.17
30/7/2007,20.87
31/7/2007,23.52
1/8/2007,23.67
2/8/2007,21.22
3/8/2007,25.16
6/8/2007,22.94
7/8/2007,21.56
8/8/2007,21.45
9/8/2007,26.48
10/8/2007,28.3
13/8/2007,26.57
14/8/2007,27.68
15/8/2007,30.67
16/8/2007,30.83
17/8/2007,29.99
20/8/2007,26.33
21/8/2007,25.25
22/8/2007,22.89
23/8/2007,22.62
24/8/2007,20.72
27/8/2007,22.72
28/8/2007,26.3
29/8/2007,23.81
30/8/2007,25.06
31/8/2007,23.38
3/9/2007,
4/9/2007,22.78
5/9/2007,24.58
6/9/2007,23.99
7/9/2007,26.23
10/9/2007,27.38
11/9/2007,25.27
12/9/2007,24.96
13/9/2007,24.76
14/9/2007,24.92
17/9/2007,26.48
18/9/2007,20.35
19/9/2007,20.03
20/9/2007,20.45
21/9/2007,19
24/9/2007,19.37
25/9/2007,18.6
26/9/2007,17.63
27/9/2007,17
28/9/2007,18
1/10/2007,17.84
2/10/2007,18.49
3/10/2007,18.8
4/10/2007,18.44
5/10/2007,16.91
8/10/2007,17.46
9/10/2007,16.12
10/10/2007,16.67
11/10/2007,18.88
12/10/2007,17.73
15/10/2007,19.25
16/10/2007,20.02
17/10/2007,18.54
18/10/2007,18.5
19/10/2007,22.96
22/10/2007,21.64
23/10/2007,20.41
24/10/2007,20.8
25/10/2007,21.17
26/10/2007,19.56
29/10/2007,19.87
30/10/2007,21.07
31/10/2007,18.53
1/11/2007,23.21
2/11/2007,23.01
5/11/2007,24.31
6/11/2007,21.39
7/11/2007,26.49
8/11/2007,26.16
9/11/2007,28.5
12/11/2007,31.09
13/11/2007,24.1
14/11/2007,25.94
15/11/2007,28.06
16/11/2007,25.49
19/11/2007,26.01
20/11/2007,24.88
21/11/2007,26.84
22/11/2007,
23/11/2007,25.61
26/11/2007,28.91
27/11/2007,26.28
28/11/2007,24.11
29/11/2007,23.97
30/11/2007,22.87
3/12/2007,23.61
4/12/2007,23.79
5/12/2007,22.53
6/12/2007,20.96
7/12/2007,20.85
10/12/2007,20.74
11/12/2007,23.59
12/12/2007,22.47
13/12/2007,22.56
14/12/2007,23.27
17/12/2007,24.52
18/12/2007,22.64
19/12/2007,21.68
20/12/2007,20.58
21/12/2007,18.47
24/12/2007,18.6
25/12/2007,
26/12/2007,18.66
27/12/2007,20.26
28/12/2007,20.74
31/12/2007,22.5
1/1/2008,
2/1/2008,23.17
3/1/2008,22.49
4/1/2008,23.94
7/1/2008,23.79
8/1/2008,25.43
9/1/2008,24.12
10/1/2008,23.45
11/1/2008,23.68
14/1/2008,22.9
15/1/2008,23.34
16/1/2008,24.38
17/1/2008,28.46
18/1/2008,27.18
21/1/2008,
22/1/2008,31.01
23/1/2008,29.02
24/1/2008,27.78
25/1/2008,29.08
28/1/2008,27.78
29/1/2008,27.32
30/1/2008,27.62
31/1/2008,26.2
1/2/2008,24.02
4/2/2008,25.99
5/2/2008,28.24
6/2/2008,28.97
7/2/2008,27.66
8/2/2008,28.01
11/2/2008,27.6
12/2/2008,26.33
13/2/2008,24.88
14/2/2008,25.54
15/2/2008,25.02
18/2/2008,
19/2/2008,25.59
20/2/2008,24.4
21/2/2008,25.12
22/2/2008,24.06
25/2/2008,23.03
26/2/2008,21.9
27/2/2008,22.69
28/2/2008,23.53
29/2/2008,26.54
3/3/2008,26.28
4/3/2008,25.52
5/3/2008,24.6
6/3/2008,27.55
7/3/2008,27.49
10/3/2008,29.38
11/3/2008,26.36
12/3/2008,27.22
13/3/2008,27.29
14/3/2008,31.16
17/3/2008,32.24
18/3/2008,25.79
19/3/2008,29.84
20/3/2008,26.62
21/3/2008,
24/3/2008,25.73
25/3/2008,25.72
26/3/2008,26.08
27/3/2008,25.88
28/3/2008,25.71
31/3/2008,25.61
1/4/2008,22.68
2/4/2008,23.43
3/4/2008,23.21
4/4/2008,22.45
7/4/2008,22.42
8/4/2008,22.36
9/4/2008,22.81
10/4/2008,21.98
11/4/2008,23.46
14/4/2008,23.82
15/4/2008,22.78
16/4/2008,20.53
17/4/2008,20.37
18/4/2008,20.13
21/4/2008,20.5
22/4/2008,20.87
23/4/2008,20.26
24/4/2008,20.06
25/4/2008,19.59
28/4/2008,19.64
29/4/2008,20.24
30/4/2008,20.79
1/5/2008,18.88
2/5/2008,18.18
5/5/2008,18.9
6/5/2008,18.21
7/5/2008,19.73
8/5/2008,19.4
9/5/2008,19.41
12/5/2008,17.79
13/5/2008,17.98
14/5/2008,17.66
15/5/2008,16.3
16/5/2008,16.47
19/5/2008,17.01
20/5/2008,17.58
21/5/2008,18.59
22/5/2008,18.05
23/5/2008,19.55
26/5/2008,
27/5/2008,19.64
28/5/2008,19.07
29/5/2008,18.14
30/5/2008,17.83
2/6/2008,19.83
3/6/2008,20.24
4/6/2008,20.8
5/6/2008,18.63
6/6/2008,23.56
9/6/2008,23.12
10/6/2008,23.18
11/6/2008,24.12
12/6/2008,23.33
13/6/2008,21.22
16/6/2008,20.95
17/6/2008,21.13
18/6/2008,22.24
19/6/2008,21.58
20/6/2008,22.87
23/6/2008,22.64
24/6/2008,22.42
25/6/2008,21.14
26/6/2008,23.93
27/6/2008,23.44
30/6/2008,23.95
1/7/2008,23.65
2/7/2008,25.92
3/7/2008,24.79
4/7/2008,
7/7/2008,25.78
8/7/2008,23.15
9/7/2008,25.23
10/7/2008,25.59
11/7/2008,27.49
14/7/2008,28.48
15/7/2008,28.54
16/7/2008,25.1
17/7/2008,25.01
18/7/2008,24.05
21/7/2008,23.05
22/7/2008,21.18
23/7/2008,21.31
24/7/2008,23.44
25/7/2008,22.91
28/7/2008,24.23
29/7/2008,22.03
30/7/2008,21.21
31/7/2008,22.94
1/8/2008,22.57
4/8/2008,23.49
5/8/2008,21.14
6/8/2008,20.23
7/8/2008,21.15
8/8/2008,20.66
11/8/2008,20.12
12/8/2008,21.17
13/8/2008,21.55
14/8/2008,20.34
15/8/2008,19.58
18/8/2008,20.98
19/8/2008,21.28
20/8/2008,20.42
21/8/2008,19.82
22/8/2008,18.81
25/8/2008,20.97
26/8/2008,20.49
27/8/2008,19.76
28/8/2008,19.43
29/8/2008,20.65
1/9/2008,
2/9/2008,21.99
3/9/2008,21.43
4/9/2008,24.03
5/9/2008,23.06
8/9/2008,22.64
9/9/2008,25.47
10/9/2008,24.52
11/9/2008,24.39
12/9/2008,25.66
15/9/2008,31.7
16/9/2008,30.3
17/9/2008,36.22
18/9/2008,33.1
19/9/2008,32.07
22/9/2008,33.85
23/9/2008,35.72
24/9/2008,35.19
25/9/2008,32.82
26/9/2008,34.74
29/9/2008,46.72
30/9/2008,39.39
1/10/2008,39.81
2/10/2008,45.26
3/10/2008,45.14
6/10/2008,52.05
7/10/2008,53.68
8/10/2008,57.53
9/10/2008,63.92
10/10/2008,69.95
13/10/2008,54.99
14/10/2008,55.13
15/10/2008,69.25
16/10/2008,67.61
17/10/2008,70.33
20/10/2008,52.97
21/10/2008,53.11
22/10/2008,69.65
23/10/2008,67.8
24/10/2008,79.13
27/10/2008,80.06
28/10/2008,66.96
29/10/2008,69.96
30/10/2008,62.9
31/10/2008,59.89
3/11/2008,53.68
4/11/2008,47.73
5/11/2008,54.56
6/11/2008,63.68
7/11/2008,56.1
10/11/2008,59.98
11/11/2008,61.44
12/11/2008,66.46
13/11/2008,59.83
14/11/2008,66.31
17/11/2008,69.15
18/11/2008,67.64
19/11/2008,74.26
20/11/2008,80.86
21/11/2008,72.67
24/11/2008,64.7
25/11/2008,60.9
26/11/2008,54.92
27/11/2008,
28/11/2008,55.84
1/12/2008,68.51
2/12/2008,62.98
3/12/2008,60.72
4/12/2008,63.64
5/12/2008,59.93
8/12/2008,58.49
9/12/2008,58.91
10/12/2008,55.73
11/12/2008,55.78
12/12/2008,54.28
15/12/2008,56.76
16/12/2008,52.37
17/12/2008,49.84
18/12/2008,47.34
19/12/2008,44.93
22/12/2008,44.56
23/12/2008,45.02
24/12/2008,44.21
25/12/2008,
26/12/2008,43.38
29/12/2008,43.9
30/12/2008,41.63
31/12/2008,40
1/1/2009,
2/1/2009,39.19
5/1/2009,39.08
6/1/2009,38.56
7/1/2009,43.39
8/1/2009,42.56
9/1/2009,42.82
12/1/2009,45.84
13/1/2009,43.27
14/1/2009,49.14
15/1/2009,51
16/1/2009,46.11
19/1/2009,
20/1/2009,56.65
21/1/2009,46.42
22/1/2009,47.29
23/1/2009,47.27
26/1/2009,45.69
27/1/2009,42.25
28/1/2009,39.66
29/1/2009,42.63
30/1/2009,44.84
2/2/2009,45.52
3/2/2009,43.06
4/2/2009,43.85
5/2/2009,43.73
6/2/2009,43.37
9/2/2009,43.64
10/2/2009,46.67
11/2/2009,44.53
12/2/2009,41.25
13/2/2009,42.93
16/2/2009,
17/2/2009,48.66
18/2/2009,48.46
19/2/2009,47.08
20/2/2009,49.3
23/2/2009,52.62
24/2/2009,45.49
25/2/2009,44.67
26/2/2009,44.66
27/2/2009,46.35
2/3/2009,52.65
3/3/2009,50.93
4/3/2009,47.56
5/3/2009,50.17
6/3/2009,49.33
9/3/2009,49.68
10/3/2009,44.37
11/3/2009,43.61
12/3/2009,41.18
13/3/2009,42.36
16/3/2009,43.74
17/3/2009,40.8
18/3/2009,40.06
19/3/2009,43.68
20/3/2009,45.89
23/3/2009,43.23
24/3/2009,42.93
25/3/2009,42.25
26/3/2009,40.36
27/3/2009,41.04
30/3/2009,45.54
31/3/2009,44.14
1/4/2009,42.28
2/4/2009,42.04
3/4/2009,39.7
6/4/2009,40.93
7/4/2009,40.39
8/4/2009,38.85
9/4/2009,36.53
10/4/2009,
13/4/2009,37.81
14/4/2009,37.67
15/4/2009,36.17
16/4/2009,35.79
17/4/2009,33.94
20/4/2009,39.18
21/4/2009,37.14
22/4/2009,38.1
23/4/2009,37.15
24/4/2009,36.82
27/4/2009,38.32
28/4/2009,37.95
29/4/2009,36.08
30/4/2009,36.5
1/5/2009,35.3
4/5/2009,34.53
5/5/2009,33.36
6/5/2009,32.45
7/5/2009,33.44
8/5/2009,32.05
11/5/2009,32.87
12/5/2009,31.8
13/5/2009,33.65
14/5/2009,31.37
15/5/2009,33.12
18/5/2009,30.24
19/5/2009,28.8
20/5/2009,29.03
21/5/2009,31.35
22/5/2009,32.63
25/5/2009,
26/5/2009,30.62
27/5/2009,32.36
28/5/2009,31.67
29/5/2009,28.92
1/6/2009,30.04
2/6/2009,29.63
3/6/2009,31.02
4/6/2009,30.18
5/6/2009,29.62
8/6/2009,29.77
9/6/2009,28.27
10/6/2009,28.46
11/6/2009,28.11
12/6/2009,28.15
15/6/2009,30.81
16/6/2009,32.68
17/6/2009,31.54
18/6/2009,30.03
19/6/2009,27.99
22/6/2009,31.17
23/6/2009,30.58
24/6/2009,29.05
25/6/2009,26.36
26/6/2009,25.93
29/6/2009,25.35
30/6/2009,26.35
1/7/2009,26.22
2/7/2009,27.95
3/7/2009,
6/7/2009,29
7/7/2009,30.85
8/7/2009,31.3
9/7/2009,29.78
10/7/2009,29.02
13/7/2009,26.31
14/7/2009,25.02
15/7/2009,25.89
16/7/2009,25.42
17/7/2009,24.34
20/7/2009,24.4
21/7/2009,23.87
22/7/2009,23.47
23/7/2009,23.43
24/7/2009,23.09
27/7/2009,24.28
28/7/2009,25.01
29/7/2009,25.61
30/7/2009,25.4
31/7/2009,25.92
3/8/2009,25.56
4/8/2009,24.89
5/8/2009,24.9
6/8/2009,25.67
7/8/2009,24.76
10/8/2009,24.99
11/8/2009,25.99
12/8/2009,25.45
13/8/2009,24.71
14/8/2009,24.27
17/8/2009,27.89
18/8/2009,26.18
19/8/2009,26.26
20/8/2009,25.09
21/8/2009,25.01
24/8/2009,25.14
25/8/2009,24.92
26/8/2009,24.95
27/8/2009,24.68
28/8/2009,24.76
31/8/2009,26.01
1/9/2009,29.15
2/9/2009,28.9
3/9/2009,27.1
4/9/2009,25.26
7/9/2009,
8/9/2009,25.62
9/9/2009,24.32
10/9/2009,23.55
11/9/2009,24.15
14/9/2009,23.86
15/9/2009,23.42
16/9/2009,23.69
17/9/2009,23.65
18/9/2009,23.92
21/9/2009,24.06
22/9/2009,23.08
23/9/2009,23.49
24/9/2009,24.95
25/9/2009,25.61
28/9/2009,24.88
29/9/2009,25.19
30/9/2009,25.61
1/10/2009,28.27
2/10/2009,28.68
5/10/2009,26.84
6/10/2009,25.7
7/10/2009,24.68
8/10/2009,24.18
9/10/2009,23.12
12/10/2009,23.01
13/10/2009,22.99
14/10/2009,22.86
15/10/2009,21.72
16/10/2009,21.43
19/10/2009,21.49
20/10/2009,20.9
21/10/2009,22.22
22/10/2009,20.69
23/10/2009,22.27
26/10/2009,24.31
27/10/2009,24.83
28/10/2009,27.91
29/10/2009,24.76
30/10/2009,30.69
2/11/2009,29.78
3/11/2009,28.81
4/11/2009,27.72
5/11/2009,25.43
6/11/2009,24.19
9/11/2009,23.15
10/11/2009,22.84
11/11/2009,23.04
12/11/2009,24.24
13/11/2009,23.36
16/11/2009,22.89
17/11/2009,22.41
18/11/2009,21.63
19/11/2009,22.63
20/11/2009,22.19
23/11/2009,21.16
24/11/2009,20.47
25/11/2009,20.48
26/11/2009,
27/11/2009,24.85
30/11/2009,24.51
1/12/2009,21.92
2/12/2009,21.12
3/12/2009,22.46
4/12/2009,21.25
7/12/2009,22.1
8/12/2009,23.69
9/12/2009,22.66
10/12/2009,22.32
11/12/2009,21.59
14/12/2009,21.15
15/12/2009,21.49
16/12/2009,20.54
17/12/2009,22.51
18/12/2009,21.68
21/12/2009,20.49
22/12/2009,19.54
23/12/2009,19.71
24/12/2009,19.47
25/12/2009,
28/12/2009,19.93
29/12/2009,20.01
30/12/2009,19.96
31/12/2009,21.68
1/1/2010,
4/1/2010,20.04
5/1/2010,19.35
6/1/2010,19.16
7/1/2010,19.06
8/1/2010,18.13
11/1/2010,17.55
12/1/2010,18.25
13/1/2010,17.85
14/1/2010,17.63
15/1/2010,17.91
18/1/2010,
19/1/2010,17.58
20/1/2010,18.68
21/1/2010,22.27
22/1/2010,27.31
25/1/2010,25.41
26/1/2010,24.55
27/1/2010,23.14
28/1/2010,23.73
29/1/2010,24.62
1/2/2010,22.59
2/2/2010,21.48
3/2/2010,21.6
4/2/2010,26.08
5/2/2010,26.11
8/2/2010,26.51
9/2/2010,26
10/2/2010,25.4
11/2/2010,23.96
12/2/2010,22.73
15/2/2010,
16/2/2010,22.25
17/2/2010,21.72
18/2/2010,20.63
19/2/2010,20.02
22/2/2010,19.94
23/2/2010,21.37
24/2/2010,20.27
25/2/2010,20.1
26/2/2010,19.5
1/3/2010,19.26
2/3/2010,19.06
3/3/2010,18.83
4/3/2010,18.72
5/3/2010,17.42
8/3/2010,17.79
9/3/2010,17.92
10/3/2010,18.57
11/3/2010,18.06
12/3/2010,17.58
15/3/2010,18
16/3/2010,17.69
17/3/2010,16.91
18/3/2010,16.62
19/3/2010,16.97
22/3/2010,16.87
23/3/2010,16.35
24/3/2010,17.55
25/3/2010,18.4
26/3/2010,17.77
29/3/2010,17.59
30/3/2010,17.13
31/3/2010,17.59
1/4/2010,17.47
2/4/2010,
5/4/2010,17.02
6/4/2010,16.23
7/4/2010,16.62
8/4/2010,16.48
9/4/2010,16.14
12/4/2010,15.58
13/4/2010,16.2
14/4/2010,15.59
15/4/2010,15.89
16/4/2010,18.36
19/4/2010,17.34
20/4/2010,15.73
21/4/2010,16.32
22/4/2010,16.47
23/4/2010,16.62
26/4/2010,17.47
27/4/2010,22.81
28/4/2010,21.08
29/4/2010,18.44
30/4/2010,22.05
3/5/2010,20.19
4/5/2010,23.84
5/5/2010,24.91
6/5/2010,32.8
7/5/2010,40.95
10/5/2010,28.84
11/5/2010,28.32
12/5/2010,25.52
13/5/2010,26.68
14/5/2010,31.24
17/5/2010,30.84
18/5/2010,33.55
19/5/2010,35.32
20/5/2010,45.79
21/5/2010,40.1
24/5/2010,38.32
25/5/2010,34.61
26/5/2010,35.02
27/5/2010,29.68
28/5/2010,32.07
31/5/2010,
1/6/2010,35.54
2/6/2010,30.17
3/6/2010,29.46
4/6/2010,35.48
7/6/2010,36.57
8/6/2010,33.7
9/6/2010,33.73
10/6/2010,30.57
11/6/2010,28.79
14/6/2010,28.58
15/6/2010,25.87
16/6/2010,25.92
17/6/2010,25.05
18/6/2010,23.95
21/6/2010,24.88
22/6/2010,27.05
23/6/2010,26.91
24/6/2010,29.74
25/6/2010,28.53
28/6/2010,29
29/6/2010,34.13
30/6/2010,34.54
1/7/2010,32.86
2/7/2010,30.12
5/7/2010,
6/7/2010,29.65
7/7/2010,26.84
8/7/2010,25.71
9/7/2010,24.98
12/7/2010,24.43
13/7/2010,24.56
14/7/2010,24.89
15/7/2010,25.14
16/7/2010,26.25
19/7/2010,25.97
20/7/2010,23.93
21/7/2010,25.64
22/7/2010,24.63
23/7/2010,23.47
26/7/2010,22.73
27/7/2010,23.19
28/7/2010,24.25
29/7/2010,24.13
30/7/2010,23.5
2/8/2010,22.01
3/8/2010,22.63
4/8/2010,22.21
5/8/2010,22.1
6/8/2010,21.74
9/8/2010,22.14
10/8/2010,22.37
11/8/2010,25.39
12/8/2010,25.73
13/8/2010,26.24
16/8/2010,26.1
17/8/2010,24.33
18/8/2010,24.59
19/8/2010,26.44
20/8/2010,25.49
23/8/2010,25.66
24/8/2010,27.46
25/8/2010,26.7
26/8/2010,27.37
27/8/2010,24.45
30/8/2010,27.21
31/8/2010,26.05
1/9/2010,23.89
2/9/2010,23.19
3/9/2010,21.31
6/9/2010,
7/9/2010,23.8
8/9/2010,23.25
9/9/2010,22.81
10/9/2010,21.99
13/9/2010,21.21
14/9/2010,21.56
15/9/2010,22.1
16/9/2010,21.72
17/9/2010,22.01
20/9/2010,21.5
21/9/2010,22.35
22/9/2010,22.51
23/9/2010,23.87
24/9/2010,21.71
27/9/2010,22.54
28/9/2010,22.6
29/9/2010,23.25
30/9/2010,23.7
1/10/2010,22.5
4/10/2010,23.53
5/10/2010,21.76
6/10/2010,21.49
7/10/2010,21.56
8/10/2010,20.71
11/10/2010,18.96
12/10/2010,18.93
13/10/2010,19.07
14/10/2010,19.88
15/10/2010,19.03
18/10/2010,19.09
19/10/2010,20.63
20/10/2010,19.79
21/10/2010,19.27
22/10/2010,18.78
25/10/2010,19.85
26/10/2010,20.22
27/10/2010,20.71
28/10/2010,20.88
29/10/2010,21.2
1/11/2010,21.83
2/11/2010,21.57
3/11/2010,19.56
4/11/2010,18.52
5/11/2010,18.26
8/11/2010,18.29
9/11/2010,19.08
10/11/2010,18.47
11/11/2010,18.64
12/11/2010,20.61
15/11/2010,20.2
16/11/2010,22.58
17/11/2010,21.76
18/11/2010,18.75
19/11/2010,18.04
22/11/2010,18.37
23/11/2010,20.63
24/11/2010,19.56
25/11/2010,
26/11/2010,22.22
29/11/2010,21.53
30/11/2010,23.54
1/12/2010,21.36
2/12/2010,19.39
3/12/2010,18.01
6/12/2010,18.02
7/12/2010,17.99
8/12/2010,17.74
9/12/2010,17.25
10/12/2010,17.61
13/12/2010,17.55
14/12/2010,17.61
15/12/2010,17.94
16/12/2010,17.39
17/12/2010,16.11
20/12/2010,16.41
21/12/2010,16.49
22/12/2010,15.45
23/12/2010,16.47
24/12/2010,
27/12/2010,17.67
28/12/2010,17.52
29/12/2010,17.28
30/12/2010,17.52
31/12/2010,17.75
3/1/2011,17.61
4/1/2011,17.38
5/1/2011,17.02
6/1/2011,17.4
7/1/2011,17.14
10/1/2011,17.54
11/1/2011,16.89
12/1/2011,16.24
13/1/2011,16.39
14/1/2011,15.46
17/1/2011,
18/1/2011,15.87
19/1/2011,17.31
20/1/2011,17.99
21/1/2011,18.47
24/1/2011,17.65
25/1/2011,17.59
26/1/2011,16.64
27/1/2011,16.15
28/1/2011,20.04
31/1/2011,19.53
1/2/2011,17.63
2/2/2011,17.3
3/2/2011,16.69
4/2/2011,15.93
7/2/2011,16.28
8/2/2011,15.81
9/2/2011,15.87
10/2/2011,16.09
11/2/2011,15.69
14/2/2011,15.95
15/2/2011,16.37
16/2/2011,16.72
17/2/2011,16.59
18/2/2011,16.43
21/2/2011,
22/2/2011,20.8
23/2/2011,22.13
24/2/2011,21.32
25/2/2011,19.22
28/2/2011,18.35
1/3/2011,21.01
2/3/2011,20.7
3/3/2011,18.6
4/3/2011,19.06
7/3/2011,20.66
8/3/2011,19.82
9/3/2011,20.22
10/3/2011,21.88
11/3/2011,20.08
14/3/2011,21.13
15/3/2011,24.32
16/3/2011,29.4
17/3/2011,26.37
18/3/2011,24.44
21/3/2011,20.61
22/3/2011,20.21
23/3/2011,19.17
24/3/2011,18
25/3/2011,17.91
28/3/2011,19.44
29/3/2011,18.16
30/3/2011,17.71
31/3/2011,17.74
1/4/2011,17.4
4/4/2011,17.5
5/4/2011,17.25
6/4/2011,16.9
7/4/2011,17.11
8/4/2011,17.87
11/4/2011,16.59
12/4/2011,17.09
13/4/2011,16.92
14/4/2011,16.27
15/4/2011,15.32
18/4/2011,16.96
19/4/2011,15.83
20/4/2011,15.07
21/4/2011,14.69
22/4/2011,
25/4/2011,15.77
26/4/2011,15.62
27/4/2011,15.35
28/4/2011,14.62
29/4/2011,14.75
2/5/2011,15.99
3/5/2011,16.7
4/5/2011,17.08
5/5/2011,18.2
6/5/2011,18.4
9/5/2011,17.16
10/5/2011,15.91
11/5/2011,16.95
12/5/2011,16.03
13/5/2011,17.07
16/5/2011,18.24
17/5/2011,17.55
18/5/2011,16.23
19/5/2011,15.52
20/5/2011,17.43
23/5/2011,18.27
24/5/2011,17.82
25/5/2011,17.07
26/5/2011,16.09
27/5/2011,15.98
30/5/2011,
31/5/2011,15.45
1/6/2011,18.3
2/6/2011,18.09
3/6/2011,17.95
6/6/2011,18.49
7/6/2011,18.07
8/6/2011,18.79
9/6/2011,17.77
10/6/2011,18.86
13/6/2011,19.61
14/6/2011,18.26
15/6/2011,21.32
16/6/2011,22.73
17/6/2011,21.85
20/6/2011,19.99
21/6/2011,18.86
22/6/2011,18.52
23/6/2011,19.29
24/6/2011,21.1
27/6/2011,20.56
28/6/2011,19.17
29/6/2011,17.27
30/6/2011,16.52
1/7/2011,15.87
4/7/2011,
5/7/2011,16.06
6/7/2011,16.34
7/7/2011,15.95
8/7/2011,15.95
11/7/2011,18.39
12/7/2011,19.87
13/7/2011,19.91
14/7/2011,20.8
15/7/2011,19.53
18/7/2011,20.95
19/7/2011,19.21
20/7/2011,19.09
21/7/2011,17.56
22/7/2011,17.52
25/7/2011,19.35
26/7/2011,20.23
27/7/2011,22.98
28/7/2011,23.74
29/7/2011,25.25
1/8/2011,23.66
2/8/2011,24.79
3/8/2011,23.38
4/8/2011,31.66
5/8/2011,32
8/8/2011,48
9/8/2011,35.06
10/8/2011,42.99
11/8/2011,39
12/8/2011,36.36
15/8/2011,31.87
16/8/2011,32.85
17/8/2011,31.58
18/8/2011,42.67
19/8/2011,43.05
22/8/2011,42.44
23/8/2011,36.27
24/8/2011,35.9
25/8/2011,39.76
26/8/2011,35.59
29/8/2011,32.28
30/8/2011,32.89
31/8/2011,31.62
1/9/2011,31.82
2/9/2011,33.92
5/9/2011,
6/9/2011,37
7/9/2011,33.38
8/9/2011,34.32
9/9/2011,38.52
12/9/2011,38.59
13/9/2011,36.91
14/9/2011,34.6
15/9/2011,31.97
16/9/2011,30.98
19/9/2011,32.73
20/9/2011,32.86
21/9/2011,37.32
22/9/2011,41.35
23/9/2011,41.25
26/9/2011,39.02
27/9/2011,37.71
28/9/2011,41.08
29/9/2011,38.84
30/9/2011,42.96
3/10/2011,45.45
4/10/2011,40.82
5/10/2011,37.81
6/10/2011,36.27
7/10/2011,36.2
10/10/2011,33.02
11/10/2011,32.86
12/10/2011,31.26
13/10/2011,30.7
14/10/2011,28.24
17/10/2011,33.39
18/10/2011,31.56
19/10/2011,34.44
20/10/2011,34.78
21/10/2011,31.32
24/10/2011,29.26
25/10/2011,32.22
26/10/2011,29.86
27/10/2011,25.46
28/10/2011,24.53
31/10/2011,29.96
1/11/2011,34.77
2/11/2011,32.74
3/11/2011,30.5
4/11/2011,30.16
7/11/2011,29.85
8/11/2011,27.48
9/11/2011,36.16
10/11/2011,32.81
11/11/2011,30.04
14/11/2011,31.13
15/11/2011,31.22
16/11/2011,33.51
17/11/2011,34.51
18/11/2011,32
21/11/2011,32.91
22/11/2011,31.97
23/11/2011,33.98
24/11/2011,
25/11/2011,34.47
28/11/2011,32.13
29/11/2011,30.64
30/11/2011,27.8
1/12/2011,27.41
2/12/2011,27.52
5/12/2011,27.84
6/12/2011,28.13
7/12/2011,28.67
8/12/2011,30.59
9/12/2011,26.38
12/12/2011,25.67
13/12/2011,25.41
14/12/2011,26.04
15/12/2011,25.11
16/12/2011,24.29
19/12/2011,24.92
20/12/2011,23.22
21/12/2011,21.43
22/12/2011,21.16
23/12/2011,20.73
26/12/2011,
27/12/2011,21.91
28/12/2011,23.52
29/12/2011,22.65
30/12/2011,23.4
2/1/2012,
3/1/2012,22.97
4/1/2012,22.22
5/1/2012,21.48
6/1/2012,20.63
9/1/2012,21.07
10/1/2012,20.69
11/1/2012,21.05
12/1/2012,20.47
13/1/2012,20.91
16/1/2012,
17/1/2012,22.2
18/1/2012,20.89
19/1/2012,19.87
20/1/2012,18.28
23/1/2012,18.67
24/1/2012,18.91
25/1/2012,18.31
26/1/2012,18.57
27/1/2012,18.53
30/1/2012,19.4
31/1/2012,19.44
1/2/2012,18.55
2/2/2012,17.98
3/2/2012,17.1
6/2/2012,17.76
7/2/2012,17.65
8/2/2012,18.16
9/2/2012,18.63
10/2/2012,20.79
13/2/2012,19.04
14/2/2012,19.54
15/2/2012,21.14
16/2/2012,19.22
17/2/2012,17.78
20/2/2012,
21/2/2012,18.19
22/2/2012,18.19
23/2/2012,16.8
24/2/2012,17.31
27/2/2012,18.19
28/2/2012,17.96
29/2/2012,18.43
1/3/2012,17.26
2/3/2012,17.29
5/3/2012,18.05
6/3/2012,20.87
7/3/2012,19.07
8/3/2012,17.95
9/3/2012,17.11
12/3/2012,15.64
13/3/2012,14.8
14/3/2012,15.31
15/3/2012,15.42
16/3/2012,14.47
19/3/2012,15.04
20/3/2012,15.58
21/3/2012,15.13
22/3/2012,15.57
23/3/2012,14.82
26/3/2012,14.26
27/3/2012,15.59
28/3/2012,15.47
29/3/2012,15.48
30/3/2012,15.5
2/4/2012,15.64
3/4/2012,15.66
4/4/2012,16.44
5/4/2012,16.7
6/4/2012,
9/4/2012,18.81
10/4/2012,20.39
11/4/2012,20.02
12/4/2012,17.2
13/4/2012,19.55
16/4/2012,19.55
17/4/2012,18.46
18/4/2012,18.64
19/4/2012,18.36
20/4/2012,17.44
23/4/2012,18.97
24/4/2012,18.1
25/4/2012,16.82
26/4/2012,16.24
27/4/2012,16.32
30/4/2012,17.15
1/5/2012,16.6
2/5/2012,16.88
3/5/2012,17.56
4/5/2012,19.16
7/5/2012,18.94
8/5/2012,19.05
9/5/2012,20.08
10/5/2012,18.83
11/5/2012,19.89
14/5/2012,21.87
15/5/2012,21.97
16/5/2012,22.27
17/5/2012,24.49
18/5/2012,25.1
21/5/2012,22.01
22/5/2012,22.48
23/5/2012,22.33
24/5/2012,21.54
25/5/2012,21.76
28/5/2012,
29/5/2012,21.03
30/5/2012,24.14
31/5/2012,24.06
1/6/2012,26.66
4/6/2012,26.12
5/6/2012,24.68
6/6/2012,22.16
7/6/2012,21.72
8/6/2012,21.23
11/6/2012,23.56
12/6/2012,22.09
13/6/2012,24.27
14/6/2012,21.68
15/6/2012,21.11
18/6/2012,18.32
19/6/2012,18.38
20/6/2012,17.24
21/6/2012,20.08
22/6/2012,18.11
25/6/2012,20.38
26/6/2012,19.72
27/6/2012,19.45
28/6/2012,19.71
29/6/2012,17.08
2/7/2012,16.8
3/7/2012,16.66
4/7/2012,
5/7/2012,17.5
6/7/2012,17.1
9/7/2012,17.98
10/7/2012,18.72
11/7/2012,17.95
12/7/2012,18.33
13/7/2012,16.74
16/7/2012,17.11
17/7/2012,16.48
18/7/2012,16.16
19/7/2012,15.45
20/7/2012,16.27
23/7/2012,18.62
24/7/2012,20.47
25/7/2012,19.34
26/7/2012,17.53
27/7/2012,16.7
30/7/2012,18.03
31/7/2012,18.93
1/8/2012,18.96
2/8/2012,17.57
3/8/2012,15.64
6/8/2012,15.95
7/8/2012,15.99
8/8/2012,15.32
9/8/2012,15.28
10/8/2012,14.74
13/8/2012,13.7
14/8/2012,14.85
15/8/2012,14.63
16/8/2012,14.29
17/8/2012,13.45
20/8/2012,14.02
21/8/2012,15.02
22/8/2012,15.11
23/8/2012,15.96
24/8/2012,15.18
27/8/2012,16.35
28/8/2012,16.49
29/8/2012,17.06
30/8/2012,17.83
31/8/2012,17.47
3/9/2012,
4/9/2012,17.98
5/9/2012,17.74
6/9/2012,15.6
7/9/2012,14.38
10/9/2012,16.28
11/9/2012,16.41
12/9/2012,15.8
13/9/2012,14.05
14/9/2012,14.51
17/9/2012,14.59
18/9/2012,14.18
19/9/2012,13.88
20/9/2012,14.07
21/9/2012,13.98
24/9/2012,14.15
25/9/2012,15.43
26/9/2012,16.81
27/9/2012,14.84
28/9/2012,15.73
1/10/2012,16.32
2/10/2012,15.71
3/10/2012,15.43
4/10/2012,14.55
5/10/2012,14.33
8/10/2012,15.11
9/10/2012,16.37
10/10/2012,16.29
11/10/2012,15.59
12/10/2012,16.14
15/10/2012,15.27
16/10/2012,15.22
17/10/2012,15.07
18/10/2012,15.03
19/10/2012,17.06
22/10/2012,16.62
23/10/2012,18.83
24/10/2012,18.33
25/10/2012,18.12
26/10/2012,17.81
29/10/2012,
30/10/2012,
31/10/2012,18.6
1/11/2012,16.69
2/11/2012,17.59
5/11/2012,18.42
6/11/2012,17.58
7/11/2012,19.08
8/11/2012,18.49
9/11/2012,18.61
12/11/2012,16.68
13/11/2012,16.65
14/11/2012,17.92
15/11/2012,17.99
16/11/2012,16.41
19/11/2012,15.24
20/11/2012,15.08
21/11/2012,15.31
22/11/2012,
23/11/2012,15.14
26/11/2012,15.5
27/11/2012,15.92
28/11/2012,15.51
29/11/2012,15.06
30/11/2012,15.87
3/12/2012,16.64
4/12/2012,17.12
5/12/2012,16.46
6/12/2012,16.58
7/12/2012,15.9
10/12/2012,16.05
11/12/2012,15.57
12/12/2012,15.95
13/12/2012,16.56
14/12/2012,17
17/12/2012,16.34
18/12/2012,15.57
19/12/2012,17.36
20/12/2012,17.67
21/12/2012,17.84
24/12/2012,17.84
25/12/2012,
26/12/2012,19.48
27/12/2012,19.47
28/12/2012,22.72
31/12/2012,18.02
1/1/2013,
2/1/2013,14.68
3/1/2013,14.56
4/1/2013,13.83
7/1/2013,13.79
8/1/2013,13.62
9/1/2013,13.81
10/1/2013,13.49
11/1/2013,13.36
14/1/2013,13.52
15/1/2013,13.55
16/1/2013,13.42
17/1/2013,13.57
18/1/2013,12.46
21/1/2013,
22/1/2013,12.43
23/1/2013,12.46
24/1/2013,12.69
25/1/2013,12.89
28/1/2013,13.57
29/1/2013,13.31
30/1/2013,14.32
31/1/2013,14.28
1/2/2013,12.9
4/2/2013,14.67
5/2/2013,13.72
6/2/2013,13.41
7/2/2013,13.5
8/2/2013,13.02
11/2/2013,12.94
12/2/2013,12.64
13/2/2013,12.98
14/2/2013,12.66
15/2/2013,12.46
18/2/2013,
19/2/2013,12.31
20/2/2013,14.68
21/2/2013,15.22
22/2/2013,14.17
25/2/2013,18.99
26/2/2013,16.87
27/2/2013,14.73
28/2/2013,15.51
1/3/2013,15.36
4/3/2013,14.01
5/3/2013,13.48
6/3/2013,13.53
7/3/2013,13.06
8/3/2013,12.59
11/3/2013,11.56
12/3/2013,12.27
13/3/2013,11.83
14/3/2013,11.3
15/3/2013,11.3
18/3/2013,13.36
19/3/2013,14.39
20/3/2013,12.67
21/3/2013,13.99
22/3/2013,13.57
25/3/2013,13.74
26/3/2013,12.77
27/3/2013,13.15
28/3/2013,12.7
29/3/2013,
1/4/2013,13.58
2/4/2013,12.78
3/4/2013,14.21
4/4/2013,13.89
5/4/2013,13.92
8/4/2013,13.19
9/4/2013,12.84
10/4/2013,12.36
11/4/2013,12.24
12/4/2013,12.06
15/4/2013,17.27
16/4/2013,13.96
17/4/2013,16.51
18/4/2013,17.56
19/4/2013,14.97
22/4/2013,14.39
23/4/2013,13.48
24/4/2013,13.61
25/4/2013,13.62
26/4/2013,13.61
29/4/2013,13.71
30/4/2013,13.52
1/5/2013,14.49
2/5/2013,13.59
3/5/2013,12.85
6/5/2013,12.66
7/5/2013,12.83
8/5/2013,12.66
9/5/2013,13.13
10/5/2013,12.59
13/5/2013,12.55
14/5/2013,12.77
15/5/2013,12.81
16/5/2013,13.07
17/5/2013,12.45
20/5/2013,13.02
21/5/2013,13.37
22/5/2013,13.82
23/5/2013,14.07
24/5/2013,13.99
27/5/2013,
28/5/2013,14.48
29/5/2013,14.83
30/5/2013,14.53
31/5/2013,16.3
3/6/2013,16.28
4/6/2013,16.27
5/6/2013,17.5
6/6/2013,16.63
7/6/2013,15.14
10/6/2013,15.44
11/6/2013,17.07
12/6/2013,18.59
13/6/2013,16.41
14/6/2013,17.15
17/6/2013,16.8
18/6/2013,16.61
19/6/2013,16.64
20/6/2013,20.49
21/6/2013,18.9
24/6/2013,20.11
25/6/2013,18.47
26/6/2013,17.21
27/6/2013,16.86
28/6/2013,16.86
1/7/2013,16.37
2/7/2013,16.44
3/7/2013,16.2
4/7/2013,
5/7/2013,14.89
8/7/2013,14.78
9/7/2013,14.35
10/7/2013,14.21
11/7/2013,14.01
12/7/2013,13.84
15/7/2013,13.79
16/7/2013,14.42
17/7/2013,13.78
18/7/2013,13.77
19/7/2013,12.54
22/7/2013,12.29
23/7/2013,12.66
24/7/2013,13.18
25/7/2013,12.97
26/7/2013,12.72
29/7/2013,13.39
30/7/2013,13.39
31/7/2013,13.45
1/8/2013,12.94
2/8/2013,11.98
5/8/2013,11.84
6/8/2013,12.72
7/8/2013,12.98
8/8/2013,12.73
9/8/2013,13.41
12/8/2013,12.81
13/8/2013,12.31
14/8/2013,13.04
15/8/2013,14.73
16/8/2013,14.37
19/8/2013,15.1
20/8/2013,14.91
21/8/2013,15.94
22/8/2013,14.76
23/8/2013,13.98
26/8/2013,14.99
27/8/2013,16.77
28/8/2013,16.49
29/8/2013,16.81
30/8/2013,17.01
2/9/2013,
3/9/2013,16.61
4/9/2013,15.88
5/9/2013,15.77
6/9/2013,15.85
9/9/2013,15.63
10/9/2013,14.53
11/9/2013,13.82
12/9/2013,14.29
13/9/2013,14.16
16/9/2013,14.38
17/9/2013,14.53
18/9/2013,13.59
19/9/2013,13.16
20/9/2013,13.12
23/9/2013,14.31
24/9/2013,14.08
25/9/2013,14.01
26/9/2013,14.06
27/9/2013,15.46
30/9/2013,16.6
1/10/2013,15.54
2/10/2013,16.6
3/10/2013,17.67
4/10/2013,16.74
7/10/2013,19.41
8/10/2013,20.34
9/10/2013,19.6
10/10/2013,16.48
11/10/2013,15.72
14/10/2013,16.07
15/10/2013,18.66
16/10/2013,14.71
17/10/2013,13.48
18/10/2013,13.04
21/10/2013,13.16
22/10/2013,13.33
23/10/2013,13.42
24/10/2013,13.2
25/10/2013,13.09
28/10/2013,13.31
29/10/2013,13.41
30/10/2013,13.65
31/10/2013,13.75
1/11/2013,13.28
4/11/2013,12.93
5/11/2013,13.27
6/11/2013,12.67
7/11/2013,13.91
8/11/2013,12.9
11/11/2013,12.53
12/11/2013,12.82
13/11/2013,12.52
14/11/2013,12.37
15/11/2013,12.19
18/11/2013,13.1
19/11/2013,13.39
20/11/2013,13.4
21/11/2013,12.66
22/11/2013,12.26
25/11/2013,12.79
26/11/2013,12.81
27/11/2013,12.98
28/11/2013,
29/11/2013,13.7
2/12/2013,14.23
3/12/2013,14.55
4/12/2013,14.7
5/12/2013,15.08
6/12/2013,13.79
9/12/2013,13.49
10/12/2013,13.91
11/12/2013,15.42
12/12/2013,15.54
13/12/2013,15.76
16/12/2013,16.03
17/12/2013,16.21
18/12/2013,13.8
19/12/2013,14.15
20/12/2013,13.79
23/12/2013,13.04
24/12/2013,12.48
25/12/2013,
26/12/2013,12.33
27/12/2013,12.46
30/12/2013,13.56
31/12/2013,13.72
1/1/2014,
2/1/2014,14.23
3/1/2014,13.76
6/1/2014,13.55
7/1/2014,12.92
8/1/2014,12.87
9/1/2014,12.89
10/1/2014,12.14
13/1/2014,13.28
14/1/2014,12.28
15/1/2014,12.28
16/1/2014,12.53
17/1/2014,12.44
20/1/2014,
21/1/2014,12.87
22/1/2014,12.84
23/1/2014,13.77
24/1/2014,18.14
27/1/2014,17.42
28/1/2014,15.8
29/1/2014,17.35
30/1/2014,17.29
31/1/2014,18.41
3/2/2014,21.44
4/2/2014,19.11
5/2/2014,19.95
6/2/2014,17.23
7/2/2014,15.29
10/2/2014,15.26
11/2/2014,14.51
12/2/2014,14.3
13/2/2014,14.14
14/2/2014,13.57
17/2/2014,
18/2/2014,13.87
19/2/2014,15.5
20/2/2014,14.79
21/2/2014,14.68
24/2/2014,14.23
25/2/2014,13.67
26/2/2014,14.35
27/2/2014,14.04
28/2/2014,14
3/3/2014,16
4/3/2014,14.1
5/3/2014,13.89
6/3/2014,14.21
7/3/2014,14.11
10/3/2014,14.2
11/3/2014,14.8
12/3/2014,14.47
13/3/2014,16.22
14/3/2014,17.82
17/3/2014,15.64
18/3/2014,14.52
19/3/2014,15.12
20/3/2014,14.52
21/3/2014,15
24/3/2014,15.09
25/3/2014,14.02
26/3/2014,14.93
27/3/2014,14.62
28/3/2014,14.41
31/3/2014,13.88
1/4/2014,13.1
2/4/2014,13.09
3/4/2014,13.37
4/4/2014,13.96
7/4/2014,15.57
8/4/2014,14.89
9/4/2014,13.82
10/4/2014,15.89
11/4/2014,17.03
14/4/2014,16.11
15/4/2014,15.61
16/4/2014,14.18
17/4/2014,13.36
18/4/2014,
21/4/2014,13.25
22/4/2014,13.19
23/4/2014,13.27
24/4/2014,13.32
25/4/2014,14.06
28/4/2014,13.97
29/4/2014,13.71
30/4/2014,13.41
1/5/2014,13.25
2/5/2014,12.91
5/5/2014,13.29
6/5/2014,13.8
7/5/2014,13.4
8/5/2014,13.43
9/5/2014,12.92
12/5/2014,12.23
13/5/2014,12.13
14/5/2014,12.17
15/5/2014,13.17
16/5/2014,12.44
19/5/2014,12.42
20/5/2014,12.96
21/5/2014,11.91
22/5/2014,12.03
23/5/2014,11.36
26/5/2014,
27/5/2014,11.51
28/5/2014,11.68
29/5/2014,11.57
30/5/2014,11.4
2/6/2014,11.58
3/6/2014,11.87
4/6/2014,12.08
5/6/2014,11.68
6/6/2014,10.73
9/6/2014,11.15
10/6/2014,10.99
11/6/2014,11.6
12/6/2014,12.56
13/6/2014,12.18
16/6/2014,12.65
17/6/2014,12.06
18/6/2014,10.61
19/6/2014,10.62
20/6/2014,10.85
23/6/2014,10.98
24/6/2014,12.13
25/6/2014,11.59
26/6/2014,11.63
27/6/2014,11.26
30/6/2014,11.57
1/7/2014,11.15
2/7/2014,10.82
3/7/2014,10.32
4/7/2014,
7/7/2014,11.33
8/7/2014,11.98
9/7/2014,11.65
10/7/2014,12.59
11/7/2014,12.08
14/7/2014,11.82
15/7/2014,11.96
16/7/2014,11
17/7/2014,14.54
18/7/2014,12.06
21/7/2014,12.81
22/7/2014,12.24
23/7/2014,11.52
24/7/2014,11.84
25/7/2014,12.69
28/7/2014,12.56
29/7/2014,13.28
30/7/2014,13.33
31/7/2014,16.95
1/8/2014,17.03
4/8/2014,15.12
5/8/2014,16.87
6/8/2014,16.37
7/8/2014,16.66
8/8/2014,15.77
11/8/2014,14.23
12/8/2014,14.13
13/8/2014,12.9
14/8/2014,12.42
15/8/2014,13.15
18/8/2014,12.32
19/8/2014,12.21
20/8/2014,11.78
21/8/2014,11.76
22/8/2014,11.47
25/8/2014,11.7
26/8/2014,11.63
27/8/2014,11.78
28/8/2014,12.05
29/8/2014,11.98
1/9/2014,
2/9/2014,12.25
3/9/2014,12.36
4/9/2014,12.64
5/9/2014,12.09
8/9/2014,12.66
9/9/2014,13.5
10/9/2014,12.88
11/9/2014,12.8
12/9/2014,13.31
15/9/2014,14.12
16/9/2014,12.73
17/9/2014,12.65
18/9/2014,12.03
19/9/2014,12.11
22/9/2014,13.69
23/9/2014,14.93
24/9/2014,13.27
25/9/2014,15.64
26/9/2014,14.85
29/9/2014,15.98
30/9/2014,16.31
1/10/2014,16.71
2/10/2014,16.16
3/10/2014,14.55
6/10/2014,15.46
7/10/2014,17.2
8/10/2014,15.11
9/10/2014,18.76
10/10/2014,21.24
13/10/2014,24.64
14/10/2014,22.79
15/10/2014,26.25
16/10/2014,25.2
17/10/2014,21.99
20/10/2014,18.57
21/10/2014,16.08
22/10/2014,17.87
23/10/2014,16.53
24/10/2014,16.11
27/10/2014,16.04
28/10/2014,14.39
29/10/2014,15.15
30/10/2014,14.52
31/10/2014,14.03
3/11/2014,14.73
4/11/2014,14.89
5/11/2014,14.17
6/11/2014,13.67
7/11/2014,13.12
10/11/2014,12.67
11/11/2014,12.92
12/11/2014,13.02
13/11/2014,13.79
14/11/2014,13.31
17/11/2014,13.99
18/11/2014,13.86
19/11/2014,13.96
20/11/2014,13.58
21/11/2014,12.9
24/11/2014,12.62
25/11/2014,12.25
26/11/2014,12.07
27/11/2014,
28/11/2014,13.33
1/12/2014,14.29
2/12/2014,12.85
3/12/2014,12.47
4/12/2014,12.38
5/12/2014,11.82
8/12/2014,14.21
9/12/2014,14.89
10/12/2014,18.53
11/12/2014,20.08
12/12/2014,21.08
15/12/2014,20.42
16/12/2014,23.57
17/12/2014,19.44
18/12/2014,16.81
19/12/2014,16.49
22/12/2014,15.25
23/12/2014,14.8
24/12/2014,14.37
25/12/2014,
26/12/2014,14.5
29/12/2014,15.06
30/12/2014,15.92
31/12/2014,19.2
1/1/2015,
2/1/2015,17.79
5/1/2015,19.92
6/1/2015,21.12
7/1/2015,19.31
8/1/2015,17.01
9/1/2015,17.55
12/1/2015,19.6
13/1/2015,20.56
14/1/2015,21.48
15/1/2015,22.39
16/1/2015,20.95
19/1/2015,
20/1/2015,19.89
21/1/2015,18.85
22/1/2015,16.4
23/1/2015,16.66
26/1/2015,15.52
27/1/2015,17.22
28/1/2015,20.44
29/1/2015,18.76
30/1/2015,20.97
2/2/2015,19.43
3/2/2015,17.33
4/2/2015,18.33
5/2/2015,16.85
6/2/2015,17.29
9/2/2015,18.55
10/2/2015,17.23
11/2/2015,16.96
12/2/2015,15.34
13/2/2015,14.69
16/2/2015,
17/2/2015,15.8
18/2/2015,15.45
19/2/2015,15.29
20/2/2015,14.3
23/2/2015,14.56
24/2/2015,13.69
25/2/2015,13.84
26/2/2015,13.91
27/2/2015,13.34
2/3/2015,13.04
3/3/2015,13.86
4/3/2015,14.23
5/3/2015,14.04
6/3/2015,15.2
9/3/2015,15.06
10/3/2015,16.69
11/3/2015,16.87
12/3/2015,15.42
13/3/2015,16
16/3/2015,15.61
17/3/2015,15.66
18/3/2015,13.97
19/3/2015,14.07
20/3/2015,13.02
23/3/2015,13.41
24/3/2015,13.62
25/3/2015,15.44
26/3/2015,15.8
27/3/2015,15.07
30/3/2015,14.51
31/3/2015,15.29
1/4/2015,15.11
2/4/2015,14.67
3/4/2015,
6/4/2015,14.74
7/4/2015,14.78
8/4/2015,13.98
9/4/2015,13.09
10/4/2015,12.58
13/4/2015,13.94
14/4/2015,13.67
15/4/2015,12.84
16/4/2015,12.6
17/4/2015,13.89
20/4/2015,13.3
21/4/2015,13.25
22/4/2015,12.71
23/4/2015,12.48
24/4/2015,12.29
27/4/2015,13.12
28/4/2015,12.41
29/4/2015,13.39
30/4/2015,14.55
1/5/2015,12.7
4/5/2015,12.85
5/5/2015,14.31
6/5/2015,15.15
7/5/2015,15.13
8/5/2015,12.86
11/5/2015,13.85
12/5/2015,13.86
13/5/2015,13.76
14/5/2015,12.74
15/5/2015,12.38
18/5/2015,12.73
19/5/2015,12.85
20/5/2015,12.88
21/5/2015,12.11
22/5/2015,12.13
25/5/2015,
26/5/2015,14.06
27/5/2015,13.27
28/5/2015,13.31
29/5/2015,13.84
1/6/2015,13.97
2/6/2015,14.24
3/6/2015,13.66
4/6/2015,14.71
5/6/2015,14.21
8/6/2015,15.29
9/6/2015,14.47
10/6/2015,13.22
11/6/2015,12.85
12/6/2015,13.78
15/6/2015,15.39
16/6/2015,14.81
17/6/2015,14.5
18/6/2015,13.19
19/6/2015,13.96
22/6/2015,12.74
23/6/2015,12.11
24/6/2015,13.26
25/6/2015,14.01
26/6/2015,14.02
29/6/2015,18.85
30/6/2015,18.23
1/7/2015,16.09
2/7/2015,16.79
3/7/2015,
6/7/2015,17.01
7/7/2015,16.09
8/7/2015,19.66
9/7/2015,19.97
10/7/2015,16.83
13/7/2015,13.9
14/7/2015,13.37
15/7/2015,13.23
16/7/2015,12.11
17/7/2015,11.95
20/7/2015,12.25
21/7/2015,12.22
22/7/2015,12.12
23/7/2015,12.64
24/7/2015,13.74
27/7/2015,15.6
28/7/2015,13.44
29/7/2015,12.5
30/7/2015,12.13
31/7/2015,12.12
3/8/2015,12.56
4/8/2015,13
5/8/2015,12.51
6/8/2015,13.77
7/8/2015,13.39
10/8/2015,12.23
11/8/2015,13.71
12/8/2015,13.61
13/8/2015,13.49
14/8/2015,12.83
17/8/2015,13.02
18/8/2015,13.79
19/8/2015,15.25
20/8/2015,19.14
21/8/2015,28.03
24/8/2015,40.74
25/8/2015,36.02
26/8/2015,30.32
27/8/2015,26.1
28/8/2015,26.05
31/8/2015,28.43
1/9/2015,31.4
2/9/2015,26.09
3/9/2015,25.61
4/9/2015,27.8
7/9/2015,
8/9/2015,24.9
9/9/2015,26.23
10/9/2015,24.37
11/9/2015,23.2
14/9/2015,24.25
15/9/2015,22.54
16/9/2015,21.35
17/9/2015,21.14
18/9/2015,22.28
21/9/2015,20.14
22/9/2015,22.44
23/9/2015,22.13
24/9/2015,23.47
25/9/2015,23.62
28/9/2015,27.63
29/9/2015,26.83
30/9/2015,24.5
1/10/2015,22.55
2/10/2015,20.94
5/10/2015,19.54
6/10/2015,19.4
7/10/2015,18.4
8/10/2015,17.42
9/10/2015,17.08
12/10/2015,16.17
13/10/2015,17.67
14/10/2015,18.03
15/10/2015,16.05
16/10/2015,15.05
19/10/2015,14.98
20/10/2015,15.75
21/10/2015,16.7
22/10/2015,14.45
23/10/2015,14.46
26/10/2015,15.29
27/10/2015,15.43
28/10/2015,14.33
29/10/2015,14.61
30/10/2015,15.07
2/11/2015,14.15
3/11/2015,14.54
4/11/2015,15.51
5/11/2015,15.05
6/11/2015,14.33
9/11/2015,16.52
10/11/2015,15.29
11/11/2015,16.06
12/11/2015,18.37
13/11/2015,20.08
16/11/2015,18.16
17/11/2015,18.84
18/11/2015,16.85
19/11/2015,16.99
20/11/2015,15.47
23/11/2015,15.62
24/11/2015,15.93
25/11/2015,15.19
26/11/2015,
27/11/2015,15.12
30/11/2015,16.13
1/12/2015,14.67
2/12/2015,15.91
3/12/2015,18.11
4/12/2015,14.81
7/12/2015,15.84
8/12/2015,17.6
9/12/2015,19.61
10/12/2015,19.34
11/12/2015,24.39
14/12/2015,22.73
15/12/2015,20.95
16/12/2015,17.86
17/12/2015,18.94
18/12/2015,20.7
21/12/2015,18.7
22/12/2015,16.6
23/12/2015,15.57
24/12/2015,15.74
25/12/2015,
28/12/2015,16.91
29/12/2015,16.08
30/12/2015,17.29
31/12/2015,18.21
1/1/2016,
4/1/2016,20.7
5/1/2016,19.34
6/1/2016,20.59
7/1/2016,24.99
8/1/2016,27.01
11/1/2016,24.3
12/1/2016,22.47
13/1/2016,25.22
14/1/2016,23.95
15/1/2016,27.02
18/1/2016,
19/1/2016,26.05
20/1/2016,27.59
21/1/2016,26.69
22/1/2016,22.34
25/1/2016,24.15
26/1/2016,22.5
27/1/2016,23.11
28/1/2016,22.42
29/1/2016,20.2
1/2/2016,19.98
2/2/2016,21.98
3/2/2016,21.65
4/2/2016,21.84
5/2/2016,23.38
8/2/2016,26
9/2/2016,26.54
10/2/2016,26.29
11/2/2016,28.14
12/2/2016,25.4
15/2/2016,
16/2/2016,24.11
17/2/2016,22.31
18/2/2016,21.64
19/2/2016,20.53
22/2/2016,19.38
23/2/2016,20.98
24/2/2016,20.72
25/2/2016,19.11
26/2/2016,19.81
29/2/2016,20.55
1/3/2016,17.7
2/3/2016,17.09
3/3/2016,16.7
4/3/2016,16.86
7/3/2016,17.35
8/3/2016,18.67
9/3/2016,18.34
10/3/2016,18.05
11/3/2016,16.5
14/3/2016,16.92
15/3/2016,16.84
16/3/2016,14.99
17/3/2016,14.44
18/3/2016,14.02
21/3/2016,13.79
22/3/2016,14.17
23/3/2016,14.94
24/3/2016,14.74
25/3/2016,
28/3/2016,15.24
29/3/2016,13.82
30/3/2016,13.56
31/3/2016,13.95
1/4/2016,13.1
4/4/2016,14.12
5/4/2016,15.42
6/4/2016,14.09
7/4/2016,16.16
8/4/2016,15.36
11/4/2016,16.26
12/4/2016,14.85
13/4/2016,13.84
14/4/2016,13.72
15/4/2016,13.62
18/4/2016,13.35
19/4/2016,13.24
20/4/2016,13.28
21/4/2016,13.95
22/4/2016,13.22
25/4/2016,14.08
26/4/2016,13.96
27/4/2016,13.77
28/4/2016,15.22
29/4/2016,15.7
2/5/2016,14.68
3/5/2016,15.6
4/5/2016,16.05
5/5/2016,15.91
6/5/2016,14.72
9/5/2016,14.57
10/5/2016,13.63
11/5/2016,14.69
12/5/2016,14.41
13/5/2016,15.04
16/5/2016,14.68
17/5/2016,15.57
18/5/2016,15.95
19/5/2016,16.33
20/5/2016,15.2
23/5/2016,15.82
24/5/2016,14.42
25/5/2016,13.9
26/5/2016,13.43
27/5/2016,13.12
30/5/2016,
31/5/2016,14.19
1/6/2016,14.2
2/6/2016,13.63
3/6/2016,13.47
6/6/2016,13.65
7/6/2016,14.05
8/6/2016,14.08
9/6/2016,14.64
10/6/2016,17.03
13/6/2016,20.97
14/6/2016,20.5
15/6/2016,20.14
16/6/2016,19.37
17/6/2016,19.41
20/6/2016,18.37
21/6/2016,18.48
22/6/2016,21.17
23/6/2016,17.25
24/6/2016,25.76
27/6/2016,23.85
28/6/2016,18.75
29/6/2016,16.64
30/6/2016,15.63
1/7/2016,14.77
4/7/2016,
5/7/2016,15.58
6/7/2016,14.96
7/7/2016,14.76
8/7/2016,13.2
11/7/2016,13.54
12/7/2016,13.55
13/7/2016,13.04
14/7/2016,12.82
15/7/2016,12.67
18/7/2016,12.44
19/7/2016,11.97
20/7/2016,11.77
21/7/2016,12.74
22/7/2016,12.02
25/7/2016,12.87
26/7/2016,13.05
27/7/2016,12.83
28/7/2016,12.72
29/7/2016,11.87
1/8/2016,12.44
2/8/2016,13.37
3/8/2016,12.86
4/8/2016,12.42
5/8/2016,11.39
8/8/2016,11.5
9/8/2016,11.66
10/8/2016,12.05
11/8/2016,11.68
12/8/2016,11.55
15/8/2016,11.81
16/8/2016,12.64
17/8/2016,12.19
18/8/2016,11.43
19/8/2016,11.34
22/8/2016,12.27
23/8/2016,12.38
24/8/2016,13.45
25/8/2016,13.63
26/8/2016,13.65
29/8/2016,12.94
30/8/2016,13.12
31/8/2016,13.42
1/9/2016,13.48
2/9/2016,11.98
5/9/2016,
6/9/2016,12.02
7/9/2016,11.94
8/9/2016,12.51
9/9/2016,17.5
12/9/2016,15.16
13/9/2016,17.85
14/9/2016,18.14
15/9/2016,16.3
16/9/2016,15.37
19/9/2016,15.53
20/9/2016,15.92
21/9/2016,13.3
22/9/2016,12.02
23/9/2016,12.29
26/9/2016,14.5
27/9/2016,13.1
28/9/2016,12.39
29/9/2016,14.02
30/9/2016,13.29
3/10/2016,13.57
4/10/2016,13.63
5/10/2016,12.99
6/10/2016,12.84
7/10/2016,13.48
10/10/2016,13.38
11/10/2016,15.36
12/10/2016,15.91
13/10/2016,16.69
14/10/2016,16.12
17/10/2016,16.21
18/10/2016,15.28
19/10/2016,14.41
20/10/2016,13.75
21/10/2016,13.34
24/10/2016,13.02
25/10/2016,13.46
26/10/2016,14.24
27/10/2016,15.36
28/10/2016,16.19
31/10/2016,17.06
1/11/2016,18.56
2/11/2016,19.32
3/11/2016,22.08
4/11/2016,22.51
7/11/2016,18.71
8/11/2016,18.74
9/11/2016,14.38
10/11/2016,14.74
11/11/2016,14.17
14/11/2016,14.48
15/11/2016,13.37
16/11/2016,13.72
17/11/2016,13.35
18/11/2016,12.85
21/11/2016,12.42
22/11/2016,12.41
23/11/2016,12.43
24/11/2016,
25/11/2016,12.34
28/11/2016,13.15
29/11/2016,12.9
30/11/2016,13.33
1/12/2016,14.07
2/12/2016,14.12
5/12/2016,12.14
6/12/2016,11.79
7/12/2016,12.22
8/12/2016,12.64
9/12/2016,11.75
12/12/2016,12.64
13/12/2016,12.72
14/12/2016,13.19
15/12/2016,12.79
16/12/2016,12.2
19/12/2016,11.71
20/12/2016,11.45
21/12/2016,11.27
22/12/2016,11.43
23/12/2016,11.44
26/12/2016,
27/12/2016,11.99
28/12/2016,12.95
29/12/2016,13.37
30/12/2016,14.04
2/1/2017,
3/1/2017,12.85
4/1/2017,11.85
5/1/2017,11.67
6/1/2017,11.32
9/1/2017,11.56
10/1/2017,11.49
11/1/2017,11.26
12/1/2017,11.54
13/1/2017,11.23
16/1/2017,
17/1/2017,11.87
18/1/2017,12.48
19/1/2017,12.78
20/1/2017,11.54
23/1/2017,11.77
24/1/2017,11.07
25/1/2017,10.81
26/1/2017,10.63
27/1/2017,10.58
30/1/2017,11.88
31/1/2017,11.99
1/2/2017,11.81
2/2/2017,11.93
3/2/2017,10.97
6/2/2017,11.37
7/2/2017,11.29
8/2/2017,11.45
9/2/2017,10.88
10/2/2017,10.85
13/2/2017,11.07
14/2/2017,10.74
15/2/2017,11.97
16/2/2017,11.76
17/2/2017,11.49
20/2/2017,
21/2/2017,11.57
22/2/2017,11.74
23/2/2017,11.71
24/2/2017,11.47
27/2/2017,12.09
28/2/2017,12.92
1/3/2017,12.54
2/3/2017,11.81
3/3/2017,10.96
6/3/2017,11.24
7/3/2017,11.45
8/3/2017,11.86
9/3/2017,12.3
10/3/2017,11.66
13/3/2017,11.35
14/3/2017,12.3
15/3/2017,11.63
16/3/2017,11.21
17/3/2017,11.28
20/3/2017,11.34
21/3/2017,12.47
22/3/2017,12.81
23/3/2017,13.12
24/3/2017,12.96
27/3/2017,12.5
28/3/2017,11.53
29/3/2017,11.42
30/3/2017,11.54
31/3/2017,12.37
3/4/2017,12.38
4/4/2017,11.79
5/4/2017,12.89
6/4/2017,12.39
7/4/2017,12.87
10/4/2017,14.05
11/4/2017,15.07
12/4/2017,15.77
13/4/2017,15.96
14/4/2017,
17/4/2017,14.66
18/4/2017,14.42
19/4/2017,14.93
20/4/2017,14.15
21/4/2017,14.63
24/4/2017,10.84
25/4/2017,10.76
26/4/2017,10.85
27/4/2017,10.36
28/4/2017,10.82
1/5/2017,10.11
2/5/2017,10.59
3/5/2017,10.68
4/5/2017,10.46
5/5/2017,10.57
8/5/2017,9.77
9/5/2017,9.96
10/5/2017,10.21
11/5/2017,10.6
12/5/2017,10.4
15/5/2017,10.42
16/5/2017,10.65
17/5/2017,15.59
18/5/2017,14.66
19/5/2017,12.04
22/5/2017,10.93
23/5/2017,10.72
24/5/2017,10.02
25/5/2017,9.99
26/5/2017,9.81
29/5/2017,
30/5/2017,10.38
31/5/2017,10.41
1/6/2017,9.89
2/6/2017,9.75
5/6/2017,10.07
6/6/2017,10.45
7/6/2017,10.39
8/6/2017,10.16
9/6/2017,10.7
12/6/2017,11.46
13/6/2017,10.42
14/6/2017,10.64
15/6/2017,10.9
16/6/2017,10.38
19/6/2017,10.37
20/6/2017,10.86
21/6/2017,10.75
22/6/2017,10.48
23/6/2017,10.02
26/6/2017,9.9
27/6/2017,11.06
28/6/2017,10.03
29/6/2017,11.44
30/6/2017,11.18
3/7/2017,11.22
4/7/2017,
5/7/2017,11.07
6/7/2017,12.54
7/7/2017,11.19
10/7/2017,11.11
11/7/2017,10.89
12/7/2017,10.3
13/7/2017,9.9
14/7/2017,9.51
17/7/2017,9.82
18/7/2017,9.89
19/7/2017,9.79
20/7/2017,9.58
21/7/2017,9.36
24/7/2017,9.43
25/7/2017,9.43
26/7/2017,9.6
27/7/2017,10.11
28/7/2017,10.29
31/7/2017,10.26
1/8/2017,10.09
2/8/2017,10.28
3/8/2017,10.44
4/8/2017,10.03
7/8/2017,9.93
8/8/2017,10.96
9/8/2017,11.11
10/8/2017,16.04
11/8/2017,15.51
14/8/2017,12.33
15/8/2017,12.04
16/8/2017,11.74
17/8/2017,15.55
18/8/2017,14.26
21/8/2017,13.19
22/8/2017,11.35
23/8/2017,12.25
24/8/2017,12.23
25/8/2017,11.28
28/8/2017,11.32
29/8/2017,11.7
30/8/2017,11.22
31/8/2017,10.59
1/9/2017,10.13
4/9/2017,
5/9/2017,12.23
6/9/2017,11.63
7/9/2017,11.55
8/9/2017,12.12
11/9/2017,10.73
12/9/2017,10.58
13/9/2017,10.5
14/9/2017,10.44
15/9/2017,10.17
18/9/2017,10.15
19/9/2017,10.18
20/9/2017,9.78
21/9/2017,9.67
22/9/2017,9.59
25/9/2017,10.21
26/9/2017,10.17
27/9/2017,9.87
28/9/2017,9.55
29/9/2017,9.51
2/10/2017,9.45
3/10/2017,9.51
4/10/2017,9.63
5/10/2017,9.19
6/10/2017,9.65
9/10/2017,10.33
10/10/2017,10.08
11/10/2017,9.85
12/10/2017,9.91
13/10/2017,9.61
16/10/2017,9.91
17/10/2017,10.31
18/10/2017,10.07
19/10/2017,10.05
20/10/2017,9.97
23/10/2017,11.07
24/10/2017,11.16
25/10/2017,11.23
26/10/2017,11.3
27/10/2017,9.8
30/10/2017,10.5
31/10/2017,10.18
1/11/2017,10.2
2/11/2017,9.93
3/11/2017,9.14
6/11/2017,9.4
7/11/2017,9.89
8/11/2017,9.78
9/11/2017,10.5
10/11/2017,11.29
13/11/2017,11.5
14/11/2017,11.59
15/11/2017,13.13
16/11/2017,11.76
17/11/2017,11.43
20/11/2017,10.65
21/11/2017,9.73
22/11/2017,9.88
23/11/2017,
24/11/2017,9.67
27/11/2017,9.87
28/11/2017,10.03
29/11/2017,10.7
30/11/2017,11.28
1/12/2017,11.43
4/12/2017,11.68
5/12/2017,11.33
6/12/2017,11.02
7/12/2017,10.16
8/12/2017,9.58
11/12/2017,9.34
12/12/2017,9.92
13/12/2017,10.18
14/12/2017,10.49
15/12/2017,9.42
18/12/2017,9.53
19/12/2017,10.03
20/12/2017,9.72
21/12/2017,9.62
22/12/2017,9.9
25/12/2017,
26/12/2017,10.25
27/12/2017,10.47
28/12/2017,10.18
29/12/2017,11.04
1/1/2018,
2/1/2018,9.77
3/1/2018,9.15
4/1/2018,9.22
5/1/2018,9.22
8/1/2018,9.52
9/1/2018,10.08
10/1/2018,9.82
11/1/2018,9.88
12/1/2018,10.16
15/1/2018,
16/1/2018,11.66
17/1/2018,11.91
18/1/2018,12.22
19/1/2018,11.27
22/1/2018,11.03
23/1/2018,11.1
24/1/2018,11.47
25/1/2018,11.58
26/1/2018,11.08
29/1/2018,13.84
30/1/2018,14.79
31/1/2018,13.54
1/2/2018,13.47
2/2/2018,17.31
5/2/2018,37.32
6/2/2018,29.98
7/2/2018,27.73
8/2/2018,33.46
9/2/2018,29.06
12/2/2018,25.61
13/2/2018,24.97
14/2/2018,19.26
15/2/2018,19.13
16/2/2018,19.46
19/2/2018,
20/2/2018,20.6
21/2/2018,20.02
22/2/2018,18.72
23/2/2018,16.49
26/2/2018,15.8
27/2/2018,18.59
28/2/2018,19.85
1/3/2018,22.47
2/3/2018,19.59
5/3/2018,18.73
6/3/2018,18.36
7/3/2018,17.76
8/3/2018,16.54
9/3/2018,14.64
12/3/2018,15.78
13/3/2018,16.35
14/3/2018,17.23
15/3/2018,16.59
16/3/2018,15.8
19/3/2018,19.02
20/3/2018,18.2
21/3/2018,17.86
22/3/2018,23.34
23/3/2018,24.87
26/3/2018,21.03
27/3/2018,22.5
28/3/2018,22.87
29/3/2018,19.97
30/3/2018,
2/4/2018,23.62
3/4/2018,21.1
4/4/2018,20.06
5/4/2018,18.94
6/4/2018,21.49
9/4/2018,21.77
10/4/2018,20.47
11/4/2018,20.24
12/4/2018,18.49
13/4/2018,17.41
16/4/2018,16.56
17/4/2018,15.25
18/4/2018,15.6
19/4/2018,15.96
20/4/2018,16.88
23/4/2018,16.34
24/4/2018,18.02
25/4/2018,17.84
26/4/2018,16.24
27/4/2018,15.41
30/4/2018,15.93
1/5/2018,15.49
2/5/2018,15.97
3/5/2018,15.9
4/5/2018,14.77
7/5/2018,14.75
8/5/2018,14.71
9/5/2018,13.42
10/5/2018,13.23
11/5/2018,12.65
14/5/2018,12.93
15/5/2018,14.63
16/5/2018,13.42
17/5/2018,13.43
18/5/2018,13.42
21/5/2018,13.08
22/5/2018,13.22
23/5/2018,12.58
24/5/2018,12.53
25/5/2018,13.22
28/5/2018,
29/5/2018,17.02
30/5/2018,14.94
31/5/2018,15.43
1/6/2018,13.46
4/6/2018,12.74
5/6/2018,12.4
6/6/2018,11.64
7/6/2018,12.13
8/6/2018,12.18
11/6/2018,12.35
12/6/2018,12.34
13/6/2018,12.94
14/6/2018,12.12
15/6/2018,11.98
18/6/2018,12.31
19/6/2018,13.35
20/6/2018,12.79
21/6/2018,14.64
22/6/2018,13.77
25/6/2018,17.33
26/6/2018,15.92
27/6/2018,17.91
28/6/2018,16.85
29/6/2018,16.09
2/7/2018,15.6
3/7/2018,16.14
4/7/2018,
5/7/2018,14.97
6/7/2018,13.37
9/7/2018,12.69
10/7/2018,12.64
11/7/2018,13.63
12/7/2018,12.58
13/7/2018,12.18
16/7/2018,12.83
17/7/2018,12.06
18/7/2018,12.1
19/7/2018,12.87
20/7/2018,12.86
23/7/2018,12.62
24/7/2018,12.41
25/7/2018,12.29
26/7/2018,12.14
27/7/2018,13.03
30/7/2018,14.26
31/7/2018,12.83
1/8/2018,13.15
2/8/2018,12.19
3/8/2018,11.64
6/8/2018,11.27
7/8/2018,10.93
8/8/2018,10.85
9/8/2018,11.27
10/8/2018,13.16
13/8/2018,14.78
14/8/2018,13.31
15/8/2018,14.64
16/8/2018,13.45
17/8/2018,12.64
20/8/2018,12.49
21/8/2018,12.86
22/8/2018,12.25
23/8/2018,12.41
24/8/2018,11.99
27/8/2018,12.16
28/8/2018,12.5
29/8/2018,12.25
30/8/2018,13.53
31/8/2018,12.86
3/9/2018,
4/9/2018,13.16
5/9/2018,13.91
6/9/2018,14.65
7/9/2018,14.88
10/9/2018,14.16
11/9/2018,13.22
12/9/2018,13.14
13/9/2018,12.37
14/9/2018,12.07
17/9/2018,13.68
18/9/2018,12.79
19/9/2018,11.75
20/9/2018,11.8
21/9/2018,11.68
24/9/2018,12.2
25/9/2018,12.42
26/9/2018,12.89
27/9/2018,12.41
28/9/2018,12.12
1/10/2018,12
2/10/2018,12.05
3/10/2018,11.61
4/10/2018,14.22
5/10/2018,14.82
8/10/2018,15.69
9/10/2018,15.95
10/10/2018,22.96
11/10/2018,24.98
12/10/2018,21.31
15/10/2018,21.3
16/10/2018,17.62
17/10/2018,17.4
18/10/2018,20.06
19/10/2018,19.89
22/10/2018,19.64
23/10/2018,20.71
24/10/2018,25.23
25/10/2018,24.22
26/10/2018,24.16
29/10/2018,24.7
30/10/2018,23.35
31/10/2018,21.23
1/11/2018,19.34
2/11/2018,19.51
5/11/2018,19.96
6/11/2018,19.91
7/11/2018,16.36
8/11/2018,16.72
9/11/2018,17.36
12/11/2018,20.45
13/11/2018,20.02
14/11/2018,21.25
15/11/2018,19.98
16/11/2018,18.14
19/11/2018,20.1
20/11/2018,22.48
21/11/2018,20.8
22/11/2018,
23/11/2018,21.52
26/11/2018,18.9
27/11/2018,19.02
28/11/2018,18.49
29/11/2018,18.79
30/11/2018,18.07
3/12/2018,16.44
4/12/2018,20.74
5/12/2018,
6/12/2018,21.19
7/12/2018,23.23
10/12/2018,22.64
11/12/2018,21.76
12/12/2018,21.46
13/12/2018,20.65
14/12/2018,21.63
17/12/2018,24.52
18/12/2018,25.58
19/12/2018,25.58
20/12/2018,28.38
21/12/2018,30.11
24/12/2018,36.07
25/12/2018,
26/12/2018,30.41
27/12/2018,29.96
28/12/2018,28.34
31/12/2018,25.42
1/1/2019,
2/1/2019,23.22
3/1/2019,25.45
4/1/2019,21.38
7/1/2019,21.4
8/1/2019,20.47
9/1/2019,19.98
10/1/2019,19.5
11/1/2019,18.19
14/1/2019,19.07
15/1/2019,18.6
16/1/2019,19.04
17/1/2019,18.06
18/1/2019,17.8
21/1/2019,
22/1/2019,20.8
23/1/2019,19.52
24/1/2019,18.89
25/1/2019,17.42
28/1/2019,18.87
29/1/2019,19.13
30/1/2019,17.66
31/1/2019,16.57
1/2/2019,16.14
4/2/2019,15.73
5/2/2019,15.57
6/2/2019,15.38
7/2/2019,16.37
8/2/2019,15.72
11/2/2019,15.97
12/2/2019,15.43
13/2/2019,15.65
14/2/2019,16.22
15/2/2019,14.91
18/2/2019,
19/2/2019,14.88
20/2/2019,14.02
21/2/2019,14.46
22/2/2019,13.51
25/2/2019,14.85
26/2/2019,15.17
27/2/2019,14.7
28/2/2019,14.78
1/3/2019,13.57
4/3/2019,14.63
5/3/2019,14.74
6/3/2019,15.74
7/3/2019,16.59
8/3/2019,16.05
11/3/2019,14.33
12/3/2019,13.77
13/3/2019,13.41
14/3/2019,13.5
15/3/2019,12.88
18/3/2019,13.1
19/3/2019,13.56
20/3/2019,13.91
21/3/2019,13.63
22/3/2019,16.48
25/3/2019,16.33
26/3/2019,14.68
27/3/2019,15.15
28/3/2019,14.43
29/3/2019,13.71
1/4/2019,13.4
2/4/2019,13.36
3/4/2019,13.74
4/4/2019,13.58
5/4/2019,12.82
8/4/2019,13.18
9/4/2019,14.28
10/4/2019,13.3
11/4/2019,13.02
12/4/2019,12.01
15/4/2019,12.32
16/4/2019,12.18
17/4/2019,12.6
18/4/2019,12.09
19/4/2019,
22/4/2019,12.42
23/4/2019,12.28
24/4/2019,13.14
25/4/2019,13.25
26/4/2019,12.73
29/4/2019,13.11
30/4/2019,13.12
1/5/2019,14.8
2/5/2019,14.42
3/5/2019,12.87
6/5/2019,15.44
7/5/2019,19.32
8/5/2019,19.4
9/5/2019,19.1
10/5/2019,16.04
13/5/2019,20.55
14/5/2019,18.06
15/5/2019,16.44
16/5/2019,15.29
17/5/2019,15.96
20/5/2019,16.31
21/5/2019,14.95
22/5/2019,14.75
23/5/2019,16.92
24/5/2019,15.85
27/5/2019,
28/5/2019,17.5
29/5/2019,17.9
30/5/2019,17.3
31/5/2019,18.71
3/6/2019,18.86
4/6/2019,16.97
5/6/2019,16.09
6/6/2019,15.93
7/6/2019,16.3
10/6/2019,15.94
11/6/2019,15.99
12/6/2019,15.91
13/6/2019,15.82
14/6/2019,15.28
17/6/2019,15.35
18/6/2019,15.15
19/6/2019,14.33
20/6/2019,14.75
21/6/2019,15.4
24/6/2019,15.26
25/6/2019,16.28
26/6/2019,16.21
27/6/2019,15.82
28/6/2019,15.08
1/7/2019,14.06
2/7/2019,12.93
3/7/2019,12.57
4/7/2019,
5/7/2019,13.28
8/7/2019,13.96
9/7/2019,14.09
10/7/2019,13.03
11/7/2019,12.93
12/7/2019,12.39
15/7/2019,12.68
16/7/2019,12.86
17/7/2019,13.97
18/7/2019,13.53
19/7/2019,14.45
22/7/2019,13.53
23/7/2019,12.61
24/7/2019,12.07
25/7/2019,12.74
26/7/2019,12.16
29/7/2019,12.83
30/7/2019,13.94
31/7/2019,16.12
1/8/2019,17.87
2/8/2019,17.61
5/8/2019,24.59
6/8/2019,20.17
7/8/2019,19.49
8/8/2019,16.91
9/8/2019,17.97
12/8/2019,21.09
13/8/2019,17.52
14/8/2019,22.1
15/8/2019,21.18
16/8/2019,18.47
19/8/2019,16.88
20/8/2019,17.5
21/8/2019,15.8
22/8/2019,16.68
23/8/2019,19.87
26/8/2019,19.32
27/8/2019,20.31
28/8/2019,19.35
29/8/2019,17.88
30/8/2019,18.98
2/9/2019,
3/9/2019,19.66
4/9/2019,17.33
5/9/2019,16.27
6/9/2019,15
9/9/2019,15.27
10/9/2019,15.2
11/9/2019,14.61
12/9/2019,14.22
13/9/2019,13.74
16/9/2019,14.67
17/9/2019,14.44
18/9/2019,13.95
19/9/2019,14.05
20/9/2019,15.32
23/9/2019,14.91
24/9/2019,17.05
25/9/2019,15.96
26/9/2019,16.07
27/9/2019,17.22
30/9/2019,16.24
1/10/2019,18.56
2/10/2019,20.56
3/10/2019,19.12
4/10/2019,17.04
7/10/2019,17.86
8/10/2019,20.28
9/10/2019,18.64
10/10/2019,17.57
11/10/2019,15.58
14/10/2019,14.57
15/10/2019,13.54
16/10/2019,13.68
17/10/2019,13.79
18/10/2019,14.25
21/10/2019,14
22/10/2019,14.46
23/10/2019,14.01
24/10/2019,13.71
25/10/2019,12.65
28/10/2019,13.11
29/10/2019,13.2
30/10/2019,12.33
31/10/2019,13.22
1/11/2019,12.3
4/11/2019,12.83
5/11/2019,13.1
6/11/2019,12.62
7/11/2019,12.73
8/11/2019,12.07
11/11/2019,12.69
12/11/2019,12.68
13/11/2019,13
14/11/2019,13.05
15/11/2019,12.05
18/11/2019,12.46
19/11/2019,12.86
20/11/2019,12.78
21/11/2019,13.13
22/11/2019,12.34
25/11/2019,11.87
26/11/2019,11.54
27/11/2019,11.75
28/11/2019,
29/11/2019,12.62
2/12/2019,14.91
3/12/2019,15.96
4/12/2019,14.8
5/12/2019,14.52
6/12/2019,13.62
9/12/2019,15.86
10/12/2019,15.68
11/12/2019,14.99
12/12/2019,13.94
13/12/2019,12.63
16/12/2019,12.14
17/12/2019,12.29
18/12/2019,12.58
19/12/2019,12.5
20/12/2019,12.51
23/12/2019,12.61
24/12/2019,12.67
25/12/2019,
26/12/2019,12.65
27/12/2019,13.43
30/12/2019,14.82
31/12/2019,13.78
1/1/2020,
2/1/2020,12.47
3/1/2020,14.02
6/1/2020,13.85
7/1/2020,13.79
8/1/2020,13.45
9/1/2020,12.54
10/1/2020,12.56
13/1/2020,12.32
14/1/2020,12.39
15/1/2020,12.42
16/1/2020,12.32
17/1/2020,12.1
20/1/2020,
21/1/2020,12.85
22/1/2020,12.91
23/1/2020,12.98
24/1/2020,14.56
27/1/2020,18.23
28/1/2020,16.28
29/1/2020,16.39
30/1/2020,15.49
31/1/2020,18.84
3/2/2020,17.97
4/2/2020,16.05
5/2/2020,15.15
6/2/2020,14.96
7/2/2020,15.47
10/2/2020,15.04
11/2/2020,15.18
12/2/2020,13.74
13/2/2020,14.15
14/2/2020,13.68
17/2/2020,
18/2/2020,14.83
19/2/2020,14.38
20/2/2020,15.56
21/2/2020,17.08
24/2/2020,25.03
25/2/2020,27.85
26/2/2020,27.56
27/2/2020,39.16
28/2/2020,40.11
2/3/2020,33.42
3/3/2020,36.82
4/3/2020,31.99
5/3/2020,39.62
6/3/2020,41.94
9/3/2020,54.46
10/3/2020,47.3
11/3/2020,53.9
12/3/2020,75.47
13/3/2020,57.83
16/3/2020,82.69
17/3/2020,75.91
18/3/2020,76.45
19/3/2020,72
20/3/2020,66.04
23/3/2020,61.59
24/3/2020,61.67
25/3/2020,63.95
26/3/2020,61
27/3/2020,65.54
30/3/2020,57.08
31/3/2020,53.54
1/4/2020,57.06
2/4/2020,50.91
3/4/2020,46.8
6/4/2020,45.24
7/4/2020,46.7
8/4/2020,43.35
9/4/2020,41.67
10/4/2020,
13/4/2020,41.17
14/4/2020,37.76
15/4/2020,40.84
16/4/2020,40.11
17/4/2020,38.15
20/4/2020,43.83
21/4/2020,45.41
22/4/2020,41.98
23/4/2020,41.38
24/4/2020,35.93
27/4/2020,33.29
28/4/2020,33.57
29/4/2020,31.23
30/4/2020,34.15
1/5/2020,37.19
4/5/2020,35.97
5/5/2020,33.61
6/5/2020,34.12
7/5/2020,31.44
8/5/2020,27.98
11/5/2020,27.57
12/5/2020,33.04
13/5/2020,35.28
14/5/2020,32.61
15/5/2020,31.89
18/5/2020,29.3
19/5/2020,30.53
20/5/2020,27.99
21/5/2020,29.53
22/5/2020,28.16
25/5/2020,
26/5/2020,28.01
27/5/2020,27.62
28/5/2020,28.59
29/5/2020,27.51
1/6/2020,28.23
2/6/2020,26.84
3/6/2020,25.66
4/6/2020,25.81
5/6/2020,24.52
8/6/2020,25.81
9/6/2020,27.57
10/6/2020,27.57
11/6/2020,40.79
12/6/2020,36.09
15/6/2020,34.4
16/6/2020,33.67
17/6/2020,33.47
18/6/2020,32.94
19/6/2020,35.12
22/6/2020,31.77
23/6/2020,31.37
24/6/2020,33.84
25/6/2020,32.22
26/6/2020,34.73
29/6/2020,31.78
30/6/2020,30.43
1/7/2020,28.62
2/7/2020,27.68
3/7/2020,
6/7/2020,27.94
7/7/2020,29.43
8/7/2020,28.08
9/7/2020,29.26
10/7/2020,27.29
13/7/2020,32.19
14/7/2020,29.52
15/7/2020,27.76
16/7/2020,28
17/7/2020,25.68
20/7/2020,24.46
21/7/2020,24.84
22/7/2020,24.32
23/7/2020,26.08
24/7/2020,25.84
27/7/2020,24.74
28/7/2020,25.44
29/7/2020,24.1
30/7/2020,24.76
31/7/2020,24.46
3/8/2020,24.28
4/8/2020,23.76
5/8/2020,22.99
6/8/2020,22.65
7/8/2020,22.21
10/8/2020,22.13
11/8/2020,24.03
12/8/2020,22.28
13/8/2020,22.13
14/8/2020,22.05
17/8/2020,21.35
18/8/2020,21.51
19/8/2020,22.54
20/8/2020,22.72
21/8/2020,22.54
24/8/2020,22.37
25/8/2020,22.03
26/8/2020,23.27
27/8/2020,24.47
28/8/2020,22.96
31/8/2020,26.41
1/9/2020,26.12
2/9/2020,26.57
3/9/2020,33.6
4/9/2020,30.75
7/9/2020,
8/9/2020,31.46
9/9/2020,28.81
10/9/2020,29.71
11/9/2020,26.87
14/9/2020,25.85
15/9/2020,25.59
16/9/2020,26.04
17/9/2020,26.46
18/9/2020,25.83
21/9/2020,27.78
22/9/2020,26.86
23/9/2020,28.58
24/9/2020,28.51
25/9/2020,26.38
28/9/2020,26.19
29/9/2020,26.27
30/9/2020,26.37
1/10/2020,26.7
2/10/2020,27.63
5/10/2020,27.96
6/10/2020,29.48
7/10/2020,28.06
8/10/2020,26.36
9/10/2020,25
12/10/2020,25.07
13/10/2020,26.07
14/10/2020,26.4
15/10/2020,26.97
16/10/2020,27.41
19/10/2020,29.18
20/10/2020,29.35
21/10/2020,28.65
22/10/2020,28.11
23/10/2020,27.55
26/10/2020,32.46
27/10/2020,33.35
28/10/2020,40.28
29/10/2020,37.59
30/10/2020,38.02
2/11/2020,37.13
3/11/2020,35.55
4/11/2020,29.57
5/11/2020,27.58
6/11/2020,24.86
9/11/2020,25.75
10/11/2020,24.8
11/11/2020,23.45
12/11/2020,25.35
13/11/2020,23.1
16/11/2020,22.45
17/11/2020,22.71
18/11/2020,23.84
19/11/2020,23.11
20/11/2020,23.7
23/11/2020,22.66
24/11/2020,21.64
25/11/2020,21.25
26/11/2020,
27/11/2020,20.84
30/11/2020,20.57
1/12/2020,20.77
2/12/2020,21.17
3/12/2020,21.28
4/12/2020,20.79
7/12/2020,21.3
8/12/2020,20.68
9/12/2020,22.27
10/12/2020,22.52
11/12/2020,23.31
14/12/2020,24.72
15/12/2020,22.89
16/12/2020,22.5
17/12/2020,21.93
18/12/2020,21.57
21/12/2020,25.16
22/12/2020,24.23
23/12/2020,23.31
24/12/2020,21.53
25/12/2020,
28/12/2020,21.7
29/12/2020,23.08
30/12/2020,22.77
31/12/2020,22.75
1/1/2021,
4/1/2021,26.97
5/1/2021,25.34
6/1/2021,25.07
7/1/2021,22.37
8/1/2021,21.56
11/1/2021,24.08
12/1/2021,23.33
13/1/2021,22.21
14/1/2021,23.25
15/1/2021,24.34
18/1/2021,
19/1/2021,23.24
20/1/2021,21.58
21/1/2021,21.32
22/1/2021,21.91
25/1/2021,23.19
26/1/2021,23.02
27/1/2021,37.21
28/1/2021,30.21
29/1/2021,33.09
1/2/2021,30.24
2/2/2021,25.56
3/2/2021,22.91
4/2/2021,21.77
5/2/2021,20.87
8/2/2021,21.24
9/2/2021,21.63
10/2/2021,21.99
11/2/2021,21.25
12/2/2021,19.97
15/2/2021,
16/2/2021,21.46
17/2/2021,21.5
18/2/2021,22.49
19/2/2021,22.05
22/2/2021,23.45
23/2/2021,23.11
24/2/2021,21.34
25/2/2021,28.89
26/2/2021,27.95
1/3/2021,23.35
2/3/2021,24.1
3/3/2021,26.67
4/3/2021,28.57
5/3/2021,24.66
8/3/2021,25.47
9/3/2021,24.03
10/3/2021,22.56
11/3/2021,21.91
12/3/2021,20.69
15/3/2021,20.03
16/3/2021,19.79
17/3/2021,19.23
18/3/2021,21.58
19/3/2021,20.95
22/3/2021,18.88
23/3/2021,20.3
24/3/2021,21.2
25/3/2021,19.81
26/3/2021,18.86
29/3/2021,20.74
30/3/2021,19.61
31/3/2021,19.4
1/4/2021,17.33
2/4/2021,
5/4/2021,17.91
6/4/2021,18.12
7/4/2021,17.16
8/4/2021,16.95
9/4/2021,16.69
12/4/2021,16.91
13/4/2021,16.65
14/4/2021,16.99
15/4/2021,16.57
16/4/2021,16.25
19/4/2021,17.29
20/4/2021,18.68
21/4/2021,17.5
22/4/2021,18.71
23/4/2021,17.33
26/4/2021,17.64
27/4/2021,17.56
28/4/2021,17.28
29/4/2021,17.61
30/4/2021,18.61
3/5/2021,18.31
4/5/2021,19.48
5/5/2021,19.15
6/5/2021,18.39
7/5/2021,16.69
10/5/2021,19.66
11/5/2021,21.84
12/5/2021,27.59
13/5/2021,23.13
14/5/2021,18.81
17/5/2021,19.72
18/5/2021,21.34
19/5/2021,22.18
20/5/2021,20.67
21/5/2021,20.15
24/5/2021,18.4
25/5/2021,18.84
26/5/2021,17.36
27/5/2021,16.74
28/5/2021,16.76
31/5/2021,
1/6/2021,17.9
2/6/2021,17.48
3/6/2021,18.04
4/6/2021,16.42
7/6/2021,16.42
8/6/2021,17.07
9/6/2021,17.89
10/6/2021,16.1
11/6/2021,15.65
14/6/2021,16.39
15/6/2021,17.02
16/6/2021,18.15
17/6/2021,17.75
18/6/2021,20.7
21/6/2021,17.89
22/6/2021,16.66
23/6/2021,16.32
24/6/2021,15.97
25/6/2021,15.62
28/6/2021,15.76
29/6/2021,16.02
30/6/2021,15.83
1/7/2021,15.48
2/7/2021,15.07
5/7/2021,
6/7/2021,16.44
7/7/2021,16.2
8/7/2021,19
9/7/2021,16.18
12/7/2021,16.17
13/7/2021,17.12
14/7/2021,16.33
15/7/2021,17.01
16/7/2021,18.45
19/7/2021,22.5
20/7/2021,19.73
21/7/2021,17.91
22/7/2021,17.69
23/7/2021,17.2
26/7/2021,17.58
27/7/2021,19.36
28/7/2021,18.31
29/7/2021,17.7
30/7/2021,18.24
2/8/2021,19.46
3/8/2021,18.04
4/8/2021,17.97
5/8/2021,17.28
6/8/2021,16.15
9/8/2021,16.72
10/8/2021,16.79
11/8/2021,16.06
12/8/2021,15.59
13/8/2021,15.45
16/8/2021,16.12
17/8/2021,17.91
18/8/2021,21.57
19/8/2021,21.67
20/8/2021,18.56
23/8/2021,17.15
24/8/2021,17.22
25/8/2021,16.79
26/8/2021,18.84
27/8/2021,16.39
30/8/2021,16.19
31/8/2021,16.48
1/9/2021,16.11
2/9/2021,16.41
3/9/2021,16.41
6/9/2021,
7/9/2021,18.14
8/9/2021,17.96
9/9/2021,18.8
10/9/2021,20.95
13/9/2021,19.37
14/9/2021,19.46
15/9/2021,18.18
16/9/2021,18.69
17/9/2021,20.81
20/9/2021,25.71
21/9/2021,24.36
22/9/2021,20.87
23/9/2021,18.63
24/9/2021,17.75
27/9/2021,18.76
28/9/2021,23.25
29/9/2021,22.56
30/9/2021,23.14
1/10/2021,21.15
4/10/2021,22.96
5/10/2021,21.3
6/10/2021,21
7/10/2021,19.54
8/10/2021,18.77
11/10/2021,20
12/10/2021,19.85
13/10/2021,18.64
14/10/2021,16.86
15/10/2021,16.3
18/10/2021,16.31
19/10/2021,15.7
20/10/2021,15.49
21/10/2021,15.01
22/10/2021,15.43
25/10/2021,15.24
26/10/2021,15.98
27/10/2021,16.98
28/10/2021,16.53
29/10/2021,16.26
1/11/2021,16.41
2/11/2021,16.03
3/11/2021,15.1
4/11/2021,15.44
5/11/2021,16.48
8/11/2021,17.22
9/11/2021,17.78
10/11/2021,18.73
11/11/2021,17.66
12/11/2021,16.29
15/11/2021,16.49
16/11/2021,16.37
17/11/2021,17.11
18/11/2021,17.59
19/11/2021,17.91
22/11/2021,19.17
23/11/2021,19.38
24/11/2021,18.58
25/11/2021,
26/11/2021,28.62
29/11/2021,22.96
30/11/2021,27.19
1/12/2021,31.12
2/12/2021,27.95
3/12/2021,30.67
6/12/2021,27.18
7/12/2021,21.89
8/12/2021,19.9
9/12/2021,21.58
10/12/2021,18.69
13/12/2021,20.31
14/12/2021,21.89
15/12/2021,19.29
16/12/2021,20.57
17/12/2021,21.57
20/12/2021,22.87
21/12/2021,21.01
22/12/2021,18.63
23/12/2021,17.96
24/12/2021,
27/12/2021,17.68
28/12/2021,17.54
29/12/2021,16.95
30/12/2021,17.33
31/12/2021,17.22
3/1/2022,16.6
4/1/2022,16.91
5/1/2022,19.73
6/1/2022,19.61
7/1/2022,18.76
10/1/2022,19.4
11/1/2022,18.41
12/1/2022,17.62
13/1/2022,20.31
14/1/2022,19.19
17/1/2022,
18/1/2022,22.79
19/1/2022,23.85
20/1/2022,25.59
21/1/2022,28.85
24/1/2022,29.9
25/1/2022,31.16
26/1/2022,31.96
27/1/2022,30.49
28/1/2022,27.66
31/1/2022,24.83
1/2/2022,21.96
2/2/2022,22.09
3/2/2022,24.35
4/2/2022,23.22
7/2/2022,22.86
8/2/2022,21.44
9/2/2022,19.96
10/2/2022,23.91
11/2/2022,27.36
14/2/2022,28.33
15/2/2022,25.7
16/2/2022,24.29
17/2/2022,28.11
18/2/2022,27.75
21/2/2022,
22/2/2022,28.81
23/2/2022,31.02
24/2/2022,30.32
25/2/2022,27.59
28/2/2022,30.15
1/3/2022,33.32
2/3/2022,30.74
3/3/2022,30.48
4/3/2022,31.98
7/3/2022,36.45
8/3/2022,35.13
9/3/2022,32.45
10/3/2022,30.23
11/3/2022,30.75
14/3/2022,31.77
15/3/2022,29.83
16/3/2022,26.67
17/3/2022,25.67
18/3/2022,23.87
21/3/2022,23.53
22/3/2022,22.94
23/3/2022,23.57
24/3/2022,21.67
25/3/2022,20.81
28/3/2022,19.63
29/3/2022,18.9
30/3/2022,19.33
31/3/2022,20.56
1/4/2022,19.63
4/4/2022,18.57
5/4/2022,21.03
6/4/2022,22.1
7/4/2022,21.55
8/4/2022,21.16
11/4/2022,24.37
12/4/2022,24.26
13/4/2022,21.82
14/4/2022,22.7
15/4/2022,
18/4/2022,22.17
19/4/2022,21.37
20/4/2022,20.32
21/4/2022,22.68
22/4/2022,28.21
25/4/2022,27.02
26/4/2022,33.52
27/4/2022,31.6
28/4/2022,29.99
29/4/2022,33.4
2/5/2022,32.34
3/5/2022,29.25
4/5/2022,25.42
5/5/2022,31.2
6/5/2022,30.19
9/5/2022,34.75
10/5/2022,32.99
11/5/2022,32.56
12/5/2022,31.77
13/5/2022,28.87
16/5/2022,27.47
17/5/2022,26.1
18/5/2022,30.96
19/5/2022,29.35
20/5/2022,29.43
23/5/2022,28.48
24/5/2022,29.45
25/5/2022,28.37
26/5/2022,27.5
27/5/2022,25.72
30/5/2022,26.54
31/5/2022,26.19
1/6/2022,25.69
2/6/2022,24.72
3/6/2022,24.79
6/6/2022,25.07
7/6/2022,24.02
8/6/2022,23.96
9/6/2022,26.09
10/6/2022,27.75
13/6/2022,34.02
14/6/2022,32.69
15/6/2022,29.62
16/6/2022,32.95
17/6/2022,31.13
20/6/2022,31.03
21/6/2022,30.19
22/6/2022,28.95
23/6/2022,29.05
24/6/2022,27.23
27/6/2022,26.95
28/6/2022,28.36
29/6/2022,28.16
30/6/2022,28.71
1/7/2022,26.7
4/7/2022,27.53
5/7/2022,27.54
6/7/2022,26.73
7/7/2022,26.08
8/7/2022,24.64
11/7/2022,26.17
12/7/2022,27.29
13/7/2022,26.82
14/7/2022,26.4
15/7/2022,24.23
18/7/2022,25.3
19/7/2022,24.5
20/7/2022,23.88
21/7/2022,23.11
22/7/2022,23.03
25/7/2022,23.36
26/7/2022,24.69
27/7/2022,23.24
28/7/2022,22.33
29/7/2022,21.33
1/8/2022,22.84
2/8/2022,23.93
3/8/2022,21.95
4/8/2022,21.44
5/8/2022,21.15
8/8/2022,21.29
9/8/2022,21.77
10/8/2022,19.74
11/8/2022,20.2
12/8/2022,19.53
15/8/2022,19.95
16/8/2022,19.69
17/8/2022,19.9
18/8/2022,19.56
19/8/2022,20.6
22/8/2022,23.8
23/8/2022,24.11
24/8/2022,22.82
25/8/2022,21.78
26/8/2022,25.56
29/8/2022,26.21
30/8/2022,26.21
31/8/2022,25.87
1/9/2022,25.56
2/9/2022,25.47
5/9/2022,25.99
6/9/2022,26.91
7/9/2022,24.64
8/9/2022,23.61
9/9/2022,22.79
12/9/2022,23.87
13/9/2022,27.27
14/9/2022,26.16
15/9/2022,26.27
16/9/2022,26.3
19/9/2022,25.76
20/9/2022,27.16
21/9/2022,27.99
22/9/2022,27.35
23/9/2022,29.92
26/9/2022,32.26
27/9/2022,32.6
28/9/2022,30.18
29/9/2022,31.84
30/9/2022,31.62
3/10/2022,30.1
4/10/2022,29.07
5/10/2022,28.55
6/10/2022,30.52
7/10/2022,31.36
10/10/2022,32.45
11/10/2022,33.63
12/10/2022,33.57
13/10/2022,31.94
14/10/2022,32.02
17/10/2022,31.37
18/10/2022,30.5
19/10/2022,30.76
20/10/2022,29.98
21/10/2022,29.69
24/10/2022,29.85
25/10/2022,28.46
26/10/2022,27.28
27/10/2022,27.39
28/10/2022,25.75
31/10/2022,25.88
1/11/2022,25.81
2/11/2022,25.86
3/11/2022,25.3
4/11/2022,24.55
7/11/2022,24.35
8/11/2022,25.54
9/11/2022,26.09
10/11/2022,23.53
11/11/2022,22.52
14/11/2022,23.73
15/11/2022,24.54
16/11/2022,24.11
17/11/2022,23.93
18/11/2022,23.12
21/11/2022,22.36
22/11/2022,21.29
23/11/2022,20.35
24/11/2022,20.42
25/11/2022,20.5
28/11/2022,22.21
29/11/2022,21.89
30/11/2022,20.58
1/12/2022,19.84
2/12/2022,19.06
5/12/2022,20.75
6/12/2022,22.17
7/12/2022,22.68
8/12/2022,22.29
9/12/2022,22.83
12/12/2022,25
13/12/2022,22.55
14/12/2022,21.14
15/12/2022,22.83
16/12/2022,22.62
19/12/2022,22.42
20/12/2022,21.48
21/12/2022,20.07
22/12/2022,21.97
23/12/2022,20.87
26/12/2022,
27/12/2022,21.65
28/12/2022,22.14
29/12/2022,21.44
30/12/2022,21.67
2/1/2023,
3/1/2023,22.9
4/1/2023,22.01
5/1/2023,22.46
6/1/2023,21.13
9/1/2023,21.97
10/1/2023,20.58
11/1/2023,21.09
12/1/2023,18.83
13/1/2023,18.35
16/1/2023,19.49
17/1/2023,19.36
18/1/2023,20.34
19/1/2023,20.52
20/1/2023,19.85
23/1/2023,19.81
24/1/2023,19.2
25/1/2023,19.08
26/1/2023,18.73
27/1/2023,18.51
30/1/2023,19.94
31/1/2023,19.4
1/2/2023,17.87
2/2/2023,18.73
3/2/2023,18.33
6/2/2023,19.43
7/2/2023,18.66
8/2/2023,19.63
9/2/2023,20.71
10/2/2023,20.53
13/2/2023,20.34
14/2/2023,18.91
15/2/2023,18.23
16/2/2023,20.17
17/2/2023,20.02
20/2/2023,21.23
21/2/2023,22.87
22/2/2023,22.29
23/2/2023,21.14
24/2/2023,21.67
27/2/2023,20.95
28/2/2023,20.7
1/3/2023,20.58
2/3/2023,19.59
3/3/2023,18.49
6/3/2023,18.61
7/3/2023,19.59
8/3/2023,19.11
9/3/2023,22.61
10/3/2023,24.8
13/3/2023,26.52
14/3/2023,23.73
15/3/2023,26.14
16/3/2023,22.99
17/3/2023,25.51
20/3/2023,24.15
21/3/2023,21.38
22/3/2023,22.26
23/3/2023,22.61
24/3/2023,21.74
27/3/2023,20.6
28/3/2023,19.97
29/3/2023,19.12
30/3/2023,19.02
31/3/2023,18.7
3/4/2023,18.55
4/4/2023,19
5/4/2023,19.08
6/4/2023,18.4
7/4/2023,
10/4/2023,18.97
11/4/2023,19.1
12/4/2023,19.09
13/4/2023,17.8
14/4/2023,17.07
17/4/2023,16.95
18/4/2023,16.83
19/4/2023,16.46
20/4/2023,17.17
21/4/2023,16.77
24/4/2023,16.89
25/4/2023,18.76
26/4/2023,18.84
27/4/2023,17.03
28/4/2023,15.78
1/5/2023,16.08
2/5/2023,17.78
3/5/2023,18.34
4/5/2023,20.09
5/5/2023,17.19
8/5/2023,16.98
9/5/2023,17.71
10/5/2023,16.94
11/5/2023,16.93
12/5/2023,17.03
15/5/2023,17.12
16/5/2023,17.99
17/5/2023,16.87
18/5/2023,16.05
19/5/2023,16.81
22/5/2023,17.21
23/5/2023,18.53
24/5/2023,20.03
25/5/2023,19.14
26/5/2023,17.95
29/5/2023,17.46
30/5/2023,17.46
31/5/2023,17.94
1/6/2023,15.65
2/6/2023,14.6
5/6/2023,14.73
6/6/2023,13.96
7/6/2023,13.94
8/6/2023,13.65
9/6/2023,13.83
12/6/2023,15.01
13/6/2023,14.61
14/6/2023,13.88
15/6/2023,14.5
16/6/2023,13.54
19/6/2023,14.19
20/6/2023,13.88
21/6/2023,13.2
22/6/2023,12.91
23/6/2023,13.44
26/6/2023,14.25
27/6/2023,13.74
28/6/2023,13.43
29/6/2023,13.54
30/6/2023,13.59
3/7/2023,13.57
4/7/2023,13.7
5/7/2023,14.18
6/7/2023,15.44
7/7/2023,14.83
10/7/2023,15.07
11/7/2023,14.84
12/7/2023,13.54
13/7/2023,13.61
14/7/2023,13.34
17/7/2023,13.48
18/7/2023,13.3
19/7/2023,13.76
20/7/2023,13.99
21/7/2023,13.6
24/7/2023,13.91
25/7/2023,13.86
26/7/2023,13.19
27/7/2023,14.41
28/7/2023,13.33
31/7/2023,13.63
1/8/2023,13.93
2/8/2023,16.09
3/8/2023,15.92
4/8/2023,17.1
7/8/2023,15.77
8/8/2023,15.99
9/8/2023,15.96
10/8/2023,15.85
11/8/2023,14.84
14/8/2023,14.82
15/8/2023,16.46
16/8/2023,16.78
17/8/2023,17.89
18/8/2023,17.3
21/8/2023,17.13
22/8/2023,16.97
23/8/2023,15.98
24/8/2023,17.2
25/8/2023,15.68
28/8/2023,15.08
29/8/2023,14.45
30/8/2023,13.88
31/8/2023,13.57
1/9/2023,13.09
4/9/2023,13.82
5/9/2023,14.01
6/9/2023,14.45
7/9/2023,14.4
8/9/2023,13.84
11/9/2023,13.8
12/9/2023,14.23
13/9/2023,13.48
14/9/2023,12.82
15/9/2023,13.79
18/9/2023,14
19/9/2023,14.11
20/9/2023,15.14
21/9/2023,17.54
22/9/2023,17.2
25/9/2023,16.9
26/9/2023,18.94
27/9/2023,18.22
28/9/2023,17.34
29/9/2023,17.52
2/10/2023,17.61
3/10/2023,19.78
4/10/2023,18.58
5/10/2023,18.49
6/10/2023,17.45
9/10/2023,17.7
10/10/2023,17.03
11/10/2023,16.09
12/10/2023,16.69
13/10/2023,19.32
16/10/2023,17.21
17/10/2023,17.88
18/10/2023,19.22
19/10/2023,21.4
20/10/2023,21.71
23/10/2023,20.37
24/10/2023,18.97
25/10/2023,20.19
26/10/2023,20.68
27/10/2023,21.27
30/10/2023,19.75
31/10/2023,18.14
1/11/2023,16.87
2/11/2023,15.66
3/11/2023,14.91
6/11/2023,14.89
7/11/2023,14.81
8/11/2023,14.45
9/11/2023,15.29
10/11/2023,14.17
13/11/2023,14.76
14/11/2023,14.16
15/11/2023,14.18
16/11/2023,14.32
17/11/2023,13.8
20/11/2023,13.41
21/11/2023,13.35
22/11/2023,12.85
23/11/2023,12.8
24/11/2023,12.46
27/11/2023,12.69
28/11/2023,12.69
29/11/2023,12.98
30/11/2023,12.92
1/12/2023,12.63
4/12/2023,13.08
5/12/2023,12.85
6/12/2023,12.97
7/12/2023,13.06
8/12/2023,12.35
11/12/2023,12.63
12/12/2023,12.07
13/12/2023,12.19
14/12/2023,12.48
15/12/2023,12.28
18/12/2023,12.56
19/12/2023,12.53
20/12/2023,13.67
21/12/2023,13.65
22/12/2023,13.03
25/12/2023,
26/12/2023,12.99
27/12/2023,12.43
28/12/2023,12.47
29/12/2023,12.45
1/1/2024,
2/1/2024,13.2
3/1/2024,14.04
4/1/2024,14.13
5/1/2024,13.35
8/1/2024,13.08
9/1/2024,12.76
10/1/2024,12.69
11/1/2024,12.44
12/1/2024,12.7
15/1/2024,13.25
16/1/2024,13.84
17/1/2024,14.79
18/1/2024,14.13
19/1/2024,13.3
22/1/2024,13.19
23/1/2024,12.55
24/1/2024,13.14
25/1/2024,13.45
26/1/2024,13.26
29/1/2024,13.6
30/1/2024,13.31
31/1/2024,14.35
1/2/2024,13.88
2/2/2024,13.85
5/2/2024,13.67
6/2/2024,13.06
7/2/2024,12.83
8/2/2024,12.79
9/2/2024,12.93
12/2/2024,13.93
13/2/2024,15.85
14/2/2024,14.38
15/2/2024,14.01
16/2/2024,14.24
19/2/2024,14.71
20/2/2024,15.42
21/2/2024,15.34
22/2/2024,14.54
23/2/2024,13.75
26/2/2024,13.74
27/2/2024,13.43
28/2/2024,13.84
29/2/2024,13.4
1/3/2024,13.11
4/3/2024,13.49
5/3/2024,14.46
6/3/2024,14.5
7/3/2024,14.44
8/3/2024,14.74
11/3/2024,15.22
12/3/2024,13.84
13/3/2024,13.75
14/3/2024,14.4
15/3/2024,14.41
18/3/2024,14.33
19/3/2024,13.82
20/3/2024,13.04
21/3/2024,12.92
22/3/2024,13.06
25/3/2024,13.19
26/3/2024,13.24
27/3/2024,12.78
28/3/2024,13.01
29/3/2024,
1/4/2024,13.65
2/4/2024,14.61
3/4/2024,14.33
4/4/2024,16.35
5/4/2024,16.03
8/4/2024,15.19
9/4/2024,14.98
10/4/2024,15.8
11/4/2024,14.91
12/4/2024,17.31
15/4/2024,19.23
16/4/2024,18.4
17/4/2024,18.21
18/4/2024,18
19/4/2024,18.71
22/4/2024,16.94
23/4/2024,15.69
24/4/2024,15.97
25/4/2024,15.37
26/4/2024,15.03
29/4/2024,14.67
30/4/2024,15.65
1/5/2024,15.39
2/5/2024,14.68
3/5/2024,13.49
6/5/2024,13.49
7/5/2024,13.23
8/5/2024,13
9/5/2024,12.69
10/5/2024,12.55
13/5/2024,13.6
14/5/2024,13.42
15/5/2024,12.45
16/5/2024,12.42
17/5/2024,11.99
20/5/2024,12.15
21/5/2024,11.86
22/5/2024,12.29
23/5/2024,12.77
24/5/2024,11.93
27/5/2024,12.36
28/5/2024,12.92
29/5/2024,14.28
30/5/2024,14.47
31/5/2024,12.92
3/6/2024,13.11
4/6/2024,13.16
5/6/2024,12.63
6/6/2024,12.58
7/6/2024,12.22
10/6/2024,12.74
11/6/2024,12.85
12/6/2024,12.04
13/6/2024,11.94
14/6/2024,12.66
17/6/2024,12.75
18/6/2024,12.3
19/6/2024,12.48
20/6/2024,13.28
21/6/2024,13.2
24/6/2024,13.33
25/6/2024,12.84
26/6/2024,12.55
27/6/2024,12.24
28/6/2024,12.44
1/7/2024,12.22
2/7/2024,12.03
3/7/2024,12.09
4/7/2024,12.26
5/7/2024,12.48
8/7/2024,12.37
9/7/2024,12.51
10/7/2024,12.85
11/7/2024,12.92
12/7/2024,12.46
15/7/2024,13.12
16/7/2024,13.19
17/7/2024,14.48
18/7/2024,15.93
19/7/2024,16.52
22/7/2024,14.91
23/7/2024,14.72
24/7/2024,18.04
25/7/2024,18.46
26/7/2024,16.39
29/7/2024,16.6
30/7/2024,17.69
31/7/2024,16.36
1/8/2024,18.59
2/8/2024,23.39
5/8/2024,38.57
6/8/2024,27.71
7/8/2024,27.85
8/8/2024,23.79
9/8/2024,20.37
12/8/2024,20.71
13/8/2024,18.12
14/8/2024,16.19
15/8/2024,15.23
16/8/2024,14.8
19/8/2024,14.65
20/8/2024,15.88
21/8/2024,16.27
22/8/2024,17.55
23/8/2024,15.86
26/8/2024,16.15
27/8/2024,15.43
28/8/2024,17.11
29/8/2024,15.65
30/8/2024,15
2/9/2024,15.55
3/9/2024,20.72
4/9/2024,21.32
5/9/2024,19.9
6/9/2024,22.38
9/9/2024,19.45
10/9/2024,19.08
11/9/2024,17.69
12/9/2024,17.07
13/9/2024,16.56
16/9/2024,17.14
17/9/2024,17.61
18/9/2024,18.23
19/9/2024,16.33
20/9/2024,16.15
23/9/2024,15.89
24/9/2024,15.39
25/9/2024,15.41
26/9/2024,15.37
27/9/2024,16.96
30/9/2024,16.73
1/10/2024,19.26
2/10/2024,18.9
3/10/2024,20.49
4/10/2024,19.21
7/10/2024,22.64
8/10/2024,21.42
9/10/2024,20.86
10/10/2024,20.93
11/10/2024,20.46
14/10/2024,19.7
15/10/2024,20.64
16/10/2024,19.58
17/10/2024,19.11
18/10/2024,18.03
21/10/2024,18.37
22/10/2024,18.2
23/10/2024,19.24
24/10/2024,19.08
25/10/2024,20.33
28/10/2024,19.8
29/10/2024,19.34
30/10/2024,20.35
31/10/2024,23.16
1/11/2024,21.88
4/11/2024,21.98
5/11/2024,20.49
6/11/2024,16.27
7/11/2024,15.2
8/11/2024,14.94
11/11/2024,14.97
12/11/2024,14.71
13/11/2024,14.02
14/11/2024,14.31
15/11/2024,16.14
18/11/2024,15.58
19/11/2024,16.35
20/11/2024,17.16
21/11/2024,16.87
22/11/2024,15.24
25/11/2024,14.6
26/11/2024,14.1
27/11/2024,14.1
28/11/2024,13.9
29/11/2024,13.51
2/12/2024,13.34
3/12/2024,13.3
4/12/2024,13.45
5/12/2024,13.54
6/12/2024,12.77
9/12/2024,14.19
10/12/2024,14.18
11/12/2024,13.58
12/12/2024,13.92
13/12/2024,13.81
16/12/2024,14.69
17/12/2024,15.87
18/12/2024,27.62
19/12/2024,24.09
20/12/2024,18.36
23/12/2024,16.78
24/12/2024,14.27
25/12/2024,
26/12/2024,14.73
27/12/2024,15.95
30/12/2024,17.4
31/12/2024,17.35
1/1/2025,
2/1/2025,17.93
3/1/2025,16.13
6/1/2025,16.04
7/1/2025,17.82
8/1/2025,17.7
9/1/2025,18.07
10/1/2025,19.54
13/1/2025,19.19
14/1/2025,18.71
15/1/2025,16.12
16/1/2025,16.6
17/1/2025,15.97
20/1/2025,15.81
21/1/2025,15.06
22/1/2025,15.1
23/1/2025,15.02
24/1/2025,14.85
27/1/2025,17.9
28/1/2025,16.41
29/1/2025,16.56
30/1/2025,15.84
31/1/2025,16.43
3/2/2025,18.62
4/2/2025,17.21
5/2/2025,15.77
6/2/2025,15.5
7/2/2025,16.54
10/2/2025,15.81
11/2/2025,16.02
12/2/2025,15.89
13/2/2025,15.1
14/2/2025,14.77
17/2/2025,15.37
18/2/2025,15.35
19/2/2025,15.27
20/2/2025,15.66
21/2/2025,18.21
24/2/2025,18.98
25/2/2025,19.43
26/2/2025,19.1
27/2/2025,21.13
28/2/2025,19.63
3/3/2025,22.78
4/3/2025,23.51
5/3/2025,21.93
6/3/2025,24.87
7/3/2025,23.37
10/3/2025,27.86
11/3/2025,26.92
12/3/2025,24.23
13/3/2025,24.66
14/3/2025,21.77
17/3/2025,20.51
18/3/2025,21.7
19/3/2025,19.9
20/3/2025,19.8
21/3/2025,19.28
24/3/2025,17.48
25/3/2025,17.15
26/3/2025,18.33
27/3/2025,18.69
28/3/2025,21.65
31/3/2025,22.28
1/4/2025,21.77
2/4/2025,21.51
3/4/2025,30.02
4/4/2025,45.31
7/4/2025,46.98
8/4/2025,52.33
9/4/2025,33.62
10/4/2025,40.72
11/4/2025,37.56
14/4/2025,30.89
15/4/2025,30.12
16/4/2025,32.64
17/4/2025,29.65
18/4/2025,
21/4/2025,33.82
22/4/2025,30.57
23/4/2025,28.45
24/4/2025,26.47
25/4/2025,24.84
28/4/2025,25.15
29/4/2025,24.17
30/4/2025,24.7
1/5/2025,24.6
2/5/2025,22.68
5/5/2025,23.64
6/5/2025,24.76
7/5/2025,23.55
8/5/2025,22.48
9/5/2025,21.9
12/5/2025,18.39
13/5/2025,18.22
14/5/2025,18.62
15/5/2025,17.83
16/5/2025,17.24
19/5/2025,18.14
20/5/2025,18.09
21/5/2025,20.87
22/5/2025,20.28
23/5/2025,22.29
26/5/2025,20.57
27/5/2025,18.96
28/5/2025,19.31
29/5/2025,19.18
30/5/2025,18.57
2/6/2025,18.36
3/6/2025,17.69
4/6/2025,17.61
5/6/2025,18.48
6/6/2025,16.77
9/6/2025,17.16
10/6/2025,16.95
11/6/2025,17.26
12/6/2025,18.02
13/6/2025,20.82
16/6/2025,19.11
17/6/2025,21.6
18/6/2025,20.14
19/6/2025,22.17
20/6/2025,20.62
23/6/2025,19.83
24/6/2025,17.48
25/6/2025,16.76
26/6/2025,16.59
27/6/2025,16.32
30/6/2025,16.73
1/7/2025,16.83
2/7/2025,16.64
3/7/2025,16.38
4/7/2025,17.48
7/7/2025,17.79
8/7/2025,16.81
9/7/2025,15.94
10/7/2025,15.78
11/7/2025,16.4
14/7/2025,17.2
15/7/2025,17.38
16/7/2025,17.16
17/7/2025,16.52
18/7/2025,16.41
21/7/2025,16.65
22/7/2025,16.5
23/7/2025,15.37
24/7/2025,15.39
25/7/2025,14.93
28/7/2025,15.03
29/7/2025,15.98
30/7/2025,15.48
31/7/2025,16.72
1/8/2025,20.38
4/8/2025,17.52
5/8/2025,17.85
6/8/2025,16.77
7/8/2025,16.57
8/8/2025,15.15
11/8/2025,16.25
12/8/2025,14.73
13/8/2025,14.49
14/8/2025,14.83
15/8/2025,15.09
18/8/2025,14.99
19/8/2025,15.57
20/8/2025,15.69
21/8/2025,16.6
22/8/2025,14.22
25/8/2025,14.79
26/8/2025,14.62
27/8/2025,14.85
28/8/2025,14.43
29/8/2025,15.36
1/9/2025,16.12
2/9/2025,17.17
3/9/2025,16.35
4/9/2025,15.3
5/9/2025,15.18
8/9/2025,15.11
9/9/2025,15.04
10/9/2025,15.35
11/9/2025,14.71
12/9/2025,14.76
15/9/2025,15.69
16/9/2025,16.36
17/9/2025,15.72
18/9/2025,15.7
19/9/2025,15.45
22/9/2025,16.1
23/9/2025,16.64
24/9/2025,16.18
25/9/2025,16.74
26/9/2025,15.29
29/9/2025,16.12
30/9/2025,16.28
1/10/2025,16.29
2/10/2025,16.63
3/10/2025,16.65
6/10/2025,16.37
7/10/2025,17.24
8/10/2025,16.3
9/10/2025,16.43
10/10/2025,21.66
13/10/2025,19.03
14/10/2025,20.81
15/10/2025,20.64
16/10/2025,25.31
17/10/2025,20.78
20/10/2025,18.23
21/10/2025,17.87
22/10/2025,18.6
23/10/2025,17.3
24/10/2025,16.37
27/10/2025,15.79
28/10/2025,16.42
29/10/2025,16.92
30/10/2025,16.91
31/10/2025,17.44
3/11/2025,17.17
4/11/2025,19
5/11/2025,18.01
6/11/2025,19.5
7/11/2025,19.08
10/11/2025,17.6
11/11/2025,17.28
12/11/2025,17.51
13/11/2025,20
14/11/2025,19.83
17/11/2025,22.38
18/11/2025,24.69
19/11/2025,23.66
20/11/2025,26.42
21/11/2025,23.43
24/11/2025,20.52
25/11/2025,18.56
26/11/2025,17.19
27/11/2025,17.21
28/11/2025,16.35
1/12/2025,17.24
2/12/2025,16.59
3/12/2025,16.08
4/12/2025,15.78
5/12/2025,15.41
8/12/2025,16.66
9/12/2025,16.93
10/12/2025,15.77
11/12/2025,14.85
12/12/2025,15.74
15/12/2025,16.5
16/12/2025,16.48
17/12/2025,17.62
18/12/2025,16.87
19/12/2025,14.91
22/12/2025,14.08
23/12/2025,14
24/12/2025,13.47
25/12/2025,
26/12/2025,13.6
29/12/2025,14.2
30/12/2025,14.33
31/12/2025,14.95
1/1/2026,
2/1/2026,14.51
5/1/2026,14.9
6/1/2026,14.75
7/1/2026,15.38
8/1/2026,15.45
9/1/2026,14.49
12/1/2026,15.12
13/1/2026,15.98
14/1/2026,16.75
15/1/2026,15.84
16/1/2026,15.86
19/1/2026,18.84
20/1/2026,20.09
21/1/2026,16.9
22/1/2026,15.64
23/1/2026,16.09
26/1/2026,16.15
27/1/2026,16.35
28/1/2026,16.35
29/1/2026,16.88
30/1/2026,17.44
2/2/2026,16.34
3/2/2026,18
4/2/2026,18.64
5/2/2026,21.77
6/2/2026,17.76
9/2/2026,17.36
10/2/2026,17.79
11/2/2026,17.65
12/2/2026,20.82
13/2/2026,20.6
16/2/2026,21.2
17/2/2026,20.29
18/2/2026,19.62
19/2/2026,20.23
20/2/2026,19.09
23/2/2026,21.01
24/2/2026,19.55
25/2/2026,17.93
26/2/2026,18.63
27/2/2026,19.86
2/3/2026,21.44
3/3/2026,23.57
4/3/2026,21.15
5/3/2026,23.75
6/3/2026,29.49
9/3/2026,25.5
10/3/2026,24.93
11/3/2026,24.23
12/3/2026,27.29
13/3/2026,27.19
16/3/2026,23.51
17/3/2026,22.37
18/3/2026,25.09
19/3/2026,24.06
20/3/2026,26.78
23/3/2026,26.15
24/3/2026,26.95
25/3/2026,25.33
26/3/2026,27.44
27/3/2026,31.05
30/3/2026,30.61
31/3/2026,25.25
1/4/2026,24.54
2/4/2026,23.87
3/4/2026,
6/4/2026,24.17
7/4/2026,25.78
8/4/2026,21.04
9/4/2026,19.49
10/4/2026,19.23
13/4/2026,19.12
14/4/2026,18.36
15/4/2026,18.17
16/4/2026,17.94
17/4/2026,17.48
20/4/2026,18.87
21/4/2026,19.5
22/4/2026,18.92
23/4/2026,19.31
24/4/2026,18.71
27/4/2026,18.02
28/4/2026,17.83
29/4/2026,18.81
30/4/2026,16.89
1/5/2026,16.99
4/5/2026,18.29
5/5/2026,17.38
6/5/2026,17.39
7/5/2026,17.08
8/5/2026,17.19
11/5/2026,18.38
12/5/2026,17.99
13/5/2026,17.87
14/5/2026,17.26
15/5/2026,18.43
18/5/2026,17.82
19/5/2026,18.06
20/5/2026,17.44
21/5/2026,16.76
22/5/2026,16.7
25/5/2026,16.59
26/5/2026,17.01
27/5/2026,16.29
28/5/2026,15.74
29/5/2026,15.32
1/6/2026,16.05
2/6/2026,15.77
3/6/2026,16.06
4/6/2026,15.4
5/6/2026,21.51
8/6/2026,18.92
9/6/2026,19.87
10/6/2026,22.22
11/6/2026,19.44
12/6/2026,17.68
15/6/2026,16.2
16/6/2026,16.41
17/6/2026,18.44
18/6/2026,16.4
19/6/2026,16.78
22/6/2026,17.28
23/6/2026,19.49
24/6/2026,18.63
25/6/2026,18.89
26/6/2026,18.41
29/6/2026,17.65
30/6/2026,16.45
1/7/2026,16.59
2/7/2026,16.15
3/7/2026,15.81
6/7/2026,15.57
7/7/2026,16.13
8/7/2026,16.9
9/7/2026,15.84
10/7/2026,15.03
13/7/2026,17.16
14/7/2026,16.5
15/7/2026,15.67
16/7/2026,16.73
17/7/2026,18.77
20/7/2026,18.65
21/7/2026,17.05
22/7/2026,16.64
23/7/2026,18.7
